{"type":"FeatureCollection","meta":{"origin":{"lat":41.899258333333336,"lon":-87.63914999999999},"generated":"2026-08-03T21:29:19.842Z","bboxes":[[41.88886280079609,-87.64535510473499,41.91178719920391,-87.62444489526501],[41.87846280079609,-87.67025510473499,41.89293719920391,-87.65094489526501]],"schemaVersion":2},"features":[{"type":"Feature","properties":{"osmId":28293211,"height":58.6,"minHeight":0,"levels":18,"name":"Merchandise Mart"},"geometry":{"type":"Polygon","coordinates":[[[311.6,-1234.7],[240.1,-1236.4],[220.8,-1203.5],[219.7,-1201.4],[192.9,-1151.6],[192.7,-1144.3],[197.8,-1139.1],[408,-1134.7],[413.1,-1139.5],[414.6,-1228.6],[409.8,-1233.8],[402.2,-1234],[400.9,-1233],[336.1,-1234],[335,-1235.4],[312.9,-1236]]]}},{"type":"Feature","properties":{"osmId":31064552,"height":65,"minHeight":0,"levels":20,"name":"900 North Michigan"},"geometry":{"type":"Polygon","coordinates":[[[1091.8,4],[1031.6,2.9],[1009,67.3],[1068.9,68.7],[1069.5,67.1],[1073,67.2],[1076.4,67.3],[1076.4,68.4],[1155.6,70.4],[1155.6,69.2],[1162.6,69.4],[1162.5,70.7],[1224.7,72],[1226,6.8],[1206.7,6.4],[1206.7,7.5],[1201.3,7.4],[1201.3,6.4],[1157.3,6.3],[1157.4,5.5],[1137.6,5.1],[1137.4,14],[1137.4,18.1],[1123.9,17.8],[1122,24],[1091.3,23.6],[1088.2,22.5],[1085.5,21.5],[1086.1,19.9]]]}},{"type":"Feature","properties":{"osmId":31065736,"height":23.4,"minHeight":0,"levels":7,"name":"Clybourn 1200"},"geometry":{"type":"Polygon","coordinates":[[[-84.9,510.3],[-83.5,519.1],[-79,526.3],[-123.6,568.7],[-136.3,555.4],[-114.2,534.5],[-116.8,528],[-154.2,527],[-153.8,508.9]]]}},{"type":"Feature","properties":{"osmId":64594680,"height":60,"minHeight":0,"levels":18,"name":"Trump International Hotel & Tower Chicago"},"geometry":{"type":"Polygon","coordinates":[[[1013.6,-1170.2],[1013.3,-1158.1],[1013.2,-1154.8],[1053.7,-1116],[1068.1,-1103.1],[1070.3,-1101.6],[1078.3,-1100.8],[1085.1,-1104.8],[1086.6,-1106.8],[1087.5,-1108.9],[1087.9,-1111.5],[1088.4,-1125.4],[1090.1,-1126.7],[1090.2,-1141],[1066.3,-1163.2],[1033.1,-1194.2],[1025.3,-1195.4],[1019.9,-1193.2],[1018.2,-1191.3],[1015.5,-1186.9],[1014.7,-1171.3]]]}},{"type":"Feature","properties":{"osmId":64596068,"height":211.8,"minHeight":0,"levels":52,"name":"330 North Wabash"},"geometry":{"type":"Polygon","coordinates":[[[937.5,-1131.2],[974.7,-1130.3],[977.3,-1213],[940,-1214]]]}},{"type":"Feature","properties":{"osmId":75684995,"height":116.2,"minHeight":0,"levels":36,"name":"The Chicagoan"},"geometry":{"type":"Polygon","coordinates":[[[1076.5,-297.1],[1076.9,-325],[1077.1,-337.9],[1119.6,-337],[1119.1,-307.3],[1118.3,-303.7],[1116.6,-300.8],[1114.3,-298.8],[1111.4,-297.1],[1107.7,-296.3]]]}},{"type":"Feature","properties":{"osmId":75684996,"height":87.4,"minHeight":0,"levels":27,"name":"The Bernardin"},"geometry":{"type":"Polygon","coordinates":[[[1031.5,-339.1],[1073.7,-338.7],[1072.8,-297.9],[1031.1,-298.6]]]}},{"type":"Feature","properties":{"osmId":130147025,"height":55.4,"minHeight":0,"name":"Chicago Water Tower"},"geometry":{"type":"Polygon","coordinates":[[[1211.6,-223.4],[1213.3,-224.2],[1226.1,-223.3],[1225.9,-236.3],[1226.7,-238],[1224.9,-237.2],[1211.9,-238.2],[1212.7,-236.6]]]}},{"type":"Feature","properties":{"osmId":143758386,"height":183.4,"minHeight":0,"levels":57,"name":"One Magnificent Mile"},"geometry":{"type":"Polygon","coordinates":[[[1160.6,158],[1213.4,159],[1222.7,150],[1223.1,131.6],[1214.9,122.3],[1223.6,113.3],[1223.8,94.8],[1192.2,94.1],[1189.2,94.1],[1188.3,124.1],[1188.9,126.4],[1188,127.7],[1180.5,127.6],[1180.3,131.1],[1167.6,130.9],[1161.3,138]]]}},{"type":"Feature","properties":{"osmId":143830547,"height":257,"minHeight":0,"levels":67,"name":"Park Tower"},"geometry":{"type":"Polygon","coordinates":[[[1161.1,-216.4],[1161.2,-226.5],[1171.8,-227.9],[1172.8,-264.3],[1146.7,-264.8],[1127.3,-265.1],[1110.5,-217.6]]]}},{"type":"Feature","properties":{"osmId":143834539,"height":179,"minHeight":0,"name":"The Clare at Water Tower"},"geometry":{"type":"Polygon","coordinates":[[[1028.7,-236.1],[1027.9,-199.8],[1066.8,-199.2],[1070.7,-199.3],[1074.3,-199.9],[1077.9,-200.6],[1086.6,-207.2],[1088.2,-209.9],[1089.8,-213.5],[1098.8,-239.8],[1063.8,-240.4],[1063.7,-235.5]]]}},{"type":"Feature","properties":{"osmId":144015975,"height":65,"minHeight":0,"levels":20,"name":"The Whitehall Hotel"},"geometry":{"type":"Polygon","coordinates":[[[1091.9,-20.4],[1123.4,-19.8],[1126.7,-29.3],[1130.9,-42.6],[1126.9,-44.1],[1113.4,-44.2],[1113.4,-45.6],[1101,-45.9]]]}},{"type":"Feature","properties":{"osmId":144015980,"height":49,"minHeight":0,"levels":15,"name":"Selina Hotel Chicago"},"geometry":{"type":"Polygon","coordinates":[[[1135,-85],[1135.3,-85.7],[1115,-86.1],[1107.7,-65.2],[1115,-65],[1122.7,-64.8],[1125.7,-72.9],[1130,-71.4]]]}},{"type":"Feature","properties":{"osmId":144015987,"height":135.4,"minHeight":0,"levels":42,"name":"The Bristol"},"geometry":{"type":"Polygon","coordinates":[[[1053.3,-57.9],[1040.5,-21.7],[1085.6,-21.1],[1098,-55.5],[1086.5,-57.3]]]}},{"type":"Feature","properties":{"osmId":144015991,"height":77.8,"minHeight":0,"levels":24},"geometry":{"type":"Polygon","coordinates":[[[977.2,-113.7],[1002.4,-113.1],[1002.9,-132.8],[977.7,-133.4]]]}},{"type":"Feature","properties":{"osmId":144015994,"height":151,"minHeight":0,"levels":40,"name":"50 East Chestnut"},"geometry":{"type":"Polygon","coordinates":[[[1093.6,-86.5],[1091.9,-81.6],[1086.5,-65],[1088,-64.9],[1088,-63.9],[1098.8,-63.7],[1098.6,-57.3],[1086.5,-57.3],[1053.3,-57.9],[1061.7,-82.1],[1063.6,-82.1],[1062.1,-87.5],[1067.6,-88.9],[1071.3,-89.3],[1081.7,-89.3]]]}},{"type":"Feature","properties":{"osmId":144015996,"height":33,"minHeight":0,"levels":10,"name":"The Newberry Library"},"geometry":{"type":"Polygon","coordinates":[[[677,100.1],[666.4,99.9],[666.1,125.8],[667.1,125.8],[665.9,126.9],[666,128.4],[666.8,129.5],[668.5,130],[669.9,129.4],[670.6,128.2],[670.4,126.9],[669.6,125.8],[698.5,126.3],[698.5,125.2],[699.2,126],[700.6,126.2],[701.6,125.5],[701.7,124],[700.9,122.7],[699.4,122.6],[698.7,123.5],[698.9,105.2],[706.2,105.3],[706.3,99.9],[733.1,100.3],[753.5,109.1],[753.7,95],[756.3,95.1],[756.7,71.4],[736.8,71],[736.6,74.2],[720.9,73.9],[721,70.9],[698.1,70.6],[698,73.3],[682.4,73.1],[682.5,70.3],[662.4,69.9],[662,93.4],[677.2,93.7]]]}},{"type":"Feature","properties":{"osmId":144016002,"height":106,"minHeight":0,"levels":33,"name":"Sofitel Chicago Magnificent Mile"},"geometry":{"type":"Polygon","coordinates":[[[1002.9,-61.4],[1002.7,-37.5],[965.7,-38.3],[957.9,-38.5],[958.6,-89.7],[984,-88.8],[983.5,-86.6],[983.7,-84.3],[985.2,-82.9],[987.4,-81.4],[990.1,-80.4],[993.3,-79.6],[996.7,-79.4],[1003,-87.1]]]}},{"type":"Feature","properties":{"osmId":144016003,"height":39.4,"minHeight":0,"levels":12,"name":"America-Fore Building"},"geometry":{"type":"Polygon","coordinates":[[[1024.5,-112.3],[1026.3,-177.3],[1074.1,-176.7],[1074.6,-175.2],[1058.7,-131.3],[1051.6,-111.7]]]}},{"type":"Feature","properties":{"osmId":144016007,"height":49,"minHeight":0,"levels":15,"name":"Lewis Towers"},"geometry":{"type":"Polygon","coordinates":[[[1103.7,-199.5],[1171.7,-198.3],[1172.2,-216.3],[1110.5,-217.6]]]}},{"type":"Feature","properties":{"osmId":144016013,"height":52.2,"minHeight":0,"levels":16,"name":"Delaware Towers"},"geometry":{"type":"Polygon","coordinates":[[[957.9,-38.5],[957.5,-23.3],[1002.4,-22.1],[1002.7,-37.5],[965.7,-38.3]]]}},{"type":"Feature","properties":{"osmId":144020993,"height":138.6,"minHeight":0,"levels":43,"name":"The Walton Residence"},"geometry":{"type":"Polygon","coordinates":[[[1124.5,122.7],[1124.9,103.2],[1127.9,103.3],[1130.8,103.3],[1130.7,105.9],[1132.8,105.9],[1133,91.9],[1189.3,93.1],[1189.2,94.1],[1188.3,124.1]]]}},{"type":"Feature","properties":{"osmId":144124760,"height":52.2,"minHeight":0,"levels":16},"geometry":{"type":"Polygon","coordinates":[[[978.8,0.6],[978.5,14.9],[978.4,19.7],[985.8,19.8],[985.5,31.7],[1003,32.1],[1003.6,1.1]]]}},{"type":"Feature","properties":{"osmId":144124763,"height":126,"minHeight":0,"levels":35},"geometry":{"type":"Polygon","coordinates":[[[954.7,0.4],[912.2,-0.3],[911.7,28.8],[954.1,29.6],[954.5,14]]]}},{"type":"Feature","properties":{"osmId":144124764,"height":65,"minHeight":0,"levels":20,"name":"Michigan Place"},"geometry":{"type":"Polygon","coordinates":[[[1098.5,4.2],[1091.3,23.6],[1122,24],[1123.9,17.8],[1137.4,18.1],[1137.4,14],[1137.6,5.1]]]}},{"type":"Feature","properties":{"osmId":144124765,"height":52.2,"minHeight":0,"levels":16,"name":"The Talbott Hotel"},"geometry":{"type":"Polygon","coordinates":[[[954.7,0.4],[954.5,14],[957.5,14.1],[957.3,29.1],[974.8,29.6],[975.2,14.8],[978.5,14.9],[978.8,0.6]]]}},{"type":"Feature","properties":{"osmId":144124767,"height":84.2,"minHeight":0,"levels":26,"name":"Baumhart Hall"},"geometry":{"type":"Polygon","coordinates":[[[1003.2,-140.2],[1005,-179.1],[972.7,-179.2],[972.1,-146.2],[971.9,-140.4]]]}},{"type":"Feature","properties":{"osmId":144126594,"height":167.4,"minHeight":0,"levels":52},"geometry":{"type":"Polygon","coordinates":[[[794.8,-409.4],[887.3,-407.6],[887.3,-413.8],[893.9,-413.9],[894.2,-421.6],[875.4,-421.9],[873.8,-422.8],[873.7,-426],[872.9,-427],[873.7,-455.7],[843.8,-456.2],[843.3,-440.5],[819.3,-440.6],[818.9,-429.4],[811.7,-429.5],[811.6,-428.1],[804.9,-428.6],[803.8,-427.2],[802.7,-423.4],[794.8,-423.6]]]}},{"type":"Feature","properties":{"osmId":144126597,"height":130,"minHeight":0,"levels":30,"name":"American Medical Association"},"geometry":{"type":"Polygon","coordinates":[[[938.3,-849.1],[1018.9,-847.7],[1019.4,-881.6],[1013.1,-881.8],[945.3,-883.7],[944.8,-855.6]]]}},{"type":"Feature","properties":{"osmId":144153224,"height":49,"minHeight":0,"levels":15,"name":"Loyola University Tower"},"geometry":{"type":"Polygon","coordinates":[[[970.7,-203.6],[1006.5,-202.8],[1008.4,-266.1],[988.9,-266.7],[988.4,-240.4],[988.3,-229.7],[970.7,-229.9]]]}},{"type":"Feature","properties":{"osmId":149509955,"height":111,"minHeight":0,"levels":34,"name":"Kinzie Park Tower"},"geometry":{"type":"Polygon","coordinates":[[[-278.4,-913.8],[-288.6,-915.2],[-291.6,-894.5],[-220.5,-885.9],[-219.6,-892.6],[-216.5,-914.5],[-221.8,-915.3],[-221.1,-920.6],[-232.9,-922.1],[-230.9,-924.1],[-240.6,-930],[-239.5,-931.9],[-253.8,-935.5],[-253.4,-937.5],[-258.4,-938],[-263.2,-937.6],[-267.4,-936.3],[-268,-938.3],[-272.7,-937.4],[-276.7,-936],[-279.4,-934.2],[-277.1,-923.8]]]}},{"type":"Feature","properties":{"osmId":151974818,"height":128,"minHeight":0,"levels":36,"name":"444 North Michigan"},"geometry":{"type":"Polygon","coordinates":[[[1220.5,-933.8],[1221.1,-958.8],[1210.2,-959.1],[1159.4,-960.5],[1158.8,-935.5],[1220.1,-933.8]]]}},{"type":"Feature","properties":{"osmId":153291613,"height":68.2,"minHeight":0,"levels":21,"name":"Chicago Fire Department Engine Company 42"},"geometry":{"type":"Polygon","coordinates":[[[774.6,-976.9],[739.4,-977.6],[739.3,-974.6],[739.1,-962.8],[732.1,-962.9],[731.8,-946.8],[738.5,-946.6],[738.4,-945.2],[738.4,-943.4],[773.9,-942.7]]]}},{"type":"Feature","properties":{"osmId":153291614,"height":20.2,"minHeight":0,"levels":6,"name":"Maggiano's Little Italy"},"geometry":{"type":"Polygon","coordinates":[[[653.5,-885.2],[621.8,-885.9],[620.9,-854.4],[652.3,-853.6]]]}},{"type":"Feature","properties":{"osmId":153291615,"height":157.8,"minHeight":0,"levels":49,"name":"Plaza 440"},"geometry":{"type":"Polygon","coordinates":[[[932,-1003.8],[930.2,-938.1],[947.3,-937.7],[959.9,-937.5],[961,-967.5],[961.5,-973.3],[976.4,-973.2],[976.9,-974.9],[993.2,-975.8],[1011.8,-973.5],[1011.7,-976.1],[1011.6,-977.9],[1014.6,-977.9],[1014.2,-981.1],[1013.7,-984.8],[1014.6,-987.2],[1013.5,-990],[1014.5,-994.1],[1015.2,-997.1],[1012.4,-997],[1012.4,-999.3],[1012.3,-1001.4],[1001.6,-1000.7],[988.2,-1000.7],[977,-1002.2],[976.8,-1000.9],[974.5,-1001.2],[974.7,-1003]]]}},{"type":"Feature","properties":{"osmId":153291616,"height":42.6,"minHeight":0,"levels":13,"name":"Fairfield Inn & Suites Chicago Downtown/River North"},"geometry":{"type":"Polygon","coordinates":[[[744.9,-918.8],[744.1,-882.2],[773.3,-881.8],[774.7,-918.4]]]}},{"type":"Feature","properties":{"osmId":153291617,"height":58.6,"minHeight":0,"levels":18},"geometry":{"type":"Polygon","coordinates":[[[678.7,-919.8],[677.5,-854.1],[705,-853.6],[705.6,-900.3],[709,-900.3],[714.1,-900.1],[714,-891.6],[733.7,-891.1],[734.3,-907.9],[738.8,-907.9],[739,-918.9],[709.4,-919.3]]]}},{"type":"Feature","properties":{"osmId":153291619,"height":20.2,"minHeight":0,"levels":6},"geometry":{"type":"Polygon","coordinates":[[[961,-967.5],[959.9,-937.5],[975.3,-937.3],[976.7,-967.4]]]}},{"type":"Feature","properties":{"osmId":153291621,"height":23.4,"minHeight":0,"levels":7,"name":"Boylston Building"},"geometry":{"type":"Polygon","coordinates":[[[604.8,-922.1],[579.6,-922.5],[579,-891.2],[604.3,-890.8]]]}},{"type":"Feature","properties":{"osmId":153291622,"height":20.2,"minHeight":0,"levels":6},"geometry":{"type":"Polygon","coordinates":[[[991.5,-967.2],[990.9,-936.8],[1021.1,-935.8],[1021.6,-935.8],[1022.3,-966.6]]]}},{"type":"Feature","properties":{"osmId":153291624,"height":55.4,"minHeight":0,"levels":17,"name":"Kinzie Hotel"},"geometry":{"type":"Polygon","coordinates":[[[810.5,-1065.9],[885.8,-1064],[886.6,-1094.1],[819.2,-1095.8],[816.1,-1095.3],[813.4,-1094],[811.8,-1091.9],[811,-1089]]]}},{"type":"Feature","properties":{"osmId":153291630,"height":26.6,"minHeight":0,"levels":8},"geometry":{"type":"Polygon","coordinates":[[[711.6,-884.5],[711.2,-853.8],[741.9,-853.4],[742.3,-884.1]]]}},{"type":"Feature","properties":{"osmId":153291635,"height":29.8,"minHeight":0,"levels":9,"name":"AT&T"},"geometry":{"type":"Polygon","coordinates":[[[799.8,-917.9],[799.1,-888],[854.4,-887],[854.8,-915.2],[854.9,-917]]]}},{"type":"Feature","properties":{"osmId":153291636,"height":39.4,"minHeight":0,"levels":12,"name":"Hampton Inn & Suites Chicago - Downtown"},"geometry":{"type":"Polygon","coordinates":[[[800.6,-970.8],[800.3,-940.3],[848.4,-939.1],[848.9,-970]]]}},{"type":"Feature","properties":{"osmId":153320968,"height":87.4,"minHeight":0,"levels":27},"geometry":{"type":"Polygon","coordinates":[[[750.1,-1029.6],[777.9,-1029.5],[779.7,-1096.4],[759.4,-1096.7],[758.6,-1065.7],[750.9,-1065.8],[750.8,-1061.2]]]}},{"type":"Feature","properties":{"osmId":153320981,"height":39.4,"minHeight":0,"levels":12,"name":"Realtor Building"},"geometry":{"type":"Polygon","coordinates":[[[1169.5,-998.6],[1169.2,-968.6],[1210.4,-967.5],[1221.7,-967.2],[1222.4,-985.3],[1222.8,-997.4]]]}},{"type":"Feature","properties":{"osmId":153320986,"height":182,"minHeight":0,"levels":44,"name":"353 North Clark"},"geometry":{"type":"Polygon","coordinates":[[[714.1,-1126.5],[714.1,-1122.6],[717.7,-1122.4],[717.7,-1121.6],[754.4,-1120.6],[777.3,-1121.6],[778.7,-1156.3],[777.9,-1156.3],[777.9,-1158.1],[777.9,-1160.8],[755.2,-1162.7],[728.2,-1163.3],[714.8,-1161.7],[713.6,-1147.2],[713.2,-1126.5]]]}},{"type":"Feature","properties":{"osmId":153320987,"height":81,"minHeight":0,"levels":25,"name":"500 North Michigan"},"geometry":{"type":"Polygon","coordinates":[[[1173.9,-909.6],[1219.6,-908.5],[1220,-908.5],[1219.1,-878.9],[1173.1,-879.9],[1173.7,-903.4]]]}},{"type":"Feature","properties":{"osmId":153320989,"height":165,"minHeight":0,"levels":50,"name":"AMLI River North"},"geometry":{"type":"Polygon","coordinates":[[[681.4,-1031.2],[718.1,-1030.3],[718.7,-1061.6],[718.8,-1066.4],[682,-1067.1]]]}},{"type":"Feature","properties":{"osmId":153322243,"height":26.6,"minHeight":0,"levels":8,"name":"John R. Thompson Building"},"geometry":{"type":"Polygon","coordinates":[[[632.7,-1126.8],[632.7,-1122.2],[635.2,-1122.1],[657.5,-1121.8],[658.5,-1181.2],[633.4,-1180.5]]]}},{"type":"Feature","properties":{"osmId":153323812,"height":49,"minHeight":0,"levels":15,"name":"350 North LaSalle"},"geometry":{"type":"Polygon","coordinates":[[[530,-1170.4],[528.8,-1170.5],[528.6,-1172.3],[527.6,-1173.8],[526.2,-1174.8],[521.9,-1175.2],[521.9,-1176.3],[516.8,-1176.3],[511.7,-1176.4],[510.8,-1125.5],[527.9,-1126.3],[528.1,-1133.3],[529.3,-1133.3],[529.8,-1146.8]]]}},{"type":"Feature","properties":{"osmId":153339074,"height":26.6,"minHeight":0,"levels":8,"name":"Orleans-Hubbard Self Park"},"geometry":{"type":"Polygon","coordinates":[[[190.4,-987.4],[262.5,-985.9],[263.1,-1016.4],[191.1,-1017.9]]]}},{"type":"Feature","properties":{"osmId":153339078,"height":66,"minHeight":0,"levels":24,"name":"3Eleven"},"geometry":{"type":"Polygon","coordinates":[[[240.7,-953.8],[270.5,-953.3],[270.7,-965.8],[270.9,-976.5],[284.1,-976.5],[284.2,-979.7],[241.2,-980.9]]]}},{"type":"Feature","properties":{"osmId":153561244,"height":20.2,"minHeight":0,"levels":6,"name":"The Lock Up"},"geometry":{"type":"Polygon","coordinates":[[[144.8,-1108.4],[100.9,-1109.3],[100.6,-1094.2],[100.3,-1077.5],[144.2,-1076.7]]]}},{"type":"Feature","properties":{"osmId":153734162,"height":33,"minHeight":0,"levels":10},"geometry":{"type":"Polygon","coordinates":[[[210,-1075.9],[289.3,-1074.4],[289.8,-1105.2],[210.5,-1106.6]]]}},{"type":"Feature","properties":{"osmId":153966966,"height":55.4,"minHeight":0,"levels":17,"name":"The Peninsula Chicago"},"geometry":{"type":"Polygon","coordinates":[[[1139.6,-295.5],[1208.2,-294.2],[1207.5,-343],[1208.9,-343],[1209.3,-377.4],[1142.2,-379.2]]]}},{"type":"Feature","properties":{"osmId":153966967,"height":26.6,"minHeight":0,"levels":8},"geometry":{"type":"Polygon","coordinates":[[[978.1,-1025.7],[962.7,-1026.3],[964,-1056.2],[978.9,-1055.7]]]}},{"type":"Feature","properties":{"osmId":153966968,"height":23.4,"minHeight":0,"levels":7},"geometry":{"type":"Polygon","coordinates":[[[1024.5,-1054.8],[1023.8,-1032.4],[1023.5,-1024.7],[978.1,-1025.7],[978.9,-1055.7]]]}},{"type":"Feature","properties":{"osmId":153966977,"height":209,"minHeight":0,"levels":60,"name":"Waldorf Astoria Chicago"},"geometry":{"type":"Polygon","coordinates":[[[911,66],[911.7,28.8],[954.1,29.6],[954,33.8],[1000.4,34.6],[987.5,67.1],[941.3,66.2],[941.8,41],[922.8,40.7],[922.3,66.2]]]}},{"type":"Feature","properties":{"osmId":153966978,"height":26.6,"minHeight":0,"levels":8,"name":"Law Bulletin Building"},"geometry":{"type":"Polygon","coordinates":[[[962.7,-1026.3],[932.9,-1026.8],[933.4,-1056.8],[964,-1056.2]]]}},{"type":"Feature","properties":{"osmId":154079705,"height":116,"minHeight":0,"levels":36},"geometry":{"type":"Polygon","coordinates":[[[928.4,-886.5],[929.1,-915.5],[995.5,-913.6],[995.1,-902.6],[978.4,-886.8],[969.6,-886.9],[969.5,-885.6]]]}},{"type":"Feature","properties":{"osmId":154412222,"height":23.4,"minHeight":0,"levels":7,"name":"Court House Square"},"geometry":{"type":"Polygon","coordinates":[[[716,-986.3],[742.9,-985.8],[742.9,-987.1],[751.5,-986.9],[751.4,-985.7],[767.4,-985.4],[767.4,-984],[769.9,-983.9],[770,-985.3],[777.6,-985.2],[778,-1008.6],[773,-1008.7],[716.4,-1009.6]]]}},{"type":"Feature","properties":{"osmId":154412236,"height":26.6,"minHeight":0,"levels":8},"geometry":{"type":"Polygon","coordinates":[[[885.9,-974.9],[910.5,-974.4],[911.1,-1001.8],[910.8,-1003.3],[909.9,-1004.4],[908.7,-1004.9],[886.6,-1004.7]]]}},{"type":"Feature","properties":{"osmId":155075911,"height":138,"minHeight":0,"levels":45,"name":"400 North LaSalle Condomium"},"geometry":{"type":"Polygon","coordinates":[[[513,-1069.3],[520.3,-1069.1],[520.8,-1068.1],[521.8,-1066.7],[522.8,-1065.7],[524.7,-1065.1],[524.3,-1057.3],[523.9,-1056.3],[522.5,-1055.8],[523.6,-1052],[522.6,-1048.3],[523.8,-1047.7],[524.2,-1046.6],[524.1,-1038.7],[522,-1037.8],[520.7,-1036.4],[520.2,-1034.6],[512.5,-1034.7],[511.7,-1035.1],[510.8,-1036.5],[506.7,-1034.9],[502.1,-1036.4],[500.1,-1035.1],[493.7,-1035.2],[492.7,-1037.3],[491.1,-1038.7],[488.8,-1039.8],[489.1,-1047.8],[491.5,-1049.2],[490.6,-1052.5],[491.6,-1055.5],[489.5,-1057.5],[489.6,-1065.4],[492.4,-1066.6],[493.7,-1068.1],[494.4,-1069.7],[501.5,-1069.6],[502.5,-1068.9],[502.9,-1068],[507.3,-1069.4],[511.7,-1067.8],[512.1,-1068.9]]]}},{"type":"Feature","properties":{"osmId":158621265,"height":33,"minHeight":0,"levels":10,"name":"Embassy Suites by Hilton Chicago Downtown"},"geometry":{"type":"Polygon","coordinates":[[[852.9,-738.6],[851.7,-674.2],[899.3,-673.3],[900.6,-737.7]]]}},{"type":"Feature","properties":{"osmId":158621269,"height":42.6,"minHeight":0,"levels":13,"name":"Rush-Ohio-Wabash Self Park"},"geometry":{"type":"Polygon","coordinates":[[[1038,-736],[1037.3,-703.1],[1127.7,-701.3],[1128.4,-734.1]]]}},{"type":"Feature","properties":{"osmId":158621274,"height":186.6,"minHeight":0,"levels":58,"name":"Millennium Centre"},"geometry":{"type":"Polygon","coordinates":[[[796.6,-738.2],[796,-700.4],[795.7,-678.4],[846.4,-677.2],[846.8,-699.6],[847.3,-737.4],[833.1,-737.6]]]}},{"type":"Feature","properties":{"osmId":158621275,"height":20.2,"minHeight":0,"levels":6,"name":"Michigan - Ohio Building"},"geometry":{"type":"Polygon","coordinates":[[[1148.7,-732.7],[1147.1,-668],[1204.7,-667.3],[1205.8,-666.2],[1207.6,-665.4],[1213.4,-667.4],[1214.2,-668.6],[1214.7,-670.2],[1213.7,-674.9],[1215.2,-674.8],[1216.4,-722.5],[1214.9,-722.5],[1214.3,-722.9],[1215.3,-724.7],[1215.6,-726.8],[1215,-729],[1213.8,-730.7],[1211.9,-731.8],[1209.6,-732.2],[1207.5,-731.7],[1206.2,-730.5],[1205.4,-730.6],[1205.4,-731.6]]]}},{"type":"Feature","properties":{"osmId":158622330,"height":10,"minHeight":0},"geometry":{"type":"Polygon","coordinates":[[[238.7,269.1],[236.3,297.8],[270.4,301.4],[270.5,299.8],[286.3,300.1],[286.3,295.7],[286.3,276.6],[290.8,276.8],[291.1,271.4],[272.9,272.1]]]}},{"type":"Feature","properties":{"osmId":159142371,"height":185,"minHeight":0,"levels":49,"name":"Chicago Place"},"geometry":{"type":"Polygon","coordinates":[[[1142.1,-401.9],[1207.2,-400.4],[1210.1,-402.8],[1210.7,-426.7],[1212,-431.8],[1212,-435.3],[1211.1,-439.6],[1211.9,-460.3],[1211.3,-462.9],[1210,-464.8],[1207.5,-466.1],[1205,-466.3],[1143,-467.1]]]}},{"type":"Feature","properties":{"osmId":159470953,"height":23.4,"minHeight":0,"levels":7},"geometry":{"type":"Polygon","coordinates":[[[567.3,-1064.5],[566.6,-1033.2],[596.3,-1032.6],[596.9,-1063.9]]]}},{"type":"Feature","properties":{"osmId":160718243,"height":20.2,"minHeight":0,"levels":6,"name":"350 West Hubbard"},"geometry":{"type":"Polygon","coordinates":[[[98.8,-980],[161,-978.9],[161.3,-994],[161.4,-1003.6],[165.6,-1007.6],[165.8,-1013.9],[162.1,-1017.8],[155.3,-1018],[153.3,-1016.1],[151.2,-1018.3],[113.9,-1018.8],[112,-1017],[110.3,-1018.8],[103.3,-1019],[100.3,-1016.2],[99.5,-1015.4],[99.3,-1008.6],[101.2,-1006.4],[99.2,-1004.7]]]}},{"type":"Feature","properties":{"osmId":182033168,"height":20.2,"minHeight":0,"levels":6},"geometry":{"type":"Polygon","coordinates":[[[363.8,-1104.1],[368.1,-1104.1],[376,-1103.9],[375.5,-1073.4],[375.4,-1072.1],[356.2,-1072.4],[356.2,-1073.3],[356.4,-1084],[363.4,-1083.9]]]}},{"type":"Feature","properties":{"osmId":198543774,"height":20.2,"minHeight":0,"levels":6},"geometry":{"type":"Polygon","coordinates":[[[311.4,-1070],[335.6,-1069.5],[335.3,-1053.4],[334.9,-1038.4],[310.7,-1038.9]]]}},{"type":"Feature","properties":{"osmId":199519257,"height":71.4,"minHeight":0,"levels":22,"name":"The Farallon"},"geometry":{"type":"Polygon","coordinates":[[[718,-712.5],[718.3,-740.8],[718.5,-742.3],[770,-740.3],[769.3,-710.9]]]}},{"type":"Feature","properties":{"osmId":201050044,"height":52.2,"minHeight":0,"levels":16,"name":"300 North Park Tower"},"geometry":{"type":"Polygon","coordinates":[[[152.3,1357.2],[152.6,1341.9],[193.9,1342.7],[193.6,1358],[183.1,1357.8]]]}},{"type":"Feature","properties":{"osmId":201603717,"height":177,"minHeight":0,"levels":55,"name":"1000 Lake Shore Plaza"},"geometry":{"type":"Polygon","coordinates":[[[1222.5,184.4],[1222.1,211.6],[1217.5,211.4],[1180.4,211],[1180.8,183.4]]]}},{"type":"Feature","properties":{"osmId":201639042,"height":77.8,"minHeight":0,"levels":24},"geometry":{"type":"Polygon","coordinates":[[[1221.8,224.8],[1221.2,243.1],[1170,242.3],[1170.3,224.2],[1217.3,224.7]]]}},{"type":"Feature","properties":{"osmId":205087670,"height":39.4,"minHeight":0,"levels":12,"name":"State-Kinzie-Wabash Self Park"},"geometry":{"type":"Polygon","coordinates":[[[935.1,-1092.5],[934.3,-1078],[933.9,-1063.6],[1024.7,-1061.9],[1024.8,-1065.9],[1024.8,-1080.6],[1024,-1083.6],[1022.2,-1086.6],[1019.6,-1088.9],[1016.8,-1090.7]]]}},{"type":"Feature","properties":{"osmId":205124172,"height":140,"minHeight":0,"levels":39,"name":"The Residences at Grand Plaza"},"geometry":{"type":"Polygon","coordinates":[[[797.8,-767],[798,-777],[800.3,-777.1],[800.6,-787.1],[809.4,-797.4],[828,-797.1],[828,-795.4],[843.4,-795.2],[843.3,-784.4],[841,-784.4],[840.9,-774.6],[830.6,-764.5],[813.6,-764.8],[813.8,-766.5]]]}},{"type":"Feature","properties":{"osmId":205124174,"height":195,"minHeight":0,"levels":57,"name":"Grand Plaza Apartments"},"geometry":{"type":"Polygon","coordinates":[[[854.9,-797.3],[856.5,-816.9],[866.6,-827.4],[868.1,-827.4],[886.5,-827],[886.5,-825.1],[901.2,-824.5],[901,-814.3],[897,-814.3],[896.8,-804.4],[886.6,-794.9],[871.6,-795.1],[871.6,-797.1]]]}},{"type":"Feature","properties":{"osmId":210270337,"height":20.2,"minHeight":0,"levels":6,"name":"South River Park at Kinzie Park"},"geometry":{"type":"Polygon","coordinates":[[[-151.8,-1111.6],[-152,-1110.2],[-159,-1110.9],[-159.2,-1097.2],[-159.3,-1091.9],[-152.4,-1092.4],[-152.4,-1090.9],[-138.7,-1090.8],[-138.7,-1088.6],[-124.9,-1088.3],[-124.8,-1090.6],[-111,-1090.4],[-110.9,-1092],[-103.8,-1090.8],[-103.6,-1110],[-110.8,-1109.3],[-110.6,-1111.2],[-120.6,-1110.2],[-120.7,-1111.9],[-142.1,-1112.1],[-142.2,-1110.2],[-145.6,-1110.1],[-145.5,-1111.7],[-148.8,-1111.6]]]}},{"type":"Feature","properties":{"osmId":210306936,"height":87.4,"minHeight":0,"levels":27,"name":"Admiral's Pointe"},"geometry":{"type":"Polygon","coordinates":[[[-159.8,-669],[-162.4,-665.4],[-162.1,-639],[-113.9,-638.9],[-113.7,-665.6],[-113.7,-668.5],[-118.2,-668.5]]]}},{"type":"Feature","properties":{"osmId":210306943,"height":36.2,"minHeight":0,"levels":11,"name":"Evergreen Tower"},"geometry":{"type":"Polygon","coordinates":[[[-119.5,806.8],[-119.6,809.9],[-122.8,809.8],[-123.4,831.3],[-120.2,831.5],[-120.2,834.5],[-98.9,834.9],[-98.9,831.9],[-95.7,832],[-95.1,810.8],[-98.5,810.7],[-98.3,807.2]]]}},{"type":"Feature","properties":{"osmId":210307636,"height":123,"minHeight":0,"levels":27,"name":"The Montgomery"},"geometry":{"type":"Polygon","coordinates":[[[-236,-361],[-235.4,-357.6],[-226.5,-357.6],[-226.6,-353.9],[-229.2,-352.5],[-232.8,-349.1],[-234.1,-344.9],[-234.1,-338.5],[-232,-332.8],[-229,-328.8],[-224.3,-325.5],[-219,-324.3],[-212.2,-325.3],[-207.4,-329.6],[-205,-334.7],[-205.5,-372],[-207,-376.7],[-210.9,-380.3],[-213.3,-381.6],[-225.6,-382.4],[-226,-389.2],[-235.3,-389.2],[-237.5,-386.2],[-288.4,-387.5],[-288.3,-389.6],[-296.8,-389.7],[-297.2,-359.4],[-289.5,-359.2],[-289.4,-362.3]]]}},{"type":"Feature","properties":{"osmId":210307668,"height":89,"minHeight":0,"levels":24,"name":"Erie on the Park"},"geometry":{"type":"Polygon","coordinates":[[[-216.4,-576.7],[-216.3,-581.9],[-243.2,-581.7],[-255.6,-564.2],[-281,-526.6],[-281,-516.7],[-258.7,-516.4],[-231.4,-555.4]]]}},{"type":"Feature","properties":{"osmId":210307720,"height":20.2,"minHeight":0,"levels":6},"geometry":{"type":"Polygon","coordinates":[[[-498.1,-816],[-542.1,-817],[-542.1,-804.6],[-498,-803.9]]]}},{"type":"Feature","properties":{"osmId":210307769,"height":26.6,"minHeight":0,"levels":8,"name":"River Bank Lofts"},"geometry":{"type":"Polygon","coordinates":[[[-132.9,-852.1],[-133.6,-850.7],[-167.8,-791.8],[-126,-769],[-79.1,-846.1]]]}},{"type":"Feature","properties":{"osmId":210307773,"height":26.6,"minHeight":0,"levels":8,"name":"600 West"},"geometry":{"type":"Polygon","coordinates":[[[-533.4,27.8],[-524.5,33.2],[-525,34.3],[-485.2,58.1],[-477.7,45.7],[-479.4,44.7],[-460.3,14.2],[-458.3,15.5],[-393.9,-87.9],[-343.3,-169.5],[-340.4,-261.1],[-339.4,-294],[-384.3,-295.3],[-396.8,-226.6],[-467,-125.9],[-494.7,-79],[-504.1,-63.2],[-521.5,-24.3],[-521,-24],[-516,-20.7],[-520.1,-14],[-518,-12.6],[-528.1,14.1],[-526.5,15.2],[-527.9,17.7],[-529.4,16.9]]]}},{"type":"Feature","properties":{"osmId":210308210,"height":23.4,"minHeight":0,"levels":7,"name":"River Village Pointe"},"geometry":{"type":"Polygon","coordinates":[[[-368.7,-71.9],[-368.6,-67],[-359.1,-60.7],[-355.9,-60.6],[-355.9,-59],[-332.3,-58.8],[-332.1,-63.5],[-330.4,-63.5],[-330,-67.7],[-331.8,-67.6],[-331.8,-71.2],[-330.2,-71.2],[-330.1,-75.2],[-331.4,-75.4],[-331.2,-79.2],[-329.8,-79.3],[-329.8,-83.8],[-331.3,-83.8],[-329.6,-91.5],[-331.1,-91.5],[-331.1,-95.2],[-329.3,-95.4],[-329.2,-102.9],[-330.9,-103],[-330.8,-106.8],[-329.6,-107.1],[-329.5,-114.5],[-330.4,-114.5],[-330.6,-118.3],[-329.2,-118.1],[-329.4,-122.4],[-330.6,-122.3],[-330.6,-126.1],[-329.3,-126.1],[-329,-134.7],[-330.2,-134.6],[-329.8,-140.5],[-329.7,-148.8],[-331.1,-148.8],[-342.9,-130.5],[-339.2,-128.1],[-344,-121.3],[-347.8,-123.1],[-353.1,-114.6],[-351.5,-114.5],[-351.5,-110.6],[-353,-110.6],[-353.1,-106.5],[-351.4,-106.5],[-351.7,-102.7],[-353.3,-102.4],[-353.5,-98.5],[-352,-98.5],[-353.7,-90.4],[-352.1,-90.4],[-353.8,-82.4],[-352.3,-82.1],[-352.4,-78.7],[-354.1,-78.2],[-354.3,-71.9]]]}},{"type":"Feature","properties":{"osmId":210308314,"height":23.4,"minHeight":0,"levels":7},"geometry":{"type":"Polygon","coordinates":[[[-272.9,-97.7],[-309.3,-98.8],[-311.1,-41.9],[-274.8,-40.7]]]}},{"type":"Feature","properties":{"osmId":210308485,"height":81,"minHeight":0,"levels":25,"name":"Kingsbury on the Park"},"geometry":{"type":"Polygon","coordinates":[[[-140,-633.2],[-178.9,-633.6],[-178.9,-633.2],[-179.6,-604.1],[-143.9,-603.4],[-140.6,-603.3]]]}},{"type":"Feature","properties":{"osmId":210308537,"height":63,"minHeight":0,"levels":18,"name":"Park Place"},"geometry":{"type":"Polygon","coordinates":[[[-213.7,-724.3],[-213.8,-720.4],[-216.7,-715.8],[-218.5,-715.8],[-218.5,-712.8],[-219.6,-711],[-221.5,-711],[-221.6,-707.8],[-224.6,-703],[-226.4,-703],[-226.4,-700],[-227.4,-698.4],[-229.2,-698.4],[-229.2,-695.6],[-232.8,-690.5],[-233,-689],[-232.9,-686.8],[-228.9,-683.1],[-223.5,-684.2],[-179.8,-683.7],[-177.8,-685.2],[-176.2,-687],[-175.3,-689.4],[-152.2,-724.7],[-156.6,-727],[-193.6,-727.8],[-193.7,-724]]]}},{"type":"Feature","properties":{"osmId":210308541,"height":84,"minHeight":0,"levels":21,"name":"River Place on the Park"},"geometry":{"type":"Polygon","coordinates":[[[-374.4,-489.3],[-366.9,-490],[-367,-488.3],[-358,-488],[-358,-489.8],[-354.9,-489.7],[-355,-487.3],[-343.3,-487.9],[-343.3,-486.9],[-339.8,-486.8],[-339.7,-489.2],[-336.6,-489.1],[-336.7,-487.5],[-327.7,-487.1],[-327.5,-488.9],[-320.5,-487.6],[-320.2,-496],[-319.2,-496],[-319.3,-517.8],[-335.8,-520],[-357.2,-520.7],[-369,-520.4],[-369.2,-519],[-373.5,-519.1]]]}},{"type":"Feature","properties":{"osmId":210308545,"height":66,"minHeight":0,"levels":17,"name":"Two River Place"},"geometry":{"type":"Polygon","coordinates":[[[-375.1,-431.1],[-363.2,-430.9],[-363.3,-429],[-330.9,-428.4],[-330.8,-431.5],[-322.7,-431.4],[-321.9,-470.8],[-331.3,-471],[-331.2,-474.6],[-374.2,-475.5]]]}},{"type":"Feature","properties":{"osmId":210308830,"height":52.2,"minHeight":0,"levels":16,"name":"The Residences at Hudson & Huron"},"geometry":{"type":"Polygon","coordinates":[[[-81.3,-543.2],[-136.8,-544.6],[-137.7,-514.5],[-81.4,-513.5]]]}},{"type":"Feature","properties":{"osmId":210315072,"height":36.2,"minHeight":0,"levels":11,"name":"Evergreen Tower II"},"geometry":{"type":"Polygon","coordinates":[[[-122,887.3],[-122.2,889.1],[-126.1,889],[-126.8,912.2],[-122.4,912.3],[-122.6,916.1],[-93.6,917],[-92.8,889.2]]]}},{"type":"Feature","properties":{"osmId":210671689,"height":20.2,"minHeight":0,"levels":6},"geometry":{"type":"Polygon","coordinates":[[[474.4,-1013.1],[473.2,-983],[495.4,-982.5],[496.2,-1012.4]]]}},{"type":"Feature","properties":{"osmId":210671693,"height":20.2,"minHeight":0,"levels":6},"geometry":{"type":"Polygon","coordinates":[[[358.2,-948.7],[373.2,-948.5],[373.6,-978.8],[358.6,-979]]]}},{"type":"Feature","properties":{"osmId":210671694,"height":23.4,"minHeight":0,"levels":7},"geometry":{"type":"Polygon","coordinates":[[[339.5,-949],[358.2,-948.7],[358.6,-979],[340.1,-979.3]]]}},{"type":"Feature","properties":{"osmId":210671705,"height":23.4,"minHeight":0,"levels":7},"geometry":{"type":"Polygon","coordinates":[[[435.7,-989],[467.7,-988.3],[468.9,-988.3],[469.4,-1004.5],[436.1,-1005.3]]]}},{"type":"Feature","properties":{"osmId":210671707,"height":23.4,"minHeight":0,"levels":7},"geometry":{"type":"Polygon","coordinates":[[[377.8,-978.3],[380.7,-978.3],[411.3,-977.8],[411.8,-1013.5],[378.3,-1014]]]}},{"type":"Feature","properties":{"osmId":210671709,"height":20.2,"minHeight":0,"levels":6},"geometry":{"type":"Polygon","coordinates":[[[380.6,-968.5],[377.6,-968.6],[377.2,-948.8],[410.8,-948.1],[411.3,-977.8],[380.7,-978.3]]]}},{"type":"Feature","properties":{"osmId":210679072,"height":13.8,"minHeight":0,"levels":4,"name":"Access Living"},"geometry":{"type":"Polygon","coordinates":[[[582.9,-306.9],[588.8,-306.4],[588.5,-308.2],[606.6,-308.4],[607.4,-347.6],[583.7,-347.9]]]}},{"type":"Feature","properties":{"osmId":210679074,"height":52.2,"minHeight":0,"levels":16,"name":"Ambassador Hotel"},"geometry":{"type":"Polygon","coordinates":[[[877.8,767.1],[892.9,767.3],[892.8,763.6],[895,763.6],[895.2,752.7],[917.3,753.1],[917.6,735.1],[878.5,734.3]]]}},{"type":"Feature","properties":{"osmId":210679081,"height":97,"minHeight":0,"levels":30,"name":"Astor House"},"geometry":{"type":"Polygon","coordinates":[[[874.2,840.8],[874,871.6],[907.4,871.8],[907.5,881.5],[939.6,881.7],[939.8,864.1],[943.6,864.2],[943.7,845.6],[922,845.5],[921.9,841.2]]]}},{"type":"Feature","properties":{"osmId":210679082,"height":93.8,"minHeight":0,"levels":29,"name":"Astor Tower"},"geometry":{"type":"Polygon","coordinates":[[[946,736.1],[945.4,753.8],[963.5,754.4],[964,736.5]]]}},{"type":"Feature","properties":{"osmId":210679084,"height":100.2,"minHeight":0,"levels":31,"name":"Bellevue Place"},"geometry":{"type":"Polygon","coordinates":[[[1145,277.3],[1143.1,277.3],[1143.1,275.8],[1137.6,275.7],[1137.7,277.2],[1122.3,277],[1122.3,275.5],[1116.8,275.4],[1116.8,276.9],[1101.7,276.7],[1101.7,274.8],[1095.8,274.7],[1095.8,276.8],[1090.6,276.7],[1089.7,309.7],[1144.6,310.6]]]}},{"type":"Feature","properties":{"osmId":210679085,"height":100.2,"minHeight":0,"levels":31},"geometry":{"type":"Polygon","coordinates":[[[1144.6,310.6],[1155,310.9],[1155,296.8],[1155,277.5],[1145,277.3]]]}},{"type":"Feature","properties":{"osmId":210679091,"height":13.8,"minHeight":0,"levels":4,"name":"Brehon Pub"},"geometry":{"type":"Polygon","coordinates":[[[443.8,-378.7],[444,-393.5],[426.7,-393.5],[425.3,-395.3],[422.6,-393],[423.5,-391.9],[423.4,-382.8],[422.5,-382.4],[423.4,-378.7]]]}},{"type":"Feature","properties":{"osmId":210679092,"height":10.6,"minHeight":0,"levels":3,"name":"Brett's Kitchen"},"geometry":{"type":"Polygon","coordinates":[[[304.7,-434.9],[298.4,-434.6],[298,-418.1],[305.9,-418.4],[306.3,-435.1],[305.2,-435.1]]]}},{"type":"Feature","properties":{"osmId":210679095,"height":4.2,"minHeight":0,"levels":1},"geometry":{"type":"Polygon","coordinates":[[[502.8,-464.3],[502.3,-450.5],[519.2,-450.1],[520,-480.9],[503.1,-481.3]]]}},{"type":"Feature","properties":{"osmId":210679096,"height":97,"minHeight":0,"levels":30,"name":"Chestnut Place Apartments"},"geometry":{"type":"Polygon","coordinates":[[[828.4,-57.1],[828.6,-67.8],[849.1,-67.3],[849.2,-73.4],[872.3,-73.6],[892.8,-73.3],[893.1,-91.7],[891.4,-93],[890.2,-109.2],[889.2,-109.1],[889,-111.8],[887.4,-113.3],[886.6,-126.5],[885.4,-127.5],[871.5,-126.5],[869.9,-125],[869.8,-120.8],[866.6,-120.8],[866.6,-116.3],[861.3,-116.4],[861.2,-91.2],[866.4,-91.2],[866.4,-86.1],[812.7,-86.4],[812.7,-79.9],[812.3,-57.4]]]}},{"type":"Feature","properties":{"osmId":210679097,"height":116.2,"minHeight":0,"levels":36,"name":"Chestnut Tower"},"geometry":{"type":"Polygon","coordinates":[[[549.3,-213.5],[548.7,-153.5],[549.1,-153.1],[569.4,-152.4],[570.3,-200.4],[583,-200.2],[583.3,-209.3],[574.2,-209.5],[574.2,-208.2],[569.9,-208.4],[569.9,-213.4]]]}},{"type":"Feature","properties":{"osmId":210679099,"height":7.4,"minHeight":0,"levels":2},"geometry":{"type":"Polygon","coordinates":[[[500.5,-328.9],[496,-329],[495.9,-326.9],[494.5,-326.9],[494.4,-320.1],[495.6,-318.9],[494.5,-317.9],[494.2,-307.8],[500.2,-307.6]]]}},{"type":"Feature","properties":{"osmId":210679101,"height":4.2,"minHeight":0,"levels":1,"name":"BP Shop"},"geometry":{"type":"Polygon","coordinates":[[[380.5,-339.1],[365,-339.7],[364.3,-323.7],[384.8,-323.7],[385.1,-330.4],[386.7,-330.3],[386.8,-333.4],[385.5,-333.4],[385.7,-338.9]]]}},{"type":"Feature","properties":{"osmId":210679102,"height":4.2,"minHeight":0,"levels":1},"geometry":{"type":"Polygon","coordinates":[[[369.3,-318.8],[369.2,-311.7],[385.6,-311.4],[385.7,-318.5]]]}},{"type":"Feature","properties":{"osmId":210679103,"height":4.2,"minHeight":0,"levels":1},"geometry":{"type":"Polygon","coordinates":[[[390.2,-331.9],[389.8,-322.8],[395.7,-322.5],[396.1,-331.6]]]}},{"type":"Feature","properties":{"osmId":210679106,"height":143,"minHeight":0,"levels":40,"name":"Omni Chicago Hotel"},"geometry":{"type":"Polygon","coordinates":[[[1212.2,-512.5],[1179.8,-513.1],[1144.6,-514.1],[1144.3,-490.1],[1211.6,-488.3]]]}},{"type":"Feature","properties":{"osmId":210679107,"height":49,"minHeight":0,"levels":15,"name":"Claridge House Chicago, Tapestry Collection by Hilton"},"geometry":{"type":"Polygon","coordinates":[[[742,665.3],[743.8,665.3],[744.1,650.7],[732.9,650.5],[732.8,654.6],[709.8,654.1],[709.9,650.8],[698.7,650.6],[698.4,664.3]]]}},{"type":"Feature","properties":{"osmId":210679110,"height":49,"minHeight":0,"levels":15,"name":"Contemporaine"},"geometry":{"type":"Polygon","coordinates":[[[375.9,-859.9],[409.4,-859.2],[409.9,-883.3],[376.5,-884.2]]]}},{"type":"Feature","properties":{"osmId":210679111,"height":17,"minHeight":0,"levels":5,"name":"Cooper's"},"geometry":{"type":"Polygon","coordinates":[[[476.4,-461.9],[476.1,-450.6],[490.9,-450.2],[492.7,-481.5],[477,-481.8]]]}},{"type":"Feature","properties":{"osmId":210679115,"height":84.2,"minHeight":0,"levels":26,"name":"Eurostars Magnificent Mile"},"geometry":{"type":"Polygon","coordinates":[[[898.5,-561.6],[882,-562.1],[881.8,-554.2],[878.3,-554.2],[877.9,-539.1],[880.9,-539.1],[880.8,-531.1],[898,-530.6]]]}},{"type":"Feature","properties":{"osmId":210679116,"height":29.8,"minHeight":0,"levels":9,"name":"Dearborn North Apartments"},"geometry":{"type":"Polygon","coordinates":[[[809.8,344.8],[809.7,348.1],[784,347.7],[784,346.2],[775,346.1],[774.7,365.1],[809.2,364.7],[809.1,368.2],[820.2,368.4],[820.5,345]]]}},{"type":"Feature","properties":{"osmId":210679137,"height":81,"minHeight":0,"levels":25,"name":"Delaware Place on the Park"},"geometry":{"type":"Polygon","coordinates":[[[828.4,-57.1],[785.4,-57.1],[785.3,-49.1],[783.3,-47.4],[783.3,-45.1],[784.7,-43.9],[784.6,-32.5],[783,-31.1],[782.8,-28.9],[784.5,-27.2],[786.7,-27.1],[788.6,-28.6],[803.1,-28.3],[804.5,-26.9],[825.2,-26.5],[826.7,-27.6],[836,-27.5],[837.1,-56.6],[828.7,-56.5]]]}},{"type":"Feature","properties":{"osmId":210679138,"height":20.2,"minHeight":0,"levels":6,"name":"Douglas Dawson"},"geometry":{"type":"Polygon","coordinates":[[[326.8,-453.8],[348.7,-453.4],[348.8,-483.7],[327.2,-484.1]]]}},{"type":"Feature","properties":{"osmId":210679141,"height":90.6,"minHeight":0,"levels":28,"name":"Eliot House"},"geometry":{"type":"Polygon","coordinates":[[[597.6,650],[597.6,650.5],[595.9,650.5],[595.8,653.7],[597.5,653.7],[597,672.4],[594.6,672.4],[594.5,675.7],[589.6,675.6],[588.8,706.4],[605.9,706.8],[606,706],[607.8,706],[607.9,702.4],[606.2,702.3],[606.5,694.1],[606.8,680.7],[614.1,680.9],[614.8,654.5],[616.5,654.5],[616.6,651.1]]]}},{"type":"Feature","properties":{"osmId":210679142,"height":109.8,"minHeight":0,"levels":34,"name":"Elm Street Plaza"},"geometry":{"type":"Polygon","coordinates":[[[710.3,391.3],[704.7,392.5],[705.4,402.2],[704.5,403.1],[704.4,405],[705.3,405.7],[704.3,415.4],[705.1,416.5],[718.5,417.6],[719.5,416.5],[728.5,416.7],[729.6,417.8],[737.2,416.8],[738.1,417.9],[744,416.3],[743.4,406.6],[744.3,405.7],[744.4,404],[743.5,403.1],[744.5,393.3],[743.5,392.4],[741.1,392.4],[740.5,391.5],[732.6,392.3],[731.8,391.4],[730,391.3],[729.2,392.2],[717.2,391.4],[716.6,392],[711.4,392.2]]]}},{"type":"Feature","properties":{"osmId":210679143,"height":52.2,"minHeight":0,"levels":16,"name":"Elm Tower"},"geometry":{"type":"Polygon","coordinates":[[[800.7,487],[801.6,441.3],[773.2,441.1],[772,486.2]]]}},{"type":"Feature","properties":{"osmId":210679147,"height":93.8,"minHeight":0,"levels":29,"name":"John Fewkes Tower"},"geometry":{"type":"Polygon","coordinates":[[[736.2,-179.8],[735.8,-155.9],[746,-155.7],[746,-158.2],[748.4,-158.2],[748.3,-155.4],[758.4,-155.3],[758.8,-179.1],[748.5,-179.3],[748.4,-176.5],[746.5,-176.5],[746.6,-179.6]]]}},{"type":"Feature","properties":{"osmId":210679148,"height":20.2,"minHeight":0,"levels":6,"name":"AC Hotel Chicago Downtown"},"geometry":{"type":"Polygon","coordinates":[[[1035.9,-647],[1035.1,-602.7],[1081.2,-601.8],[1081.4,-613.5],[1126.4,-612.7],[1127,-645.3]]]}},{"type":"Feature","properties":{"osmId":210679149,"height":4.2,"minHeight":0,"levels":1,"name":"Franklin Elementary School"},"geometry":{"type":"Polygon","coordinates":[[[240.1,751],[240,753.9],[224,753.4],[223.5,768.6],[244.2,769.2],[244.7,754.1],[243.1,754.1],[243.2,751.1]]]}},{"type":"Feature","properties":{"osmId":210679152,"height":20.2,"minHeight":0,"levels":6,"name":"Gruen Gallery"},"geometry":{"type":"Polygon","coordinates":[[[324.6,-355.9],[332.9,-355.7],[334.6,-357.5],[334.7,-364.2],[339.7,-364.2],[340.5,-394.7],[324.8,-394.9]]]}},{"type":"Feature","properties":{"osmId":210679153,"height":26.6,"minHeight":0,"levels":8},"geometry":{"type":"Polygon","coordinates":[[[209.8,-716.8],[227.3,-716.5],[227.3,-721.9],[251.5,-721.7],[251.5,-731.7],[255.3,-731.5],[255.5,-734.1],[256.7,-734.1],[256.9,-748.4],[252,-748.3],[252.1,-751.8],[184.4,-752.7],[184,-722.5],[210.1,-722.1]]]}},{"type":"Feature","properties":{"osmId":210679156,"height":77.8,"minHeight":0,"levels":24,"name":"Hilton Garden Inn Chicago Downtown/Magnificent Mile"},"geometry":{"type":"Polygon","coordinates":[[[957,-761.2],[958.4,-826.7],[939,-827.2],[929.9,-827.4],[928.6,-761.8],[954.4,-761.3]]]}},{"type":"Feature","properties":{"osmId":210679157,"height":4.2,"minHeight":0,"levels":1,"name":"Hooters"},"geometry":{"type":"Polygon","coordinates":[[[403,-556.3],[403.2,-569.5],[401.2,-570.9],[370.4,-571.4],[370.2,-560],[384.7,-559.7],[384.5,-556.8]]]}},{"type":"Feature","properties":{"osmId":210679159,"height":74.6,"minHeight":0,"levels":23,"name":"One East Scott"},"geometry":{"type":"Polygon","coordinates":[[[878.4,580.5],[878,604.2],[920.8,604.9],[921,575.2],[915.2,575.2],[915.2,581.6]]]}},{"type":"Feature","properties":{"osmId":210679160,"height":20.2,"minHeight":0,"levels":6,"name":"One Superior Place"},"geometry":{"type":"Polygon","coordinates":[[[944.9,-408.3],[945.7,-439.1],[919.7,-439.9],[919.1,-407],[944.4,-406.5],[944.4,-408.4]]]}},{"type":"Feature","properties":{"osmId":210679164,"height":65,"minHeight":0,"levels":20,"name":"10 West Elm"},"geometry":{"type":"Polygon","coordinates":[[[832.2,442.2],[832.3,455.1],[832.2,457.2],[841.8,457.4],[841.3,471.9],[857.8,472.3],[858,443]]]}},{"type":"Feature","properties":{"osmId":210679185,"height":29.8,"minHeight":0,"levels":9,"name":"Warren Barr Gold Coast"},"geometry":{"type":"Polygon","coordinates":[[[672.5,154.7],[662.6,154.7],[662.4,180.8],[705.4,181],[716.1,181.1],[716.1,156.5],[706,156.4],[672.5,156.2]]]}},{"type":"Feature","properties":{"osmId":210679190,"height":4.2,"minHeight":0,"levels":1},"geometry":{"type":"Polygon","coordinates":[[[160.8,170.5],[160.3,195.2],[167.5,195.3],[167.9,176.9],[170.9,177],[171.1,171.4]]]}},{"type":"Feature","properties":{"osmId":210679194,"height":58.6,"minHeight":0,"levels":18,"name":"Residence Inn Chicago Downtown Magnificent Mile"},"geometry":{"type":"Polygon","coordinates":[[[1145.8,-620],[1145.1,-586.5],[1152.7,-578.6],[1186.3,-577.8],[1186.4,-582.5],[1188.4,-580.8],[1190.7,-578.9],[1191.3,-610.5],[1191.4,-623],[1176.2,-623.4],[1176.2,-621.4],[1176.2,-619.4]]]}},{"type":"Feature","properties":{"osmId":210679210,"height":49,"minHeight":0,"levels":15},"geometry":{"type":"Polygon","coordinates":[[[708.5,261.1],[752.5,261.8],[752.6,253.5],[752.7,246.4],[739.6,246.2],[739.5,252.2],[720.8,251.8],[720.9,245.9],[708.9,245.7],[708.8,253.9]]]}},{"type":"Feature","properties":{"osmId":210679211,"height":168.5,"minHeight":0,"levels":53,"name":"Newberry Plaza"},"geometry":{"type":"Polygon","coordinates":[[[826.6,276.9],[868.2,277.9],[868.4,269.3],[872,269.5],[872.7,238.2],[860.4,238.1],[861.1,201.4],[828.1,200.8]]]}},{"type":"Feature","properties":{"osmId":210679212,"height":10,"minHeight":0},"geometry":{"type":"Polygon","coordinates":[[[119.8,233.6],[119.8,239.7],[123.1,239.8],[122.9,243.4],[125.8,243.6],[125.7,247.2],[123,247.1],[122.9,251.2],[137.9,251.5],[138.4,234.1]]]}},{"type":"Feature","properties":{"osmId":210679214,"height":10,"minHeight":0},"geometry":{"type":"Polygon","coordinates":[[[160.3,233.6],[158.6,233.6],[157.9,234.4],[158.7,241.9],[170.1,241.1],[171.2,242],[188.7,242.3],[188.9,237.1],[189.8,236.5],[189.8,234.9],[189.2,234.1],[184.2,234.9],[183.6,234],[181.6,234],[180.5,234.9],[164.7,233.7],[163.8,234.8],[160.9,234.7]]]}},{"type":"Feature","properties":{"osmId":210679216,"height":10,"minHeight":0},"geometry":{"type":"Polygon","coordinates":[[[538,247.1],[537.7,255.2],[537.1,274.4],[539.3,274.3],[562.2,274.8],[562.3,266.1],[557.1,265.9],[557.1,262.7],[542.7,261.3],[541.7,260.4],[542.5,259.8],[549.2,259.9],[549.2,257],[551.7,257],[551.7,255.1],[551.8,248.3],[542.4,248.2],[541.6,247.2],[539,247.2]]]}},{"type":"Feature","properties":{"osmId":210679217,"height":10,"minHeight":0},"geometry":{"type":"Polygon","coordinates":[[[488,256.3],[504.1,256.6],[504.1,255.5],[504.2,248.8],[493.8,248.8],[493.9,250.4],[487.3,250.3]]]}},{"type":"Feature","properties":{"osmId":210679218,"height":10,"minHeight":0},"geometry":{"type":"Polygon","coordinates":[[[504.1,256.6],[488,256.3],[488,261.7],[504,262]]]}},{"type":"Feature","properties":{"osmId":210679220,"height":7.4,"minHeight":0,"levels":2},"geometry":{"type":"Polygon","coordinates":[[[120.3,251.5],[120.1,254.5],[118.3,254.6],[118.2,257.9],[133.9,258.5],[134.9,258.5],[135.2,252.1],[128.3,251.9],[128.2,252.7]]]}},{"type":"Feature","properties":{"osmId":210679221,"height":33,"minHeight":0,"levels":10},"geometry":{"type":"Polygon","coordinates":[[[752.5,261.8],[708.5,261.1],[707,261],[706.8,276.6],[752.2,277.5]]]}},{"type":"Feature","properties":{"osmId":210679222,"height":10,"minHeight":0},"geometry":{"type":"Polygon","coordinates":[[[504,262],[488,261.7],[487.9,267.3],[504,267.7]]]}},{"type":"Feature","properties":{"osmId":210679224,"height":10,"minHeight":0},"geometry":{"type":"Polygon","coordinates":[[[504,267.7],[478.6,267.3],[478.5,273],[503.9,273.6]]]}},{"type":"Feature","properties":{"osmId":210679225,"height":10,"minHeight":0},"geometry":{"type":"Polygon","coordinates":[[[133.2,260],[117.2,259.4],[117.2,265.3],[133.2,265.8]]]}},{"type":"Feature","properties":{"osmId":210679227,"height":10,"minHeight":0},"geometry":{"type":"Polygon","coordinates":[[[117.8,267.3],[117.7,272.9],[135.5,273.2],[135.6,267.6]]]}},{"type":"Feature","properties":{"osmId":210679229,"height":10.6,"minHeight":0,"levels":3},"geometry":{"type":"Polygon","coordinates":[[[115.6,275.1],[115.3,281.6],[136.2,281.3],[134.9,275.7]]]}},{"type":"Feature","properties":{"osmId":210679242,"height":10.6,"minHeight":0,"levels":3},"geometry":{"type":"Polygon","coordinates":[[[599.6,405.4],[599.4,417],[605.2,417.3],[605.8,405.8]]]}},{"type":"Feature","properties":{"osmId":210679244,"height":42.6,"minHeight":0,"levels":13},"geometry":{"type":"Polygon","coordinates":[[[815.7,487.2],[815.2,506.7],[831,507.1],[831.7,476.9],[815.9,476.5]]]}},{"type":"Feature","properties":{"osmId":210679246,"height":55.4,"minHeight":0,"levels":17},"geometry":{"type":"Polygon","coordinates":[[[770.5,674.4],[769.6,712.9],[780.1,713.1],[780.9,714.2],[804.8,713.7],[806.3,698.2],[805.3,697.2],[805.4,692],[807.6,692],[808,675.2]]]}},{"type":"Feature","properties":{"osmId":210679251,"height":68.2,"minHeight":0,"levels":21},"geometry":{"type":"Polygon","coordinates":[[[704.4,297.3],[704.1,310.4],[717.4,310.7],[717.4,309.4],[735.8,309.8],[735.5,323.2],[749.2,323.6],[749.8,298.3]]]}},{"type":"Feature","properties":{"osmId":210679253,"height":7.4,"minHeight":0,"levels":2,"name":"Saint Joseph Roman Catholic Church"},"geometry":{"type":"Polygon","coordinates":[[[184.5,343.7],[202.7,344],[204.4,342.3],[204.3,339],[207.4,338.9],[209.8,337.7],[211.3,334.8],[211.2,331.6],[209.6,329.1],[207.2,327.9],[204.9,328],[203.1,322.9],[167.7,322.3],[167.7,321.3],[161.5,321.2],[161.3,329.7],[158.1,329.7],[158,335.5],[160.8,335.6],[160.6,345.7],[167,345.8],[167,343.4],[173,343.5]]]}},{"type":"Feature","properties":{"osmId":210679256,"height":7.4,"minHeight":0,"levels":2},"geometry":{"type":"Polygon","coordinates":[[[599.4,417],[599.6,405.4],[593.7,405.1],[594,418.3]]]}},{"type":"Feature","properties":{"osmId":210679257,"height":10,"minHeight":0},"geometry":{"type":"Polygon","coordinates":[[[405.6,347],[405.5,352.8],[403.5,352.7],[403.2,367.7],[400.9,367.5],[400.7,376.2],[402.7,376.3],[402.5,391.5],[409.9,391.7],[409.8,393.4],[414.7,393.5],[414.7,391.8],[426.2,392.1],[426.7,370.7],[433.4,370.8],[433.9,347.6]]]}},{"type":"Feature","properties":{"osmId":210679262,"height":10.6,"minHeight":0,"levels":3},"geometry":{"type":"Polygon","coordinates":[[[539.9,352],[539,352],[538.9,355.8],[538.4,355.6],[537.8,356.3],[538.9,359.1],[540,359.1],[545,359.1],[546.2,360.4],[556.1,359.6],[556.2,352.3]]]}},{"type":"Feature","properties":{"osmId":210679267,"height":58.6,"minHeight":0,"levels":18},"geometry":{"type":"Polygon","coordinates":[[[1139.1,414.1],[1138.9,427.6],[1178.3,427.9],[1183.2,408.6],[1169.2,408.3],[1169.1,414.5]]]}},{"type":"Feature","properties":{"osmId":210679268,"height":17,"minHeight":0,"levels":5,"name":"Margaret Manor Divine Providence Hall"},"geometry":{"type":"Polygon","coordinates":[[[154.5,359],[154.1,387],[161.4,387.1],[192.5,387.5],[192.7,375.6],[178.1,375.4],[178.1,377.3],[165.5,377.1],[165.5,375],[168.9,375],[169,366.3],[173.3,366.3],[173.2,369.7],[187.7,369.9],[187.7,371.8],[191.6,371.8],[193.1,370.6],[193.5,364.6],[197,364.6],[197,367.4],[203.7,367.5],[203.8,360.1],[173.4,360.6],[173.3,363.7],[169.4,363.7],[169.5,359.9]]]}},{"type":"Feature","properties":{"osmId":210679270,"height":10,"minHeight":0},"geometry":{"type":"Polygon","coordinates":[[[605.8,405.8],[605.2,417.3],[605.1,418.2],[610.7,418.4],[611,413.7],[626.8,414.5],[627,411.8],[627.9,411.8],[628.5,401.3],[606,400.2]]]}},{"type":"Feature","properties":{"osmId":210679273,"height":10.6,"minHeight":0,"levels":3},"geometry":{"type":"Polygon","coordinates":[[[544,365],[543.8,367.3],[540,367.2],[539,367.2],[537.3,368.9],[537.9,373.7],[539.8,373.7],[539.8,376.3],[540.1,376.3],[558.7,376.7],[558.9,369.4],[553.7,369.3],[553.9,366.6]]]}},{"type":"Feature","properties":{"osmId":210679276,"height":10,"minHeight":0},"geometry":{"type":"Polygon","coordinates":[[[402,411.1],[399.6,498.3],[430,499.3],[432.6,411.9]]]}},{"type":"Feature","properties":{"osmId":210679279,"height":7.4,"minHeight":0,"levels":2},"geometry":{"type":"Polygon","coordinates":[[[593.5,416.9],[593.7,405.1],[588.4,404.8],[587.8,417.6],[589,418.2],[590.7,418.3],[592.2,416.9]]]}},{"type":"Feature","properties":{"osmId":210679280,"height":33,"minHeight":0,"levels":10},"geometry":{"type":"Polygon","coordinates":[[[1128.8,451.5],[1128.4,463.2],[1152.7,463.9],[1152.8,466.4],[1167.8,466.8],[1168.7,465.3],[1169,457.9],[1169.6,457.9],[1171,456.3],[1170.8,453.6],[1169.7,452.6]]]}},{"type":"Feature","properties":{"osmId":210679281,"height":7.4,"minHeight":0,"levels":2,"name":"Church of the Ascension"},"geometry":{"type":"Polygon","coordinates":[[[559.6,383.2],[559.5,387.6],[552.5,387.5],[552.4,394.5],[544.8,394.3],[543.3,395.5],[540.2,395.5],[539.8,395.5],[539.8,394.2],[535.4,394],[535.1,416.2],[540.4,416.3],[562,416.6],[562,414.3],[567.3,414.4],[567.4,417.5],[576,417.5],[576.5,394.2],[574.3,394],[574.5,383.4]]]}},{"type":"Feature","properties":{"osmId":210679283,"height":4.2,"minHeight":0,"levels":1,"name":"LaSalle Street Church"},"geometry":{"type":"Polygon","coordinates":[[[473,400.9],[473,412.4],[473,415.5],[492.2,415.5],[500.4,415.6],[500.4,401]]]}},{"type":"Feature","properties":{"osmId":210679288,"height":26.6,"minHeight":0,"levels":8,"name":"The Oliver on LaSalle"},"geometry":{"type":"Polygon","coordinates":[[[435.7,411.8],[435.7,452.6],[446.7,452.9],[446.9,444.5],[453.6,444.6],[453.4,453.1],[468.3,453.4],[468.4,447.7],[465.5,447.6],[465.7,438],[468.9,438.1],[469,432.1],[450.5,431.8],[450.5,428.8],[450.5,424.9],[469,425.4],[469.3,412.6]]]}},{"type":"Feature","properties":{"osmId":210679296,"height":7.4,"minHeight":0,"levels":2},"geometry":{"type":"Polygon","coordinates":[[[531.2,698.6],[531.1,706.5],[542.8,706.7],[581.3,707.5],[581.4,699.6],[542.7,698.9]]]}},{"type":"Feature","properties":{"osmId":210679299,"height":10,"minHeight":0},"geometry":{"type":"Polygon","coordinates":[[[472.2,450.9],[500.2,451.7],[500.2,450.9],[500.3,444.1],[488.3,443.9],[488.2,445.5],[472.3,445.2]]]}},{"type":"Feature","properties":{"osmId":210679300,"height":77.8,"minHeight":0,"levels":24},"geometry":{"type":"Polygon","coordinates":[[[1148.1,471.1],[1147.1,477.5],[1137.5,477.1],[1137.4,479.8],[1129.4,479.6],[1129.2,486.3],[1123.4,486],[1123,495.1],[1121.7,495.1],[1121.2,512.9],[1131.1,512.5],[1143.8,508.3],[1154.6,500.2],[1157.4,496.8],[1160,493],[1162.1,489.2],[1163.9,484.9],[1166.1,471.7]]]}},{"type":"Feature","properties":{"osmId":210679302,"height":10,"minHeight":0},"geometry":{"type":"Polygon","coordinates":[[[491.2,451.4],[481.8,451.2],[481.7,458.4],[491.1,458.5]]]}},{"type":"Feature","properties":{"osmId":210679303,"height":10,"minHeight":0},"geometry":{"type":"Polygon","coordinates":[[[481.8,451.2],[472.2,450.9],[472.2,453.2],[472.1,458.3],[481.7,458.4]]]}},{"type":"Feature","properties":{"osmId":210679304,"height":10,"minHeight":0},"geometry":{"type":"Polygon","coordinates":[[[481.6,464.6],[472,464.3],[471.9,471.8],[480.9,472]]]}},{"type":"Feature","properties":{"osmId":210679305,"height":10,"minHeight":0},"geometry":{"type":"Polygon","coordinates":[[[491.2,451.4],[491.1,458.5],[494,458.5],[494.1,459.8],[500,459.9],[500.2,451.7]]]}},{"type":"Feature","properties":{"osmId":210679306,"height":10,"minHeight":0},"geometry":{"type":"Polygon","coordinates":[[[490.8,464.8],[490.3,472.2],[500,472.5],[500.2,464]]]}},{"type":"Feature","properties":{"osmId":210679307,"height":10,"minHeight":0},"geometry":{"type":"Polygon","coordinates":[[[490.8,464.8],[481.6,464.6],[480.9,472],[490.3,472.2]]]}},{"type":"Feature","properties":{"osmId":210679313,"height":42.6,"minHeight":0,"levels":13,"name":"Zelda Ormes Apartments"},"geometry":{"type":"Polygon","coordinates":[[[559.5,441.9],[559.4,442.7],[558,443.2],[558.8,446.6],[559.4,446.6],[559.3,448.8],[557.7,449.4],[558.7,452.9],[559.3,452.9],[559.3,454.8],[557.5,455.3],[558.3,459.4],[558.5,464.4],[553.3,464.1],[552.8,462.6],[534.3,463.7],[533.2,467.5],[534.8,467.9],[534.5,474.3],[534.1,474.3],[533.2,477.9],[534.5,478.4],[534.4,482.9],[534,482.9],[532.8,486.4],[534.3,487],[534.3,489.2],[533.7,489],[532.7,492.5],[534.2,493.1],[534.2,493.9],[541.1,494],[547.3,494.1],[547.4,493.4],[548.8,492.8],[547.9,489.4],[547.3,489.4],[547.4,487.4],[549.1,486.8],[548.1,482.8],[548.4,478.1],[553.4,478.2],[554,479.6],[572.3,478.5],[573.3,475],[571.6,474.4],[572,467.6],[573.7,467.6],[576.6,458.4],[575.1,457.9],[572,456.9],[572.2,453.1],[573,453.2],[573.9,449.7],[572.3,449],[572.3,447],[572.9,447],[574,443.6],[572.6,443],[572.6,442.3]]]}},{"type":"Feature","properties":{"osmId":210679316,"height":29.8,"minHeight":0,"levels":9,"name":"Woman's Athletic Club"},"geometry":{"type":"Polygon","coordinates":[[[1191.3,-610.5],[1213.8,-610.3],[1215.3,-638.7],[1214.5,-638.7],[1214.6,-643.2],[1191.6,-643.7],[1191.4,-623]]]}},{"type":"Feature","properties":{"osmId":210679319,"height":10,"minHeight":0},"geometry":{"type":"Polygon","coordinates":[[[485.4,479.7],[499.8,479.9],[500,472.5],[487.5,472.1],[487.3,475.1],[479.4,474.9],[479.3,479.6]]]}},{"type":"Feature","properties":{"osmId":210679321,"height":17,"minHeight":0,"levels":5,"name":"Mark Twain Hotel"},"geometry":{"type":"Polygon","coordinates":[[[581,470.8],[580.6,502],[624.7,502.5],[625.5,501.8],[626.2,501.2],[626.4,478.6],[596,478.2],[596,473.1],[589.8,473.1],[589.8,470.9]]]}},{"type":"Feature","properties":{"osmId":210679323,"height":13.8,"minHeight":0,"levels":4},"geometry":{"type":"Polygon","coordinates":[[[499.8,479.9],[485.4,479.7],[485.1,486.2],[479.4,486.1],[479.3,482],[477.6,481.9],[477.6,479.8],[467.6,480.8],[467.5,483.9],[471.1,484.1],[471,486.8],[477.4,486.9],[477.3,493.7],[470.4,493.5],[470.3,500],[499.3,500.5]]]}},{"type":"Feature","properties":{"osmId":210679325,"height":20.2,"minHeight":0,"levels":6},"geometry":{"type":"Polygon","coordinates":[[[651.9,462.6],[650.8,502],[695.4,502.9],[695.5,473.3],[689.9,473],[689.8,469.2],[689.2,467.6],[688.3,465.9],[683.4,463.4]]]}},{"type":"Feature","properties":{"osmId":210679327,"height":13.8,"minHeight":0,"levels":4},"geometry":{"type":"Polygon","coordinates":[[[573.8,-187],[573.5,-169.4],[574.4,-168.5],[574.5,-163.8],[573,-162.4],[572.9,-153.6],[574.3,-152.3],[584.3,-153.1],[584.9,-152.2],[586.7,-152.1],[587.6,-153],[588.1,-186.8]]]}},{"type":"Feature","properties":{"osmId":210679337,"height":4.2,"minHeight":0,"levels":1,"name":"Planned Parenthood"},"geometry":{"type":"Polygon","coordinates":[[[498.7,540.6],[499.1,520.7],[472.8,520.1],[472.3,539.7]]]}},{"type":"Feature","properties":{"osmId":210679338,"height":39.4,"minHeight":0,"levels":12},"geometry":{"type":"Polygon","coordinates":[[[1113.6,556.2],[1147.4,556.5],[1149.4,556.5],[1149.5,547.7],[1151.4,545.5],[1149.8,542.7],[1150,533.9],[1114.2,533.1],[1113.8,552.2]]]}},{"type":"Feature","properties":{"osmId":210679340,"height":13.8,"minHeight":0,"levels":4},"geometry":{"type":"Polygon","coordinates":[[[374.5,525.1],[374.6,518.3],[354.1,518],[354,524.8]]]}},{"type":"Feature","properties":{"osmId":210679348,"height":10,"minHeight":0},"geometry":{"type":"Polygon","coordinates":[[[146.5,541],[156.2,541.2],[156.7,517.7],[147.6,517.5],[147.4,526.4],[145.7,526.4],[145.5,538.1],[146.6,538.1]]]}},{"type":"Feature","properties":{"osmId":210679363,"height":10.6,"minHeight":0,"levels":3,"name":"The House of Glunz"},"geometry":{"type":"Polygon","coordinates":[[[374.3,540.6],[374.5,525.1],[354,524.8],[354,526.6],[355.9,526.6],[355.8,540.4]]]}},{"type":"Feature","properties":{"osmId":210679371,"height":10.6,"minHeight":0,"levels":3},"geometry":{"type":"Polygon","coordinates":[[[374.3,540.6],[355.8,540.4],[355.7,547.4],[358.9,547.5],[359.7,548.2],[361,548.2],[362.5,547.2],[365.4,547.3],[366.3,548],[374.3,547.3]]]}},{"type":"Feature","properties":{"osmId":210679373,"height":23.4,"minHeight":0,"levels":7},"geometry":{"type":"Polygon","coordinates":[[[988.2,566.6],[998.7,567.7],[1001.7,565.3],[1001.4,562.1],[1004.1,554.5],[1003.3,553.4],[1008.1,531.8],[1005.7,529],[1002,529.9],[990.8,528.8],[989.5,529.7],[988.7,535]]]}},{"type":"Feature","properties":{"osmId":210679376,"height":58.6,"minHeight":0,"levels":18,"name":"LaSalle Towers Apartments"},"geometry":{"type":"Polygon","coordinates":[[[544.7,582.7],[545.5,554.9],[531.6,554.5],[530.8,582.3]]]}},{"type":"Feature","properties":{"osmId":210679377,"height":10,"minHeight":0},"geometry":{"type":"Polygon","coordinates":[[[145.6,564.6],[155.7,564.8],[156.2,541.5],[156.2,541.2],[146.5,541],[146.4,547.2],[144.8,547.2]]]}},{"type":"Feature","properties":{"osmId":210679379,"height":10.6,"minHeight":0,"levels":3},"geometry":{"type":"Polygon","coordinates":[[[477.7,564.5],[477.6,569.6],[497.4,569.7],[497.5,564.8]]]}},{"type":"Feature","properties":{"osmId":210679381,"height":10.6,"minHeight":0,"levels":3},"geometry":{"type":"Polygon","coordinates":[[[487.5,570.5],[486.4,571.5],[470.9,571.8],[471.5,578.4],[476.7,578.5],[476.8,577.3],[497.3,578.6],[497.6,571.8]]]}},{"type":"Feature","properties":{"osmId":210679384,"height":7.4,"minHeight":0,"levels":2},"geometry":{"type":"Polygon","coordinates":[[[397.3,579.1],[444.9,580.1],[445.1,570.7],[397.5,569.6]]]}},{"type":"Feature","properties":{"osmId":210679385,"height":13.8,"minHeight":0,"levels":4},"geometry":{"type":"Polygon","coordinates":[[[551.2,-383.5],[568.9,-383.2],[569.9,-383.3],[571.1,-384.6],[581,-383.1],[581.7,-390.3],[580.9,-391.3],[577.9,-390.9],[577.1,-391.7],[575.2,-391.7],[574.3,-390.8],[569.7,-391.7],[568.9,-390.8],[563.2,-390.9],[562,-392],[551.3,-391.1]]]}},{"type":"Feature","properties":{"osmId":210679387,"height":17,"minHeight":0,"levels":5},"geometry":{"type":"Polygon","coordinates":[[[462,578],[461.6,588.2],[460.7,588.2],[461,603.5],[473.2,604],[473.3,600.1],[480.6,600.5],[480.5,604],[492.7,604.5],[494,588.2],[493,588.1],[493.2,579.3],[481.5,578.8],[481.4,582.3],[473.7,581.9],[473.9,578.5],[471.5,578.4]]]}},{"type":"Feature","properties":{"osmId":210679388,"height":55.4,"minHeight":0,"levels":17,"name":"Canterbury Court Apartments"},"geometry":{"type":"Polygon","coordinates":[[[820.2,570.8],[819.5,591.9],[825.4,592],[825.5,587.8],[851.8,588.6],[852.2,575.6],[825.8,574.8],[826,571]]]}},{"type":"Feature","properties":{"osmId":210679390,"height":7.4,"minHeight":0,"levels":2},"geometry":{"type":"Polygon","coordinates":[[[570.6,603.4],[572.2,603.4],[572.7,583.4],[544.7,582.7],[530.8,582.3],[530.3,602.3]]]}},{"type":"Feature","properties":{"osmId":210679392,"height":10,"minHeight":0},"geometry":{"type":"Polygon","coordinates":[[[144.6,587.8],[154.8,588.1],[155.2,588.1],[155.7,564.8],[145.6,564.6],[145.4,570.4],[144,570.4]]]}},{"type":"Feature","properties":{"osmId":210679402,"height":10,"minHeight":0},"geometry":{"type":"Polygon","coordinates":[[[144.3,611.1],[154.2,611.3],[154.8,588.1],[144.6,587.8],[144.5,593.5],[142.7,593.5],[142.6,599.9],[142.5,605],[144.4,605]]]}},{"type":"Feature","properties":{"osmId":210679403,"height":13.8,"minHeight":0,"levels":4,"name":"Marshall Hotel"},"geometry":{"type":"Polygon","coordinates":[[[452.2,604.3],[451.6,628],[488.1,628.8],[488.1,630.6],[496.1,630.8],[496.8,605.2],[485.7,605],[485.3,617.3],[480.3,617.2],[480.6,604.9],[468.9,604.7],[468.7,617.1],[463.4,616.8],[463.7,604.6]]]}},{"type":"Feature","properties":{"osmId":210679407,"height":7.4,"minHeight":0,"levels":2},"geometry":{"type":"Polygon","coordinates":[[[570.6,603.4],[530.3,602.3],[529.4,632.4],[569.8,633.5]]]}},{"type":"Feature","properties":{"osmId":210679408,"height":10,"minHeight":0},"geometry":{"type":"Polygon","coordinates":[[[529.2,634.2],[527.6,686.8],[569.4,687.7],[570.2,651.2],[581.8,651.4],[581.9,636.4]]]}},{"type":"Feature","properties":{"osmId":210679418,"height":103.4,"minHeight":0,"levels":32},"geometry":{"type":"Polygon","coordinates":[[[1112.9,634.3],[1113.7,657.1],[1143.9,657.5],[1144.1,648],[1148.5,648.1],[1148.7,639.1],[1144.3,639],[1144.4,634.8]]]}},{"type":"Feature","properties":{"osmId":210679421,"height":10.6,"minHeight":0,"levels":3,"name":"Declan's"},"geometry":{"type":"Polygon","coordinates":[[[371.3,646.1],[371.5,638.9],[340.6,638.1],[340.4,645.3],[341.9,645.4]]]}},{"type":"Feature","properties":{"osmId":210679425,"height":10,"minHeight":0},"geometry":{"type":"Polygon","coordinates":[[[144.4,634.8],[153.9,635],[153.9,634.7],[154.4,611.3],[154.2,611.3],[144.3,611.1],[142.9,628.5],[144.5,628.5],[144.4,634.6]]]}},{"type":"Feature","properties":{"osmId":210679428,"height":7.4,"minHeight":0,"levels":2},"geometry":{"type":"Polygon","coordinates":[[[352.3,659.1],[371,659.6],[371.2,651.9],[371.3,646.1],[341.9,645.4],[341.8,651.2],[341.6,658.4],[352.3,658.7]]]}},{"type":"Feature","properties":{"osmId":210679432,"height":33,"minHeight":0,"levels":10},"geometry":{"type":"Polygon","coordinates":[[[1066.4,659.5],[1066.2,672.4],[1094.4,673],[1094.6,658.7],[1077.5,658.5],[1069.1,658.4],[1066.5,659.5]]]}},{"type":"Feature","properties":{"osmId":210679437,"height":10.6,"minHeight":0,"levels":3,"name":"China Doll"},"geometry":{"type":"Polygon","coordinates":[[[352.3,659.1],[351.4,666.8],[355.6,666.9],[355.6,665.5],[370.8,665.9],[371,659.6]]]}},{"type":"Feature","properties":{"osmId":210679440,"height":10.6,"minHeight":0,"levels":3},"geometry":{"type":"Polygon","coordinates":[[[350.6,675.5],[370.8,675.9],[370.8,668.6],[364.3,668.5],[363.7,667.4],[362,667.4],[360.9,668.3],[350.1,668.3]]]}},{"type":"Feature","properties":{"osmId":210679442,"height":74.6,"minHeight":0,"levels":23,"name":"1250 North Dearborn"},"geometry":{"type":"Polygon","coordinates":[[[697.5,695.1],[741.4,695.8],[742,665.3],[698.4,664.3]]]}},{"type":"Feature","properties":{"osmId":210679443,"height":49,"minHeight":0,"levels":15},"geometry":{"type":"Polygon","coordinates":[[[451.8,631],[449.5,711.1],[464.3,711.5],[464.3,708.3],[469.5,708.4],[470,684.6],[489.6,685.1],[491.1,631.3],[468.1,630.7]]]}},{"type":"Feature","properties":{"osmId":210679447,"height":10,"minHeight":0},"geometry":{"type":"Polygon","coordinates":[[[153.9,635],[144.4,634.8],[144.3,637.5],[142.9,637.5],[142.7,649.1],[144.2,649.1],[144,658],[153.5,658.2]]]}},{"type":"Feature","properties":{"osmId":210679449,"height":10.6,"minHeight":0,"levels":3},"geometry":{"type":"Polygon","coordinates":[[[370.7,684],[370.8,675.9],[340.2,675.3],[340,683.5],[349.8,683.6]]]}},{"type":"Feature","properties":{"osmId":210679450,"height":10,"minHeight":0},"geometry":{"type":"Polygon","coordinates":[[[492.6,692],[494.1,686.5],[492.7,685.5],[481.1,685.4],[478.2,685.4],[478.2,692],[480.9,691.9]]]}},{"type":"Feature","properties":{"osmId":210679453,"height":13.8,"minHeight":0,"levels":4},"geometry":{"type":"Polygon","coordinates":[[[349.6,692.3],[370.5,692.6],[370.7,684],[349.8,683.6]]]}},{"type":"Feature","properties":{"osmId":210679454,"height":33,"minHeight":0,"levels":10,"name":"The Churchill Condominiums"},"geometry":{"type":"Polygon","coordinates":[[[894.7,678.9],[894.8,680.3],[873.3,680.2],[872.7,714.9],[890.8,715.2],[891.1,700.2],[895.5,700.1],[895.6,695.4],[918.8,695.9],[919,681.3],[912.6,681.1],[899.9,680.7],[900.1,679]]]}},{"type":"Feature","properties":{"osmId":210679455,"height":10,"minHeight":0},"geometry":{"type":"Polygon","coordinates":[[[492.5,697.3],[494,695.8],[493.8,693.2],[492.6,692],[480.9,691.9],[478.2,692],[478.2,696.3],[476.4,696.2],[476.3,699.7],[480.5,700.1],[492.4,700.1]]]}},{"type":"Feature","properties":{"osmId":210679456,"height":10.6,"minHeight":0,"levels":3},"geometry":{"type":"Polygon","coordinates":[[[349.6,692.3],[339.6,692.1],[339.3,708.5],[360.9,708.8],[370.3,709],[370.5,692.6]]]}},{"type":"Feature","properties":{"osmId":210679457,"height":10,"minHeight":0},"geometry":{"type":"Polygon","coordinates":[[[491.6,712.6],[492.4,700.1],[475.8,699.7],[475.1,712.4],[480,712.6]]]}},{"type":"Feature","properties":{"osmId":210679461,"height":42.6,"minHeight":0,"levels":13},"geometry":{"type":"Polygon","coordinates":[[[976.3,694.1],[965.5,693.9],[964.7,697.1],[953.5,696.9],[953.5,700.4],[951.2,700.2],[950.9,716.6],[961.9,716.7],[962.5,715.8],[965.8,715.9],[965.8,715],[972.4,715.8]]]}},{"type":"Feature","properties":{"osmId":210679462,"height":42.6,"minHeight":0,"levels":13},"geometry":{"type":"Polygon","coordinates":[[[697.5,695.1],[697,716.7],[743,717.3],[743.3,695.9],[741.4,695.8]]]}},{"type":"Feature","properties":{"osmId":210679467,"height":10.6,"minHeight":0,"levels":3},"geometry":{"type":"Polygon","coordinates":[[[476,724.9],[475.2,749.5],[461.9,749.3],[461.9,753.7],[488.4,754.1],[489.4,725.3]]]}},{"type":"Feature","properties":{"osmId":210679472,"height":49,"minHeight":0,"levels":15},"geometry":{"type":"Polygon","coordinates":[[[989.6,736.9],[989.5,743.1],[987.8,743],[985.3,757.1],[997.4,757.6],[997.9,754.7],[1004.8,755.1],[1005.9,737.2]]]}},{"type":"Feature","properties":{"osmId":210679473,"height":4.2,"minHeight":0,"levels":1,"name":"First Saint Paul's Evangelical Lutheran Church"},"geometry":{"type":"Polygon","coordinates":[[[535.2,726.8],[533.2,727],[531.4,727.8],[527.6,732.3],[527.3,733.6],[526.9,751.9],[528.3,751.9],[528.3,755.1],[543.2,755.4],[562.7,755.9],[562.9,750.1],[561.7,750.1],[561.9,747.8],[573.6,748.2],[573.7,742.4],[573.9,733.6],[551.5,733.1],[551.6,735.3],[547.5,735.4],[543.3,735.6],[542.9,731.9],[541.9,730.3],[540.7,728.8]]]}},{"type":"Feature","properties":{"osmId":210679490,"height":49,"minHeight":0,"levels":15},"geometry":{"type":"Polygon","coordinates":[[[393.9,736.5],[393,759.5],[441.9,761.4],[442.8,738.3]]]}},{"type":"Feature","properties":{"osmId":210679492,"height":10.6,"minHeight":0,"levels":3},"geometry":{"type":"Polygon","coordinates":[[[467.9,754.4],[467.7,759.7],[477.6,760.1],[477.5,761.3],[488.3,761.5],[488.3,761.3],[489.1,760.3],[488.4,755]]]}},{"type":"Feature","properties":{"osmId":210679498,"height":10.6,"minHeight":0,"levels":3},"geometry":{"type":"Polygon","coordinates":[[[469.6,767.9],[487.6,768.3],[489.6,768.3],[489.6,765.3],[487.9,765.3],[488,762.2],[471.3,762.5],[470.4,766.3],[471.3,766.3],[471.2,767.4],[469.6,767.4]]]}},{"type":"Feature","properties":{"osmId":210679503,"height":10.6,"minHeight":0,"levels":3},"geometry":{"type":"Polygon","coordinates":[[[487.4,776.7],[487.6,768.3],[469.6,767.9],[469.5,772],[471.7,771.9],[471.7,776]]]}},{"type":"Feature","properties":{"osmId":210679510,"height":10.6,"minHeight":0,"levels":3},"geometry":{"type":"Polygon","coordinates":[[[487.4,776.7],[471.7,776],[471.6,779.2],[470.2,779.2],[470.1,784.2],[487.3,784.5]]]}},{"type":"Feature","properties":{"osmId":210679513,"height":4.2,"minHeight":0,"levels":1},"geometry":{"type":"Polygon","coordinates":[[[393.5,765.1],[393.4,782.6],[426.5,782.9],[426.7,765.5]]]}},{"type":"Feature","properties":{"osmId":210679514,"height":74.6,"minHeight":0,"levels":23},"geometry":{"type":"Polygon","coordinates":[[[877.8,767.1],[873.6,767],[872.6,814.9],[915.7,815.8],[916.6,767.7],[892.9,767.3]]]}},{"type":"Feature","properties":{"osmId":210679521,"height":13.8,"minHeight":0,"levels":4},"geometry":{"type":"Polygon","coordinates":[[[477.6,785.4],[477.4,787.2],[472.2,786.9],[472.1,791.7],[487.5,792.1],[487.8,785.8]]]}},{"type":"Feature","properties":{"osmId":210679524,"height":10.6,"minHeight":0,"levels":3},"geometry":{"type":"Polygon","coordinates":[[[404.9,784.2],[404.8,790.5],[439.7,791.2],[439.8,784.9]]]}},{"type":"Feature","properties":{"osmId":210679533,"height":45.8,"minHeight":0,"levels":14},"geometry":{"type":"Polygon","coordinates":[[[1005.5,797.8],[978.4,798],[975.3,814.8],[980.3,815.9],[978.8,818.9],[980.1,821.8],[994.4,822.1],[1026.1,822.8],[1026.7,810.3],[1005.1,809.3]]]}},{"type":"Feature","properties":{"osmId":210679538,"height":10,"minHeight":0},"geometry":{"type":"Polygon","coordinates":[[[390.8,812.9],[429.8,813.5],[430.3,792],[392.4,791.2],[391.9,812.7],[390.8,812.7]]]}},{"type":"Feature","properties":{"osmId":210679549,"height":52.2,"minHeight":0,"levels":16},"geometry":{"type":"Polygon","coordinates":[[[718.6,817.5],[718.5,819.8],[716,819.8],[714.4,819.7],[714,836.2],[715.7,836.2],[718.1,836.3],[718.1,838.3],[733.3,838.5],[733.4,833.6],[735,833.7],[735.3,822.2],[733.5,822.2],[733.6,817.8]]]}},{"type":"Feature","properties":{"osmId":210679550,"height":13.8,"minHeight":0,"levels":4},"geometry":{"type":"Polygon","coordinates":[[[459.3,792],[459.2,794],[457.5,794],[457.4,797.2],[463.5,797.3],[463.4,799.9],[447.5,799.4],[446.5,835.2],[452.7,835.3],[453.1,824.3],[456.1,824.4],[455.9,830.8],[458.3,830.7],[458.2,835.6],[484.2,836.4],[484.3,831],[480.1,830.9],[480.2,828.4],[486.7,828.7],[487.7,797.9],[484.9,797.8],[485.1,792.9]]]}},{"type":"Feature","properties":{"osmId":210679559,"height":4.2,"minHeight":0,"levels":1},"geometry":{"type":"Polygon","coordinates":[[[440.5,828.8],[440.7,821],[417.6,820.6],[417.9,813.4],[390.8,812.9],[390.5,827.5],[391.1,827.6]]]}},{"type":"Feature","properties":{"osmId":210679561,"height":52.2,"minHeight":0,"levels":16},"geometry":{"type":"Polygon","coordinates":[[[974.5,841.8],[969.8,868.3],[977.6,869],[983.5,869.1],[985.4,858.7],[999.7,861.2],[1002.8,845],[990,842.6],[989.9,843.8]]]}},{"type":"Feature","properties":{"osmId":210679576,"height":52.2,"minHeight":0,"levels":16},"geometry":{"type":"Polygon","coordinates":[[[715.6,838.1],[715.3,859.6],[717.9,859.7],[734.7,860],[735.1,838.6]]]}},{"type":"Feature","properties":{"osmId":210679581,"height":61.8,"minHeight":0,"levels":19},"geometry":{"type":"Polygon","coordinates":[[[717.9,859.7],[717.6,882.1],[720.4,882.1],[733.8,882.4],[734.7,860]]]}},{"type":"Feature","properties":{"osmId":210679586,"height":71.4,"minHeight":0,"levels":22},"geometry":{"type":"Polygon","coordinates":[[[1014.6,873.1],[1017.6,873.8],[1050.4,879.6],[1093.1,873.1],[1095.4,872.7],[1092.8,854.7],[1059.7,859.6],[1048.6,861.2],[1018.6,854.6]]]}},{"type":"Feature","properties":{"osmId":210679591,"height":61.8,"minHeight":0,"levels":19,"name":"Elm Tower"},"geometry":{"type":"Polygon","coordinates":[[[832.3,455.1],[832.2,442.2],[808.5,441.6],[808.1,455],[811.5,455],[811.5,456.4],[812.4,457.8],[811.5,458.7],[812,468.1],[811.3,468.9],[811.1,470.3],[812.1,471.5],[827.8,471.5],[828.5,470.4],[828.6,469.3],[827.6,468.3],[828.7,458.8],[827.9,457.9],[828.8,456.9],[829,455.1]]]}},{"type":"Feature","properties":{"osmId":210679595,"height":17,"minHeight":0,"levels":5},"geometry":{"type":"Polygon","coordinates":[[[492.1,-462.2],[495,-462.1],[494.9,-460],[498.5,-459.9],[498.6,-463.1],[502.8,-464.3],[503.1,-481.3],[492.7,-481.5]]]}},{"type":"Feature","properties":{"osmId":210679598,"height":49,"minHeight":0,"levels":15,"name":"ACME Hotel Company"},"geometry":{"type":"Polygon","coordinates":[[[957,-761.2],[973.1,-760.8],[973.8,-789],[973.8,-790.5],[957.7,-790.9]]]}},{"type":"Feature","properties":{"osmId":210679602,"height":65,"minHeight":0,"levels":20},"geometry":{"type":"Polygon","coordinates":[[[404.3,346.4],[434.1,347.2],[434.7,325.4],[438.2,325.5],[441.5,325.5],[442.8,298.5],[447.1,298.6],[446.9,299.4],[446.7,307.6],[447.8,308.6],[453.6,308.9],[454.5,310.1],[456,310.1],[456.9,308.8],[463,308.9],[463.7,308],[464.4,289.4],[463.1,288.6],[458,288.5],[456.9,289.6],[453.5,286.1],[454.4,284.9],[454.7,279.3],[454.1,278.5],[408.3,277.5],[407.2,278.6],[407.1,284.4],[406.2,284.5],[405.7,285.4],[407,287.3],[406.8,291.8],[406.9,292.3],[405.5,292.1],[405.5,292.3],[405.2,298.8],[411.3,298.9],[411.3,300.1],[411,311.8],[405.2,311.7]]]}},{"type":"Feature","properties":{"osmId":210679606,"height":13.8,"minHeight":0,"levels":4},"geometry":{"type":"Polygon","coordinates":[[[473,-570],[472.5,-541.7],[484.1,-541.4],[484.6,-569.8]]]}},{"type":"Feature","properties":{"osmId":210679607,"height":10.6,"minHeight":0,"levels":3},"geometry":{"type":"Polygon","coordinates":[[[449.2,724.6],[448.8,745.7],[455.4,745.8],[455.4,743.9],[473.2,744.2],[473.5,728.6],[456.5,728.3],[456.6,724.7]]]}},{"type":"Feature","properties":{"osmId":210679608,"height":10,"minHeight":0},"geometry":{"type":"Polygon","coordinates":[[[475.5,-375.4],[481,-375.3],[481.2,-389],[479.9,-389.8],[478.4,-388.6],[475.9,-388.8]]]}},{"type":"Feature","properties":{"osmId":210679611,"height":65,"minHeight":0,"levels":20},"geometry":{"type":"Polygon","coordinates":[[[436.3,391.5],[469.8,392.5],[470,384],[474.6,384.1],[478.1,384.2],[477.8,389.5],[476.8,391.2],[478.7,392.4],[478.6,398.2],[482.6,398.3],[485.8,400.5],[497.1,381.3],[496,379],[496.4,370.3],[497.4,368.4],[496.2,366.5],[496.6,359.2],[497.6,357.6],[496.5,355.7],[496.9,346.6],[498,344.9],[496.7,342.5],[497,336.6],[498.2,334.6],[496.1,333.1],[496.2,327.6],[492.2,327.8],[489.2,326],[481.5,338.1],[474.5,337.8],[475,326.4],[441.5,325.5],[438.2,325.5]]]}},{"type":"Feature","properties":{"osmId":210679612,"height":10.6,"minHeight":0,"levels":3},"geometry":{"type":"Polygon","coordinates":[[[473,-570],[465.3,-570.1],[464.8,-541.8],[472.5,-541.7]]]}},{"type":"Feature","properties":{"osmId":210679613,"height":10,"minHeight":0},"geometry":{"type":"Polygon","coordinates":[[[461.6,-370.6],[474.9,-370.5],[475.4,-389.4],[470.9,-389.2],[471,-392.4],[461.9,-392.6]]]}},{"type":"Feature","properties":{"osmId":210679614,"height":13.8,"minHeight":0,"levels":4},"geometry":{"type":"Polygon","coordinates":[[[477,-481.8],[463.8,-482.2],[463.3,-460.6],[470.2,-460.4],[470.3,-462],[476.4,-461.9]]]}},{"type":"Feature","properties":{"osmId":210679615,"height":10.6,"minHeight":0,"levels":3},"geometry":{"type":"Polygon","coordinates":[[[439,477.9],[438.6,494.8],[465.7,495.2],[465.9,478.5]]]}},{"type":"Feature","properties":{"osmId":210679616,"height":13.8,"minHeight":0,"levels":4},"geometry":{"type":"Polygon","coordinates":[[[428,691.8],[427.4,711.6],[442.6,712],[443.2,692.3],[437.6,692.1],[436.4,693.3],[434.4,693],[433.2,691.9]]]}},{"type":"Feature","properties":{"osmId":210679621,"height":10,"minHeight":0},"geometry":{"type":"Polygon","coordinates":[[[430.5,240.7],[430.5,242],[418.7,241.9],[418.5,265.8],[456.1,266.2],[456.3,242.3],[445.8,242.2],[445.9,240.8]]]}},{"type":"Feature","properties":{"osmId":210679622,"height":10.6,"minHeight":0,"levels":3},"geometry":{"type":"Polygon","coordinates":[[[406.7,725.3],[395.3,726.4],[395.1,735.4],[440.8,736.4],[440.9,727.4],[429.6,725.9],[427.9,727.4],[423.7,727.1],[421.8,725.8],[408.3,726.8]]]}},{"type":"Feature","properties":{"osmId":210679624,"height":10.6,"minHeight":0,"levels":3},"geometry":{"type":"Polygon","coordinates":[[[443.8,-378.7],[457.5,-378.9],[457.4,-393.6],[444,-393.5]]]}},{"type":"Feature","properties":{"osmId":210679627,"height":10.6,"minHeight":0,"levels":3},"geometry":{"type":"Polygon","coordinates":[[[394.9,695.7],[394.7,709],[423.2,709.5],[423.4,696.2]]]}},{"type":"Feature","properties":{"osmId":210679629,"height":7.4,"minHeight":0,"levels":2},"geometry":{"type":"Polygon","coordinates":[[[427.6,376.1],[427.1,390.2],[433.1,390.3],[433.6,376.4]]]}},{"type":"Feature","properties":{"osmId":210679635,"height":33,"minHeight":0,"levels":10,"name":"Elms Hotel"},"geometry":{"type":"Polygon","coordinates":[[[912.4,475],[942,475.7],[942.5,447.3],[932.7,447.1],[931.2,464.1],[923.6,464],[923.1,446.7],[913.1,446.5]]]}},{"type":"Feature","properties":{"osmId":210679644,"height":20.2,"minHeight":0,"levels":6},"geometry":{"type":"Polygon","coordinates":[[[923.4,735.2],[923.1,758.7],[921.6,758.7],[921.5,765.5],[933.7,765.8],[935.4,758.4],[935.5,754],[936.9,754],[937.2,735.4]]]}},{"type":"Feature","properties":{"osmId":210679651,"height":10,"minHeight":0},"geometry":{"type":"Polygon","coordinates":[[[356.4,-193.5],[354.9,-127.4],[392.8,-127],[394.7,-192.5]]]}},{"type":"Feature","properties":{"osmId":210679652,"height":10,"minHeight":0},"geometry":{"type":"Polygon","coordinates":[[[366.5,-379.5],[399.5,-379],[399.7,-394.3],[366.7,-394.8]]]}},{"type":"Feature","properties":{"osmId":210679657,"height":7.4,"minHeight":0,"levels":2},"geometry":{"type":"Polygon","coordinates":[[[354,524.8],[354.1,518],[344.1,517.9],[343.7,548.7],[353.7,548.8],[354,526.6]]]}},{"type":"Feature","properties":{"osmId":210679659,"height":10.6,"minHeight":0,"levels":3},"geometry":{"type":"Polygon","coordinates":[[[382.5,-476],[385.8,-476],[385.8,-477.1],[385.9,-483.3],[367.9,-483.6],[367.8,-477.2],[383.1,-477]]]}},{"type":"Feature","properties":{"osmId":210679671,"height":10,"minHeight":0},"geometry":{"type":"Polygon","coordinates":[[[370.4,-279.8],[345.9,-280.4],[345.1,-249.9],[363.2,-249.4],[365.6,-246.4],[368.6,-246.4]]]}},{"type":"Feature","properties":{"osmId":210679673,"height":10,"minHeight":0},"geometry":{"type":"Polygon","coordinates":[[[332.2,702.4],[319.6,702.2],[319.5,708.7],[332.1,708.9]]]}},{"type":"Feature","properties":{"osmId":210679674,"height":10,"minHeight":0},"geometry":{"type":"Polygon","coordinates":[[[320.1,671.1],[332.7,671.3],[332.8,665.3],[320.2,665.1]]]}},{"type":"Feature","properties":{"osmId":210679675,"height":10,"minHeight":0},"geometry":{"type":"Polygon","coordinates":[[[332.5,684.5],[332.6,678.4],[320,678.2],[319.9,684.3]]]}},{"type":"Feature","properties":{"osmId":210679676,"height":10,"minHeight":0},"geometry":{"type":"Polygon","coordinates":[[[319.6,702.2],[332.2,702.4],[332.3,696.6],[319.7,696.4]]]}},{"type":"Feature","properties":{"osmId":210679677,"height":10,"minHeight":0},"geometry":{"type":"Polygon","coordinates":[[[319.7,696.4],[332.3,696.6],[332.4,690.7],[319.8,690.5]]]}},{"type":"Feature","properties":{"osmId":210679678,"height":10,"minHeight":0},"geometry":{"type":"Polygon","coordinates":[[[320.4,653],[333,653.2],[333,647.1],[320.5,646.9]]]}},{"type":"Feature","properties":{"osmId":210679679,"height":10,"minHeight":0},"geometry":{"type":"Polygon","coordinates":[[[320.5,646.9],[333,647.1],[333.1,640.8],[320.6,640.7]]]}},{"type":"Feature","properties":{"osmId":210679680,"height":10,"minHeight":0},"geometry":{"type":"Polygon","coordinates":[[[332.8,665.3],[332.9,659.1],[320.3,659],[320.2,665.1]]]}},{"type":"Feature","properties":{"osmId":210679681,"height":10,"minHeight":0},"geometry":{"type":"Polygon","coordinates":[[[319.8,690.5],[332.4,690.7],[332.5,684.5],[319.9,684.3]]]}},{"type":"Feature","properties":{"osmId":210679682,"height":10,"minHeight":0},"geometry":{"type":"Polygon","coordinates":[[[320.3,659],[332.9,659.1],[333,653.2],[320.4,653]]]}},{"type":"Feature","properties":{"osmId":210679683,"height":10,"minHeight":0},"geometry":{"type":"Polygon","coordinates":[[[320,678.2],[332.6,678.4],[332.7,671.3],[320.1,671.1]]]}},{"type":"Feature","properties":{"osmId":210679688,"height":10,"minHeight":0},"geometry":{"type":"Polygon","coordinates":[[[309,-243.5],[294.4,-243.8],[293.8,-213.8],[308.4,-213.5]]]}},{"type":"Feature","properties":{"osmId":210679689,"height":10,"minHeight":0},"geometry":{"type":"Polygon","coordinates":[[[358.1,-571.6],[357,-541.1],[364.5,-541],[365.6,-571.5]]]}},{"type":"Feature","properties":{"osmId":210679691,"height":7.4,"minHeight":0,"levels":2},"geometry":{"type":"Polygon","coordinates":[[[348.7,-453.4],[362.9,-453.2],[363.4,-483.5],[348.8,-483.7]]]}},{"type":"Feature","properties":{"osmId":210679694,"height":20.2,"minHeight":0,"levels":6},"geometry":{"type":"Polygon","coordinates":[[[344.2,-630.8],[358.7,-630.6],[359.2,-660.8],[344.7,-661],[344.5,-651.9]]]}},{"type":"Feature","properties":{"osmId":210679695,"height":10,"minHeight":0},"geometry":{"type":"Polygon","coordinates":[[[314.7,692.5],[307.4,692.3],[307.1,704.5],[314.4,704.7]]]}},{"type":"Feature","properties":{"osmId":210679697,"height":23.4,"minHeight":0,"levels":7},"geometry":{"type":"Polygon","coordinates":[[[347.3,-424.2],[347.2,-417.4],[362.4,-417.1],[362.9,-447.7],[347.2,-448]]]}},{"type":"Feature","properties":{"osmId":210679698,"height":20.2,"minHeight":0,"levels":6},"geometry":{"type":"Polygon","coordinates":[[[299.1,-537.9],[298.7,-507.2],[363.7,-506.2],[364.1,-536.9]]]}},{"type":"Feature","properties":{"osmId":210679701,"height":10.6,"minHeight":0,"levels":3},"geometry":{"type":"Polygon","coordinates":[[[313.3,516.7],[312.8,535.8],[315.2,536],[315.1,541.7],[319.6,541.8],[320.1,517]]]}},{"type":"Feature","properties":{"osmId":210679702,"height":7.4,"minHeight":0,"levels":2},"geometry":{"type":"Polygon","coordinates":[[[303,685.7],[301.9,704.6],[306.5,704.8],[307.3,692.1],[304.5,691.9],[304.8,685.8]]]}},{"type":"Feature","properties":{"osmId":210679703,"height":10,"minHeight":0},"geometry":{"type":"Polygon","coordinates":[[[303,685.7],[300.6,685.3],[300.3,692.7],[297.7,692.6],[297.1,704.4],[301.9,704.6]]]}},{"type":"Feature","properties":{"osmId":210679709,"height":7.4,"minHeight":0,"levels":2},"geometry":{"type":"Polygon","coordinates":[[[302,649.7],[314.5,650],[314.6,644.5],[296.1,644],[296,647.5],[302,647.7]]]}},{"type":"Feature","properties":{"osmId":210679710,"height":7.4,"minHeight":0,"levels":2},"geometry":{"type":"Polygon","coordinates":[[[301.8,660.9],[314.2,661.2],[314.4,655.8],[296.1,655.4],[296,658.5],[301.9,658.7]]]}},{"type":"Feature","properties":{"osmId":210679711,"height":7.4,"minHeight":0,"levels":2},"geometry":{"type":"Polygon","coordinates":[[[295.5,666.3],[314.1,666.8],[314.2,661.2],[301.8,660.9],[301.8,663.6],[295.6,663.5]]]}},{"type":"Feature","properties":{"osmId":210679712,"height":7.4,"minHeight":0,"levels":2},"geometry":{"type":"Polygon","coordinates":[[[296.1,644],[314.6,644.5],[314.8,639.5],[302.4,639.2],[302.3,641.7],[296.1,641.5]]]}},{"type":"Feature","properties":{"osmId":210679713,"height":7.4,"minHeight":0,"levels":2},"geometry":{"type":"Polygon","coordinates":[[[301.5,672],[313.9,672.3],[314.1,666.8],[295.5,666.3],[295.5,669.2],[301.5,669.4]]]}},{"type":"Feature","properties":{"osmId":210679714,"height":7.4,"minHeight":0,"levels":2},"geometry":{"type":"Polygon","coordinates":[[[296.1,655.4],[314.4,655.8],[314.5,650],[302,649.7],[301.9,652.7],[296.1,652.6]]]}},{"type":"Feature","properties":{"osmId":210679715,"height":7.4,"minHeight":0,"levels":2},"geometry":{"type":"Polygon","coordinates":[[[313.9,672.3],[295.5,672.1],[295.4,675.3],[301.1,675.4],[301,677.6],[313.8,677.9]]]}},{"type":"Feature","properties":{"osmId":210679716,"height":20.2,"minHeight":0,"levels":6},"geometry":{"type":"Polygon","coordinates":[[[344.7,-661],[302.9,-661.7],[302.4,-631.5],[344.2,-630.8],[344.5,-651.9]]]}},{"type":"Feature","properties":{"osmId":210679718,"height":10,"minHeight":0},"geometry":{"type":"Polygon","coordinates":[[[293,685.8],[292.1,704.3],[297.1,704.4],[297.7,692.6],[295.4,692.5],[295.7,686]]]}},{"type":"Feature","properties":{"osmId":210679721,"height":10,"minHeight":0},"geometry":{"type":"Polygon","coordinates":[[[293,685.8],[291,685.7],[290.7,692.7],[288.3,692.5],[287.8,704.2],[292.1,704.3]]]}},{"type":"Feature","properties":{"osmId":210679722,"height":7.4,"minHeight":0,"levels":2},"geometry":{"type":"Polygon","coordinates":[[[282.4,639.7],[282.1,658],[285.2,658],[285.3,652.1],[287.7,652.2],[288,639.8]]]}},{"type":"Feature","properties":{"osmId":210679724,"height":23.4,"minHeight":0,"levels":7},"geometry":{"type":"Polygon","coordinates":[[[327.2,-484.1],[299.3,-484.5],[298.8,-454.3],[326.8,-453.8]]]}},{"type":"Feature","properties":{"osmId":210679725,"height":7.4,"minHeight":0,"levels":2,"name":"Banfield Pet Hospital"},"geometry":{"type":"Polygon","coordinates":[[[275.6,474],[275.6,495.7],[305.4,495.8],[305.4,474]]]}},{"type":"Feature","properties":{"osmId":210679726,"height":7.4,"minHeight":0,"levels":2},"geometry":{"type":"Polygon","coordinates":[[[216,777.6],[215.5,803.6],[218.8,803.7],[218.8,805.8],[225.2,805.9],[225.4,803.7],[228.6,803.6],[228.5,802],[293.1,803.1],[293.1,805.2],[296.4,805.4],[296.3,807.2],[302.7,807.3],[302.7,805.5],[305.7,805.6],[306.3,779.6],[293.3,779.3],[293.4,781.4],[228.7,780.3],[228.8,777.8]]]}},{"type":"Feature","properties":{"osmId":210679727,"height":10,"minHeight":0},"geometry":{"type":"Polygon","coordinates":[[[282.5,685.7],[281.9,704],[287.8,704.2],[288.1,692.1],[285.4,692],[285.7,685.8]]]}},{"type":"Feature","properties":{"osmId":210679728,"height":17,"minHeight":0,"levels":5},"geometry":{"type":"Polygon","coordinates":[[[281.5,577],[280.9,590.4],[284.6,590.4],[284.4,612.9],[297.6,613.4],[299.2,577.4]]]}},{"type":"Feature","properties":{"osmId":210679729,"height":10,"minHeight":0},"geometry":{"type":"Polygon","coordinates":[[[314.5,-281.3],[314.5,-261.4],[321.1,-261.4],[321.1,-281.3]]]}},{"type":"Feature","properties":{"osmId":210679730,"height":7.4,"minHeight":0,"levels":2},"geometry":{"type":"Polygon","coordinates":[[[282.4,639.7],[276.9,639.6],[276.6,652.1],[279.2,652.1],[279.1,657.9],[282.1,658]]]}},{"type":"Feature","properties":{"osmId":210679731,"height":10,"minHeight":0},"geometry":{"type":"Polygon","coordinates":[[[282.5,685.7],[279.6,685.6],[279.4,691.9],[277,691.8],[276.8,698.1],[276.7,703.8],[281.9,704]]]}},{"type":"Feature","properties":{"osmId":210679732,"height":10,"minHeight":0},"geometry":{"type":"Polygon","coordinates":[[[308.2,-281.3],[308.2,-250.6],[314.5,-250.6],[314.5,-261.4],[314.5,-281.3]]]}},{"type":"Feature","properties":{"osmId":210679733,"height":7.4,"minHeight":0,"levels":2},"geometry":{"type":"Polygon","coordinates":[[[271.7,639.5],[271.4,658],[274.2,658],[274.4,652],[276.6,652.1],[276.9,639.6]]]}},{"type":"Feature","properties":{"osmId":210679734,"height":10,"minHeight":0},"geometry":{"type":"Polygon","coordinates":[[[271.5,685.5],[270.9,703.7],[276.7,703.8],[276.8,698.1],[277,691.8],[274.7,691.8],[274.9,685.6]]]}},{"type":"Feature","properties":{"osmId":210679738,"height":10,"minHeight":0},"geometry":{"type":"Polygon","coordinates":[[[302.6,-280.4],[302.6,-250.6],[308.2,-250.6],[308.2,-281.3],[302.6,-281.3]]]}},{"type":"Feature","properties":{"osmId":210679739,"height":7.4,"minHeight":0,"levels":2},"geometry":{"type":"Polygon","coordinates":[[[271.7,639.5],[266,639.4],[265.7,651.9],[268.3,651.9],[268.1,657.9],[271.4,658]]]}},{"type":"Feature","properties":{"osmId":210679740,"height":10,"minHeight":0},"geometry":{"type":"Polygon","coordinates":[[[310.3,-377],[310.5,-395],[297.6,-395.2],[297.2,-356.8],[307.2,-356.7],[307.4,-367],[309.6,-367],[309.8,-377]]]}},{"type":"Feature","properties":{"osmId":210679741,"height":10,"minHeight":0},"geometry":{"type":"Polygon","coordinates":[[[271.5,685.5],[268.8,685.3],[268.7,691.6],[265.9,691.5],[265.6,703.5],[270.9,703.7]]]}},{"type":"Feature","properties":{"osmId":210679742,"height":10.6,"minHeight":0,"levels":3},"geometry":{"type":"Polygon","coordinates":[[[274.6,587.4],[274.6,589.4],[272.2,589.3],[271.4,609.7],[278.9,610],[279.6,587.5]]]}},{"type":"Feature","properties":{"osmId":210679743,"height":10,"minHeight":0},"geometry":{"type":"Polygon","coordinates":[[[302.6,-280.4],[298.2,-280.4],[298,-281.2],[297.3,-281.9],[295.4,-280.6],[296.9,-279.1],[296.9,-271.7],[295.7,-271.7],[295.7,-268.9],[296.7,-268.9],[296.6,-250.6],[302.6,-250.6]]]}},{"type":"Feature","properties":{"osmId":210679744,"height":7.4,"minHeight":0,"levels":2},"geometry":{"type":"Polygon","coordinates":[[[260.8,639.3],[260.4,657.5],[263.3,657.6],[263.5,651.8],[265.7,651.9],[266,639.4]]]}},{"type":"Feature","properties":{"osmId":210679745,"height":10,"minHeight":0},"geometry":{"type":"Polygon","coordinates":[[[260.7,691.4],[260.4,703.3],[265.6,703.5],[265.9,691.5]]]}},{"type":"Feature","properties":{"osmId":210679746,"height":7.4,"minHeight":0,"levels":2},"geometry":{"type":"Polygon","coordinates":[[[260.8,639.3],[255,639.2],[254.8,651.6],[257.6,651.7],[257.5,657.5],[260.4,657.5]]]}},{"type":"Feature","properties":{"osmId":210679747,"height":10,"minHeight":0},"geometry":{"type":"Polygon","coordinates":[[[260.7,691.4],[260.9,685.5],[257.9,685.4],[257.7,691.6],[255.4,691.5],[255,703.2],[260.4,703.3]]]}},{"type":"Feature","properties":{"osmId":210679748,"height":10.6,"minHeight":0,"levels":3},"geometry":{"type":"Polygon","coordinates":[[[261.5,589.5],[260.9,611.1],[263.5,611],[264,611.5],[265.4,613],[267,613],[268.1,611.9],[268.7,589.7]]]}},{"type":"Feature","properties":{"osmId":210679750,"height":7.4,"minHeight":0,"levels":2},"geometry":{"type":"Polygon","coordinates":[[[249.7,639.1],[249.4,657.4],[252.5,657.5],[252.7,651.6],[254.8,651.6],[255,639.2]]]}},{"type":"Feature","properties":{"osmId":210679752,"height":4.2,"minHeight":0,"levels":1},"geometry":{"type":"Polygon","coordinates":[[[253,516.7],[236.3,516.7],[235.8,545.3],[231.7,545.5],[231.1,575.8],[271.7,576.8],[272.3,554.3],[272.5,545.7],[252.6,545.3]]]}},{"type":"Feature","properties":{"osmId":210679753,"height":7.4,"minHeight":0,"levels":2},"geometry":{"type":"Polygon","coordinates":[[[249.7,639.1],[243.8,638.9],[243.6,645.5],[243.5,651.3],[246.3,651.4],[246.2,657.3],[249.4,657.4]]]}},{"type":"Feature","properties":{"osmId":210679754,"height":10,"minHeight":0},"geometry":{"type":"Polygon","coordinates":[[[247.1,685.1],[246.7,703.5],[252.5,703.6],[252.8,691.2],[250.3,691.1],[250.4,685.2]]]}},{"type":"Feature","properties":{"osmId":210679755,"height":13.8,"minHeight":0,"levels":4},"geometry":{"type":"Polygon","coordinates":[[[251.3,592.2],[251,612.6],[258.2,612.7],[258.3,607.9],[259.5,606.4],[259.5,605],[258.3,604.1],[258.5,592.4]]]}},{"type":"Feature","properties":{"osmId":210679756,"height":10,"minHeight":0},"geometry":{"type":"Polygon","coordinates":[[[251.5,577.3],[251.2,591.1],[258.5,591.4],[258.8,577.5]]]}},{"type":"Feature","properties":{"osmId":210679763,"height":7.4,"minHeight":0,"levels":2},"geometry":{"type":"Polygon","coordinates":[[[238.4,638.8],[238.1,657],[241.7,657],[241.8,651.3],[243.5,651.3],[243.6,645.5],[243.8,638.9]]]}},{"type":"Feature","properties":{"osmId":210679764,"height":10,"minHeight":0},"geometry":{"type":"Polygon","coordinates":[[[247.1,685.1],[243.8,685],[243.7,690.9],[241.4,690.9],[241.3,698.9],[241.2,703.3],[246.7,703.5]]]}},{"type":"Feature","properties":{"osmId":210679765,"height":10.6,"minHeight":0,"levels":3},"geometry":{"type":"Polygon","coordinates":[[[245.6,593.6],[245.6,596.3],[243.5,596.2],[243,612.9],[249.5,613],[250.1,593.7]]]}},{"type":"Feature","properties":{"osmId":210679766,"height":7.4,"minHeight":0,"levels":2},"geometry":{"type":"Polygon","coordinates":[[[238.4,638.8],[232.6,638.7],[232.4,651],[235.5,651.1],[235.4,656.9],[238.1,657]]]}},{"type":"Feature","properties":{"osmId":210679767,"height":10,"minHeight":0},"geometry":{"type":"Polygon","coordinates":[[[236.7,684.9],[236.2,703.3],[241.2,703.3],[241.3,698.9],[241.4,690.9],[239.2,690.8],[239.4,685]]]}},{"type":"Feature","properties":{"osmId":210679768,"height":10.6,"minHeight":0,"levels":3},"geometry":{"type":"Polygon","coordinates":[[[230.5,576.7],[229.9,611.1],[236.9,611.4],[237.1,599.9],[241.7,599.4],[242.1,577.4]]]}},{"type":"Feature","properties":{"osmId":210679769,"height":7.4,"minHeight":0,"levels":2},"geometry":{"type":"Polygon","coordinates":[[[226.3,638.6],[226,656.9],[227.5,656.9],[227.6,650.9],[232.4,651],[232.6,638.7]]]}},{"type":"Feature","properties":{"osmId":210679770,"height":10,"minHeight":0},"geometry":{"type":"Polygon","coordinates":[[[236.7,684.9],[233.2,684.7],[233.1,690.8],[230.7,690.7],[230.5,703.1],[236.2,703.3]]]}},{"type":"Feature","properties":{"osmId":210679771,"height":7.4,"minHeight":0,"levels":2},"geometry":{"type":"Polygon","coordinates":[[[226.3,638.6],[222,638.5],[221.7,650.8],[224.4,650.8],[224.3,656.9],[226,656.9]]]}},{"type":"Feature","properties":{"osmId":210679773,"height":10,"minHeight":0},"geometry":{"type":"Polygon","coordinates":[[[225.6,684.8],[225.3,703.1],[230.5,703.1],[230.7,690.7],[228.6,690.6],[228.7,684.9]]]}},{"type":"Feature","properties":{"osmId":210679774,"height":10,"minHeight":0},"geometry":{"type":"Polygon","coordinates":[[[204.9,558.9],[204,611.4],[227.4,611.6],[228.1,559]]]}},{"type":"Feature","properties":{"osmId":210679775,"height":10,"minHeight":0},"geometry":{"type":"Polygon","coordinates":[[[183.1,560.4],[179.7,560.2],[178.7,615.2],[188.1,615.4],[189,563.9],[199,564.1],[199.1,558.9],[193.7,558.8],[183,558.6]]]}},{"type":"Feature","properties":{"osmId":210679776,"height":10,"minHeight":0},"geometry":{"type":"Polygon","coordinates":[[[225.6,684.8],[222.3,684.8],[222.2,690.6],[219.5,690.5],[219.3,698.6],[219.2,703.1],[225.3,703.1]]]}},{"type":"Feature","properties":{"osmId":210679783,"height":10,"minHeight":0},"geometry":{"type":"Polygon","coordinates":[[[207.9,648.3],[207.9,642.5],[195.3,642.4],[195.2,648.1]]]}},{"type":"Feature","properties":{"osmId":210679784,"height":10,"minHeight":0},"geometry":{"type":"Polygon","coordinates":[[[207.6,658.7],[207.7,654.2],[195.2,654.1],[195.1,658.5]]]}},{"type":"Feature","properties":{"osmId":210679785,"height":10,"minHeight":0},"geometry":{"type":"Polygon","coordinates":[[[212.9,670.4],[207.6,670.3],[195,670.2],[194.9,675.3],[207.1,675.4],[207.1,673.2],[212.9,673.2]]]}},{"type":"Feature","properties":{"osmId":210679786,"height":10,"minHeight":0},"geometry":{"type":"Polygon","coordinates":[[[195,664.7],[213.2,664.9],[213.3,661.6],[207.6,661.6],[207.6,658.7],[195.1,658.5]]]}},{"type":"Feature","properties":{"osmId":210679787,"height":10,"minHeight":0},"geometry":{"type":"Polygon","coordinates":[[[207.6,670.3],[207.6,667.6],[213.2,667.7],[213.2,664.9],[195,664.7],[195,670.2]]]}},{"type":"Feature","properties":{"osmId":210679788,"height":10,"minHeight":0},"geometry":{"type":"Polygon","coordinates":[[[207.9,642.5],[208.2,642.5],[213.7,642.6],[213.7,640],[208.2,639.9],[208.2,636.9],[195.4,636.7],[195.3,642.4]]]}},{"type":"Feature","properties":{"osmId":210679789,"height":10,"minHeight":0},"geometry":{"type":"Polygon","coordinates":[[[195.2,654.1],[213.7,653.7],[213.7,650.9],[207.8,650.8],[207.9,648.3],[195.2,648.1]]]}},{"type":"Feature","properties":{"osmId":210679790,"height":7.4,"minHeight":0,"levels":2},"geometry":{"type":"Polygon","coordinates":[[[214.2,684.4],[213.7,702.8],[219.2,703.1],[219.3,698.6],[219.5,690.5],[217.4,690.5],[217.5,684.5]]]}},{"type":"Feature","properties":{"osmId":210679791,"height":10,"minHeight":0},"geometry":{"type":"Polygon","coordinates":[[[214.2,684.4],[211.4,684.3],[211.3,690.4],[208.5,690.3],[208.3,702.2],[208.3,702.6],[213.7,702.8]]]}},{"type":"Feature","properties":{"osmId":210679792,"height":10,"minHeight":0},"geometry":{"type":"Polygon","coordinates":[[[202.9,689.9],[202.7,702.4],[208.3,702.6],[208.3,702.2],[208.5,690.3],[206.3,690.3],[206.5,684.1],[203.2,684],[203.1,690.2]]]}},{"type":"Feature","properties":{"osmId":210679793,"height":10,"minHeight":0},"geometry":{"type":"Polygon","coordinates":[[[202.9,689.9],[197.3,689.8],[197.1,702.3],[202.7,702.4]]]}},{"type":"Feature","properties":{"osmId":210679794,"height":10.6,"minHeight":0,"levels":3},"geometry":{"type":"Polygon","coordinates":[[[197.3,689.8],[192.2,689.8],[192.1,702.2],[197.1,702.3]]]}},{"type":"Feature","properties":{"osmId":210679809,"height":49,"minHeight":0,"levels":15},"geometry":{"type":"Polygon","coordinates":[[[959.2,547.7],[958.9,565.4],[988.2,566.6],[988.7,535],[966,534.6],[965.8,547.8]]]}},{"type":"Feature","properties":{"osmId":210679810,"height":68.2,"minHeight":0,"levels":21},"geometry":{"type":"Polygon","coordinates":[[[942,475.7],[942,477.6],[980.1,478.8],[981,448.3],[942.7,447.3],[942.5,447.3]]]}},{"type":"Feature","properties":{"osmId":210679812,"height":88,"minHeight":0,"levels":22,"name":"30 W Oak"},"geometry":{"type":"Polygon","coordinates":[[[778.9,175.6],[795.1,177.9],[819.2,175.5],[819.3,169.1],[816.8,168.7],[816.9,167.6],[824.2,165.3],[824.2,160.8],[814.6,157.6],[810.6,156.9],[805.8,156.6],[801.8,156.7],[790.3,157.1],[785.7,157.8],[781.9,158.9],[779,160.8],[779,165.6],[780,167.1],[782.8,167.5],[783,169.7],[779.1,170.1]]]}},{"type":"Feature","properties":{"osmId":210679813,"height":29.8,"minHeight":0,"levels":9,"name":"Atrium Village"},"geometry":{"type":"Polygon","coordinates":[[[280.9,412.8],[273.2,413.8],[273,413.9],[271.4,416.4],[266.6,417],[265.1,419.7],[263.6,420.4],[260.9,420.4],[257.9,423.8],[255.1,423.8],[254.7,423.9],[252.7,426.5],[251.5,427.3],[248.6,427.2],[242.1,435.6],[237.6,436.7],[235.9,439.1],[234.3,439.9],[231.7,439.9],[231.4,440],[229.7,442.6],[225.2,443.4],[223.7,445.9],[219.1,446.8],[216.1,449.9],[214.1,453.1],[217.2,458.5],[217.1,460.9],[219.8,462.4],[219.6,465.5],[222.2,467],[222.2,469.7],[224.2,470.9],[227.3,476.8],[234.9,476.3],[235.3,476],[237,473.5],[238.8,472.8],[241.2,472.7],[244.7,469.4],[247.4,469.3],[247.9,469.2],[249.4,466.9],[250.6,466],[253.7,466],[255.5,463.5],[257.3,462.6],[259.9,462.6],[266.6,454],[267.7,453.4],[270.4,453.5],[273.9,450],[277.1,450],[278.6,447.6],[280.1,446.6],[283,446.8],[284.8,444.2],[286.2,443.2],[289.2,443.2],[290.7,440.6],[292.4,440],[294,436.7],[291,431.2],[291.1,428.6],[288.6,427],[288.8,424.3],[286.5,422.6],[286.3,420],[283.9,418.5]]]}},{"type":"Feature","properties":{"osmId":210679814,"height":10.6,"minHeight":0,"levels":3},"geometry":{"type":"Polygon","coordinates":[[[176.1,638.2],[174.1,702.5],[183.7,702.7],[185.3,691.9],[185.4,685],[183.9,685],[184.3,675],[185.7,675.1],[185.9,670.7],[185.2,670.6],[185.9,663.4],[184.2,663.4],[184.6,653.9],[186.1,654],[186.2,649.2],[185.4,649],[186.6,642.3],[184.9,642.4],[185.2,638.4]]]}},{"type":"Feature","properties":{"osmId":210679815,"height":23.4,"minHeight":0,"levels":7},"geometry":{"type":"Polygon","coordinates":[[[246.4,-396.8],[245.7,-357.7],[276,-357.1],[276.8,-396.2]]]}},{"type":"Feature","properties":{"osmId":210679816,"height":39.4,"minHeight":0,"levels":12},"geometry":{"type":"Polygon","coordinates":[[[208.8,-633.8],[280.8,-632.9],[281.3,-661.8],[209.1,-663]]]}},{"type":"Feature","properties":{"osmId":210679820,"height":10,"minHeight":0},"geometry":{"type":"Polygon","coordinates":[[[245.1,-335],[244.5,-311.6],[252.4,-311.3],[252.6,-339.1],[249.1,-339.2],[249,-342],[251.5,-342],[251.7,-351.9],[245.5,-352]]]}},{"type":"Feature","properties":{"osmId":210679823,"height":7.4,"minHeight":0,"levels":2},"geometry":{"type":"Polygon","coordinates":[[[203.7,-282.4],[202.9,-251.7],[218.2,-251.4],[218.5,-264],[240.2,-263.4],[235,-257.6],[237.6,-255.3],[244.8,-263.3],[245.8,-263.2],[246,-265],[259.4,-279.4],[246.4,-279.6],[246.5,-281.5]]]}},{"type":"Feature","properties":{"osmId":210679824,"height":10.6,"minHeight":0,"levels":3},"geometry":{"type":"Polygon","coordinates":[[[231.3,-397.1],[230.5,-358],[245.7,-357.7],[246.4,-396.8]]]}},{"type":"Feature","properties":{"osmId":210679825,"height":13.8,"minHeight":0,"levels":4},"geometry":{"type":"Polygon","coordinates":[[[245.1,-335],[242.3,-334.9],[242.6,-351.5],[238.2,-351.6],[237.1,-311.7],[244.5,-311.6]]]}},{"type":"Feature","properties":{"osmId":210679831,"height":20.2,"minHeight":0,"levels":6},"geometry":{"type":"Polygon","coordinates":[[[231.3,-397.1],[193.5,-397.8],[192.7,-358.8],[230.5,-358]]]}},{"type":"Feature","properties":{"osmId":210679834,"height":20.2,"minHeight":0,"levels":6},"geometry":{"type":"Polygon","coordinates":[[[238.2,-809.3],[238.8,-839.1],[223.5,-839.3],[223,-809.5]]]}},{"type":"Feature","properties":{"osmId":210679837,"height":7.4,"minHeight":0,"levels":2},"geometry":{"type":"Polygon","coordinates":[[[151.2,682.3],[150.5,699.6],[152.7,699.7],[155.3,699.9],[155.3,698.8],[156.6,698.8],[157.3,682.6]]]}},{"type":"Feature","properties":{"osmId":210679839,"height":23.4,"minHeight":0,"levels":7},"geometry":{"type":"Polygon","coordinates":[[[209.4,-716],[205.4,-716.1],[204.8,-685.8],[227.4,-685.2],[228.1,-715.7]]]}},{"type":"Feature","properties":{"osmId":210679848,"height":10,"minHeight":0},"geometry":{"type":"Polygon","coordinates":[[[203.7,-282.4],[189.1,-282.8],[189.1,-281.2],[188.3,-281.2],[188,-258.1],[187.9,-253.9],[203.1,-252.4]]]}},{"type":"Feature","properties":{"osmId":210679859,"height":61.8,"minHeight":0,"levels":19},"geometry":{"type":"Polygon","coordinates":[[[990.8,332.7],[991,334.5],[1028,335.3],[1027.9,333.9],[1029.6,333.9],[1029.9,313.4],[990.9,312.5]]]}},{"type":"Feature","properties":{"osmId":210679862,"height":23.4,"minHeight":0,"levels":7},"geometry":{"type":"Polygon","coordinates":[[[792.9,-528.9],[792.3,-505.2],[792.2,-498.1],[801,-498],[801.2,-499.4],[841.2,-497.1],[841.2,-498.6],[862.7,-497.8],[862.6,-496.6],[871.6,-496.3],[871.7,-497.7],[874.5,-497.6],[875.1,-526.9]]]}},{"type":"Feature","properties":{"osmId":210679866,"height":10,"minHeight":0},"geometry":{"type":"Polygon","coordinates":[[[131.9,629.9],[125.8,629.9],[125.2,647.4],[131.7,647.6]]]}},{"type":"Feature","properties":{"osmId":210679888,"height":23.4,"minHeight":0,"levels":7},"geometry":{"type":"Polygon","coordinates":[[[999.5,209.4],[1008.7,209.6],[1009,179.5],[999.9,179.4]]]}},{"type":"Feature","properties":{"osmId":210679892,"height":20.2,"minHeight":0,"levels":6},"geometry":{"type":"Polygon","coordinates":[[[121.5,-330.1],[121.2,-314.3],[151.5,-314],[152.6,-353.7],[122.2,-354.1],[122,-339.8],[123.5,-339.8],[123.4,-330.1]]]}},{"type":"Feature","properties":{"osmId":210679898,"height":23.4,"minHeight":0,"levels":7},"geometry":{"type":"Polygon","coordinates":[[[111.4,541.7],[111.4,540.8],[115.9,540.8],[115.9,539.4],[126.5,539.5],[126.5,541],[133,541.1],[132.2,523],[133.2,523],[133.3,517.3],[126.6,517.2],[126.6,518.9],[116.9,518.8],[116.9,516.7],[112,516.7],[112,516],[97,515.9],[97,516.5],[92.5,516.4],[92.5,518],[82,517.9],[82,516.2],[76.7,516.2],[76.9,534],[76,534],[76,539.9],[81.5,540],[81.5,538.6],[92.1,538.7],[92,540.3],[96.4,540.4],[96.4,541.6]]]}},{"type":"Feature","properties":{"osmId":210679907,"height":10,"minHeight":0},"geometry":{"type":"Polygon","coordinates":[[[119.8,239.7],[119.8,233.6],[107.9,233.3],[107.5,250.5],[119.5,250.9]]]}},{"type":"Feature","properties":{"osmId":210679909,"height":20.2,"minHeight":0,"levels":6},"geometry":{"type":"Polygon","coordinates":[[[40.7,-665.4],[40.2,-635.3],[104.1,-634.2],[109.1,-635],[122.3,-638.6],[126.8,-638.5],[127.2,-664]]]}},{"type":"Feature","properties":{"osmId":210679921,"height":23.4,"minHeight":0,"levels":7},"geometry":{"type":"Polygon","coordinates":[[[64.1,-630.2],[63.5,-600],[102.1,-599.5],[102.4,-624.5]]]}},{"type":"Feature","properties":{"osmId":210679923,"height":4.2,"minHeight":0,"levels":1},"geometry":{"type":"Polygon","coordinates":[[[75.7,233.2],[74.9,255.2],[96,257],[96.2,251.9],[102.6,252.1],[103.2,234.2]]]}},{"type":"Feature","properties":{"osmId":210679924,"height":36.2,"minHeight":0,"levels":11,"name":"Three Sixty West"},"geometry":{"type":"Polygon","coordinates":[[[107,-576.2],[60.9,-576.6],[60.6,-546.9],[106.7,-546.4]]]}},{"type":"Feature","properties":{"osmId":210679928,"height":7.4,"minHeight":0,"levels":2,"name":"Seward Park Field House"},"geometry":{"type":"Polygon","coordinates":[[[60.3,366.3],[60.2,368.5],[36.8,368.3],[37.3,373.3],[35.3,373.3],[35.3,378.4],[37.5,378.5],[36.5,383.8],[60,384.1],[60,386.3],[73.9,386.4],[73.9,384.7],[88.9,384.8],[88.8,387],[102.9,387.2],[102.9,385.1],[126.5,385.4],[125.6,379.9],[127.6,379.9],[127.6,375.2],[125.7,375.2],[125.7,372.4],[127,372.4],[127,369.5],[103.1,369.2],[103.1,366.7],[89.2,366.6],[89.2,368.3],[74.2,368.2],[74.3,366.5]]]}},{"type":"Feature","properties":{"osmId":210679934,"height":39.4,"minHeight":0,"levels":12,"name":"Superior House"},"geometry":{"type":"Polygon","coordinates":[[[97,-399.1],[58.1,-400],[57.6,-360.9],[96.8,-360],[96.7,-361.8]]]}},{"type":"Feature","properties":{"osmId":210679944,"height":180.2,"minHeight":0,"levels":56,"name":"30 East Huron Private Residences"},"geometry":{"type":"Polygon","coordinates":[[[1053,-429],[1053.9,-464.1],[1050.5,-464.1],[1050.6,-469.4],[1035.9,-469.7],[1035.8,-464.5],[1032.6,-464.5],[1031.9,-429.3]]]}},{"type":"Feature","properties":{"osmId":210679947,"height":49,"minHeight":0,"levels":15},"geometry":{"type":"Polygon","coordinates":[[[-3.8,-459.7],[40.4,-458.6],[41.1,-488.5],[-2.9,-489.6]]]}},{"type":"Feature","properties":{"osmId":210679952,"height":20.2,"minHeight":0,"levels":6},"geometry":{"type":"Polygon","coordinates":[[[-33.7,-601.5],[63.5,-600],[64.1,-630.2],[59.5,-630.4],[-33.7,-631.5]]]}},{"type":"Feature","properties":{"osmId":210679961,"height":23.4,"minHeight":0,"levels":7,"name":"Ontario Street Lofts"},"geometry":{"type":"Polygon","coordinates":[[[-74.5,-721.6],[-81.2,-720.9],[-88.2,-719.3],[-95.5,-717.2],[-100.5,-714.8],[-113.9,-703.7],[-118.9,-698.8],[-124.6,-691.6],[9.4,-689.6],[10,-719.5],[-34.8,-720.4],[-34.9,-715.1],[-63.1,-720.6],[-68.3,-721.3]]]}},{"type":"Feature","properties":{"osmId":210679989,"height":61.8,"minHeight":0,"levels":19},"geometry":{"type":"Polygon","coordinates":[[[1038.3,-759.2],[1097.7,-758],[1097.7,-760],[1098.9,-803.5],[1039.2,-804.6]]]}},{"type":"Feature","properties":{"osmId":210679992,"height":20.2,"minHeight":0,"levels":6},"geometry":{"type":"Polygon","coordinates":[[[-61.5,-579.1],[-62,-548.9],[-31.9,-548.4],[-31.4,-578.4]]]}},{"type":"Feature","properties":{"osmId":210679995,"height":23.4,"minHeight":0,"levels":7},"geometry":{"type":"Polygon","coordinates":[[[-59.4,-668.3],[-72.4,-668.6],[-73.3,-641.4],[-73.4,-638.6],[-60,-638.4]]]}},{"type":"Feature","properties":{"osmId":210680031,"height":26.6,"minHeight":0,"levels":8},"geometry":{"type":"Polygon","coordinates":[[[1093.7,678.3],[1048.1,677.3],[1047.3,716],[1092.9,716.9]]]}},{"type":"Feature","properties":{"osmId":210680042,"height":4.2,"minHeight":0,"levels":1,"name":"CTA Institute Place Garage"},"geometry":{"type":"Polygon","coordinates":[[[245,-241.2],[245.1,-247.8],[217.7,-248.4],[217.7,-248],[217.4,-235.2],[221.2,-235.1],[221.1,-231],[228.1,-230.8],[227.9,-221.9],[222.9,-222],[222.7,-216.2],[244.4,-215.8],[244.8,-231.1]]]}},{"type":"Feature","properties":{"osmId":210680079,"height":33,"minHeight":0,"levels":10,"name":"Park Newberry"},"geometry":{"type":"Polygon","coordinates":[[[675.8,-128.5],[675.7,-127.2],[666.6,-127.5],[666.4,-122],[667.6,-121.9],[667.3,-112.1],[665.8,-112.2],[665.2,-69.2],[688.2,-68.4],[690.2,-98.7],[687.9,-98.7],[688.2,-105.3],[691.6,-105.2],[691.6,-102.9],[708.5,-102.4],[708.5,-104.3],[732.2,-102.1],[732.3,-104.3],[735.6,-104.2],[735.3,-97.4],[733.3,-97.4],[733.1,-92.9],[734.1,-92.8],[733.2,-69.2],[739.8,-69],[739.7,-68.3],[756.6,-68.4],[758.4,-110.9],[756.4,-111],[756.7,-120.1],[758.1,-120.1],[758.3,-125.4],[742.4,-126.9],[742.3,-124.2],[735.1,-124.5],[735.2,-126.5],[689.6,-128.1],[689.5,-125.6],[682.2,-125.9],[682.3,-128.3]]]}},{"type":"Feature","properties":{"osmId":210680124,"height":23.4,"minHeight":0,"levels":7},"geometry":{"type":"Polygon","coordinates":[[[1059.6,-379.5],[1058.8,-342.1],[1120.2,-340.9],[1120.9,-378.3]]]}},{"type":"Feature","properties":{"osmId":210680142,"height":29.8,"minHeight":0,"levels":9},"geometry":{"type":"Polygon","coordinates":[[[1069.1,658.4],[1070,651],[1069.3,643],[1069.8,642.4],[1070.2,641.2],[1069.5,632.2],[1052.8,632],[1053.1,656.6],[1059.1,656.7],[1059.1,659.3],[1066.4,659.5],[1066.5,659.5]]]}},{"type":"Feature","properties":{"osmId":210680143,"height":65,"minHeight":0,"levels":20},"geometry":{"type":"Polygon","coordinates":[[[731.3,-531.4],[732.1,-564.2],[707.2,-564.8],[706.4,-532]]]}},{"type":"Feature","properties":{"osmId":210680171,"height":49,"minHeight":0,"levels":15,"name":"Holiday Inn Express Chicago - Magnificent Mile"},"geometry":{"type":"Polygon","coordinates":[[[991.1,-615.3],[984.7,-615.4],[984.5,-599.9],[990,-599.8],[990,-603.1],[1001.9,-602.9],[1001.9,-601],[1014.3,-600.8],[1014.4,-607.5],[1014.5,-614.7],[1002.1,-614.9],[1002.1,-611.8],[991,-611.9]]]}},{"type":"Feature","properties":{"osmId":210680177,"height":55.4,"minHeight":0,"levels":17},"geometry":{"type":"Polygon","coordinates":[[[1063.1,531.8],[1060.8,553.6],[1061.7,553.6],[1054.6,613.2],[1087.2,613.4],[1088.6,532.4]]]}},{"type":"Feature","properties":{"osmId":210680184,"height":36.2,"minHeight":0,"levels":11},"geometry":{"type":"Polygon","coordinates":[[[1190,-526.1],[1180.1,-526.3],[1179.8,-513.1],[1212.2,-512.5],[1212.8,-554.6],[1190.5,-555.1]]]}},{"type":"Feature","properties":{"osmId":210680186,"height":4.2,"minHeight":0,"levels":1},"geometry":{"type":"Polygon","coordinates":[[[403,-556.3],[384.5,-556.8],[384.6,-555.6],[370.1,-555.8],[369.8,-549.4],[372.6,-549.4],[372.3,-527.9],[369,-527.8],[368.8,-513.4],[370.9,-513.3],[370.8,-506.5],[402,-506]]]}},{"type":"Feature","properties":{"osmId":210680199,"height":20.2,"minHeight":0,"levels":6},"geometry":{"type":"Polygon","coordinates":[[[465.2,-534.4],[464.3,-504.3],[491.2,-503.5],[492.2,-533.5]]]}},{"type":"Feature","properties":{"osmId":210680207,"height":29.8,"minHeight":0,"levels":9},"geometry":{"type":"Polygon","coordinates":[[[1094.6,658.7],[1094.9,632.6],[1077.9,632.4],[1077,636.9],[1077.5,658.5]]]}},{"type":"Feature","properties":{"osmId":210680210,"height":7.4,"minHeight":0,"levels":2},"geometry":{"type":"Polygon","coordinates":[[[385.8,-477.1],[402.1,-477.3],[402,-483.2],[385.9,-483.3]]]}},{"type":"Feature","properties":{"osmId":210680212,"height":7.4,"minHeight":0,"levels":2},"geometry":{"type":"Polygon","coordinates":[[[382.6,-471.3],[401.9,-471.2],[402.1,-477.3],[385.8,-477.1],[385.8,-476],[382.5,-476]]]}},{"type":"Feature","properties":{"osmId":210680214,"height":10.6,"minHeight":0,"levels":3},"geometry":{"type":"Polygon","coordinates":[[[401.8,-459.5],[401.9,-471.2],[382.6,-471.3],[376.7,-471.5],[377.5,-459.9]]]}},{"type":"Feature","properties":{"osmId":210680216,"height":10.6,"minHeight":0,"levels":3},"geometry":{"type":"Polygon","coordinates":[[[368.1,-452.1],[401.8,-451.4],[401.8,-459.5],[368.2,-459.1]]]}},{"type":"Feature","properties":{"osmId":210680218,"height":13.8,"minHeight":0,"levels":4},"geometry":{"type":"Polygon","coordinates":[[[401.3,-440.6],[401.8,-451.4],[368.1,-452.1],[367.9,-441.6]]]}},{"type":"Feature","properties":{"osmId":210680221,"height":61.8,"minHeight":0,"levels":19},"geometry":{"type":"Polygon","coordinates":[[[1056.3,486.3],[1055.7,508.4],[1102,509.7],[1102.6,487.4]]]}},{"type":"Feature","properties":{"osmId":210680222,"height":10,"minHeight":0},"geometry":{"type":"Polygon","coordinates":[[[613.6,-445.1],[645.2,-444.5],[645.3,-450.6],[613.8,-451.2]]]}},{"type":"Feature","properties":{"osmId":210680225,"height":10.6,"minHeight":0,"levels":3},"geometry":{"type":"Polygon","coordinates":[[[379.5,-434.1],[401.3,-433.6],[401.3,-440.6],[367.9,-441.6],[367.7,-435.9],[379.6,-435.5]]]}},{"type":"Feature","properties":{"osmId":210680226,"height":10,"minHeight":0},"geometry":{"type":"Polygon","coordinates":[[[645.2,-444.5],[613.6,-445.1],[613.5,-438.4],[644.7,-437.8],[645.1,-437.8]]]}},{"type":"Feature","properties":{"osmId":210680227,"height":20.2,"minHeight":0,"levels":6},"geometry":{"type":"Polygon","coordinates":[[[249.1,-449.2],[248.3,-418.8],[260.7,-418.5],[277.1,-418.1],[277.9,-448.5]]]}},{"type":"Feature","properties":{"osmId":210680229,"height":10.6,"minHeight":0,"levels":3},"geometry":{"type":"Polygon","coordinates":[[[401.1,-428.1],[401.3,-433.6],[379.5,-434.1],[379.4,-428.6],[379.8,-428.6]]]}},{"type":"Feature","properties":{"osmId":210680230,"height":7.4,"minHeight":0,"levels":2},"geometry":{"type":"Polygon","coordinates":[[[304.7,-434.9],[305.2,-435.1],[306.3,-435.1],[306.6,-448.8],[298.4,-448.9],[298.2,-436.4],[304.7,-436.3]]]}},{"type":"Feature","properties":{"osmId":210680236,"height":42.6,"minHeight":0,"levels":13},"geometry":{"type":"Polygon","coordinates":[[[1069.5,407.6],[1074.2,407.7],[1072.1,425.8],[1090.6,426.2],[1089.6,408.2],[1093.8,408.6],[1094,400.9],[1094.2,398.6],[1069.7,398],[1069.6,404.7]]]}},{"type":"Feature","properties":{"osmId":210680239,"height":10.6,"minHeight":0,"levels":3},"geometry":{"type":"Polygon","coordinates":[[[551,-376],[570.4,-375.5],[570.5,-380.4],[568.9,-380.5],[568.9,-383.2],[551.2,-383.5]]]}},{"type":"Feature","properties":{"osmId":210680241,"height":7.4,"minHeight":0,"levels":2},"geometry":{"type":"Polygon","coordinates":[[[570.4,-375.5],[551,-376],[550.9,-368],[570.2,-367.8]]]}},{"type":"Feature","properties":{"osmId":210680243,"height":10,"minHeight":0},"geometry":{"type":"Polygon","coordinates":[[[610.1,-362.9],[643.6,-362.6],[643.6,-369.9],[610.7,-370.2],[610.2,-370.2]]]}},{"type":"Feature","properties":{"osmId":210680248,"height":10,"minHeight":0},"geometry":{"type":"Polygon","coordinates":[[[399.5,-379],[366.5,-379.5],[366.4,-371.9],[399.4,-371.4]]]}},{"type":"Feature","properties":{"osmId":210680250,"height":10.6,"minHeight":0,"levels":3},"geometry":{"type":"Polygon","coordinates":[[[570.2,-367.8],[550.9,-368],[550.5,-353.1],[575.2,-352.7],[575.3,-354.5],[571.8,-354.6],[572,-360.2],[575.8,-360.3],[575.7,-361.9],[571.9,-362],[572,-367.6]]]}},{"type":"Feature","properties":{"osmId":210680252,"height":10,"minHeight":0},"geometry":{"type":"Polygon","coordinates":[[[625.5,-355.3],[643.5,-355.1],[643.6,-362.6],[610.1,-362.9],[610.1,-355.4]]]}},{"type":"Feature","properties":{"osmId":210680256,"height":10,"minHeight":0},"geometry":{"type":"Polygon","coordinates":[[[399.4,-371.4],[366.4,-371.9],[366.3,-366.7],[381.2,-366.6],[381.2,-365.2],[399.3,-365]]]}},{"type":"Feature","properties":{"osmId":210680271,"height":10,"minHeight":0,"name":"Carl Hammer Gallery"},"geometry":{"type":"Polygon","coordinates":[[[378.3,-358.7],[399.3,-358.3],[399.3,-365],[378.4,-364.6]]]}},{"type":"Feature","properties":{"osmId":210680275,"height":10,"minHeight":0},"geometry":{"type":"Polygon","coordinates":[[[643.5,-355.1],[625.5,-355.3],[625.5,-347.6],[643.4,-347.5]]]}},{"type":"Feature","properties":{"osmId":210680276,"height":10,"minHeight":0},"geometry":{"type":"Polygon","coordinates":[[[490.7,-344.9],[516.9,-344.4],[517.1,-355.6],[490.9,-356]]]}},{"type":"Feature","properties":{"osmId":210680277,"height":10,"minHeight":0},"geometry":{"type":"Polygon","coordinates":[[[380.7,-352.1],[399.2,-351.9],[399.3,-358.3],[378.3,-358.7],[378.3,-353],[380.7,-353]]]}},{"type":"Feature","properties":{"osmId":210680279,"height":17,"minHeight":0,"levels":5},"geometry":{"type":"Polygon","coordinates":[[[575.2,-352.7],[550.5,-353.1],[550.3,-339.3],[573.1,-339.6],[573.1,-338.9],[579.3,-338.8],[579.5,-352.6]]]}},{"type":"Feature","properties":{"osmId":210680280,"height":33,"minHeight":0,"levels":10,"name":"Royalle Condominium"},"geometry":{"type":"Polygon","coordinates":[[[614.4,-325.3],[628.1,-325],[628.2,-326.5],[633,-326.4],[633,-324.8],[642.2,-324.6],[642.7,-346.7],[634.2,-346.9],[634.2,-345.6],[614.9,-346.8]]]}},{"type":"Feature","properties":{"osmId":210680281,"height":10,"minHeight":0},"geometry":{"type":"Polygon","coordinates":[[[380.6,-345.6],[399.2,-345.5],[399.2,-351.9],[380.7,-352.1]]]}},{"type":"Feature","properties":{"osmId":210680283,"height":10.6,"minHeight":0,"levels":3},"geometry":{"type":"Polygon","coordinates":[[[494.4,-343.8],[494.1,-338.8],[505.2,-338.1],[505.8,-337.4],[516.3,-339],[515.1,-344],[506.5,-344.2],[505,-343.1]]]}},{"type":"Feature","properties":{"osmId":210680284,"height":10,"minHeight":0},"geometry":{"type":"Polygon","coordinates":[[[399.2,-345.5],[380.6,-345.6],[380.5,-339.1],[385.7,-338.9],[399.1,-339.1]]]}},{"type":"Feature","properties":{"osmId":210680287,"height":10,"minHeight":0},"geometry":{"type":"Polygon","coordinates":[[[550.2,-326.5],[579.8,-326.2],[580.1,-338.2],[550.7,-338.4]]]}},{"type":"Feature","properties":{"osmId":210680290,"height":7.4,"minHeight":0,"levels":2},"geometry":{"type":"Polygon","coordinates":[[[625.1,-312.5],[643,-312.3],[643.1,-324.2],[625.4,-324.4],[623.5,-323],[611.1,-323.1],[611.1,-314.7],[623.5,-314.5]]]}},{"type":"Feature","properties":{"osmId":210680292,"height":7.4,"minHeight":0,"levels":2},"geometry":{"type":"Polygon","coordinates":[[[643,-312.3],[625.1,-312.5],[609.6,-312.6],[609.5,-305.6],[643,-305.3]]]}},{"type":"Feature","properties":{"osmId":210680298,"height":81,"minHeight":0,"levels":25,"name":"West77 Apartments"},"geometry":{"type":"Polygon","coordinates":[[[704.8,-524.8],[702.7,-524.8],[702.7,-523.7],[696.8,-523.8],[696.7,-522.6],[690.9,-522.6],[691.1,-521.5],[685.3,-521.7],[685.2,-520.4],[670.8,-520.7],[670.7,-504.2],[670.6,-500],[691.3,-499.8],[691.5,-501.3],[702.3,-502.6],[702.2,-504],[713.2,-505.6],[713.2,-506.8],[718.3,-506.7],[719.1,-508.2],[731,-508.2],[731.1,-526.2],[711.6,-526.4],[711.6,-525.2],[706.5,-525.3],[706.5,-523.8],[704.8,-523.7]]]}},{"type":"Feature","properties":{"osmId":210680304,"height":10,"minHeight":0,"name":"Bush Temple of Music"},"geometry":{"type":"Polygon","coordinates":[[[629.3,-244.8],[641.6,-244.5],[642.3,-274.6],[596.4,-275.7],[595.7,-245.6],[608.5,-245.3],[608.8,-258.2],[629.6,-257.7]]]}},{"type":"Feature","properties":{"osmId":210680309,"height":58.6,"minHeight":0,"levels":18,"name":"AMLI 808"},"geometry":{"type":"Polygon","coordinates":[[[370.4,-279.8],[368.6,-246.4],[368.6,-244],[365.8,-244.2],[365.5,-213.9],[394.5,-213],[397,-279.4]]]}},{"type":"Feature","properties":{"osmId":210680320,"height":13.8,"minHeight":0,"levels":4},"geometry":{"type":"Polygon","coordinates":[[[244.8,-231.1],[275.6,-230.6],[276,-248],[254.5,-248.6],[254.4,-245.2],[251.4,-245.2],[247.3,-241.2],[245,-241.2]]]}},{"type":"Feature","properties":{"osmId":210680331,"height":17,"minHeight":0,"levels":5},"geometry":{"type":"Polygon","coordinates":[[[275.6,-230.6],[244.8,-231.1],[244.4,-215.8],[275.3,-215.2]]]}},{"type":"Feature","properties":{"osmId":210680359,"height":100.2,"minHeight":0,"levels":31},"geometry":{"type":"Polygon","coordinates":[[[611.8,-103.8],[611.7,-100.9],[592.9,-101],[592.6,-63.9],[606.3,-63.7],[606.4,-60.8],[612,-60.8],[612,-63.4],[638.5,-63.2],[638.8,-100.5],[622,-100.7],[622,-103.5]]]}},{"type":"Feature","properties":{"osmId":210680394,"height":26.6,"minHeight":0,"levels":8},"geometry":{"type":"Polygon","coordinates":[[[238.6,-22.4],[237.6,15.1],[267.9,15.8],[268.8,-21.7]]]}},{"type":"Feature","properties":{"osmId":210680433,"height":45.8,"minHeight":0,"levels":14,"name":"Huron Pointe"},"geometry":{"type":"Polygon","coordinates":[[[-60.1,-542.6],[-60.8,-524.8],[-59.4,-524.6],[-59.4,-522.9],[-60.4,-518.8],[-56.9,-514.8],[-51.8,-515],[-50.9,-514.3],[-51,-512.8],[-44.5,-512.7],[-44.3,-515.1],[-36.8,-515.1],[-36.7,-512.6],[-30.2,-512.7],[-29.9,-514.9],[-22.3,-514.9],[-22.4,-512.2],[-15.5,-512.2],[-15.6,-515.1],[-9.9,-515],[-9.3,-541.2]]]}},{"type":"Feature","properties":{"osmId":210680438,"height":23.4,"minHeight":0,"levels":7,"name":"Kelly Frune Company"},"geometry":{"type":"Polygon","coordinates":[[[335.8,-625],[302.4,-625.5],[301.8,-595.6],[335.4,-595.1]]]}},{"type":"Feature","properties":{"osmId":210680439,"height":20.2,"minHeight":0,"levels":6,"name":"Kroeschell Inc."},"geometry":{"type":"Polygon","coordinates":[[[353.3,-683.3],[368.2,-683.1],[368.6,-713.4],[353.8,-713.6]]]}},{"type":"Feature","properties":{"osmId":210680441,"height":26.6,"minHeight":0,"levels":8,"name":"LaSalle Center"},"geometry":{"type":"Polygon","coordinates":[[[500.5,-328.9],[500.2,-307.6],[517,-307.1],[517.6,-335.1],[500.5,-335.4]]]}},{"type":"Feature","properties":{"osmId":210680444,"height":55.4,"minHeight":0,"levels":17,"name":"LaSalle Court Apartments"},"geometry":{"type":"Polygon","coordinates":[[[475.5,293.2],[475,324.6],[483.7,324.9],[483.8,321.7],[494.3,321.9],[494.3,325.2],[503,325.3],[503.2,314.2],[488.4,313.9],[488.5,306.3],[503.5,306.6],[503.7,293.6]]]}},{"type":"Feature","properties":{"osmId":210680445,"height":20.2,"minHeight":0,"levels":6},"geometry":{"type":"Polygon","coordinates":[[[250.5,-626.7],[250.5,-612.7],[252.2,-612.7],[252,-608.5],[250.2,-608.5],[250.2,-596.6],[280.7,-596.4],[280.8,-626.5]]]}},{"type":"Feature","properties":{"osmId":210680449,"height":68.2,"minHeight":0,"levels":21,"name":"The Leo","trackedId":"the-leo"},"geometry":{"type":"Polygon","coordinates":[[[456.2,-322.5],[457.1,-370.6],[423.1,-371.2],[422.7,-323.1],[455.1,-322.6]]]}},{"type":"Feature","properties":{"osmId":210680450,"height":65,"minHeight":0,"levels":20,"name":"Maple Tower"},"geometry":{"type":"Polygon","coordinates":[[[783.3,247.2],[783.3,250.2],[777.1,250.1],[777.1,253.3],[776.8,275],[782.8,275.1],[782.8,278.1],[822.5,278.6],[822.7,252.9],[822.7,247.5]]]}},{"type":"Feature","properties":{"osmId":210680451,"height":23.4,"minHeight":0,"levels":7},"geometry":{"type":"Polygon","coordinates":[[[233.2,-544.1],[255.9,-543.4],[256.9,-573.6],[234.2,-574.3]]]}},{"type":"Feature","properties":{"osmId":210680455,"height":20.2,"minHeight":0,"levels":6,"name":"Mercedes Building"},"geometry":{"type":"Polygon","coordinates":[[[330.5,-311],[345.1,-310.7],[345.3,-316.5],[345.7,-333.1],[334.4,-333.4],[334.6,-342.9],[331.1,-343]]]}},{"type":"Feature","properties":{"osmId":210680458,"height":20.2,"minHeight":0,"levels":6},"geometry":{"type":"Polygon","coordinates":[[[331.7,-773.4],[332.1,-791],[332.4,-802.9],[305.7,-803.3],[304.7,-772.9],[331.6,-772]]]}},{"type":"Feature","properties":{"osmId":210680459,"height":10,"minHeight":0,"name":"Torrey-Gray Auditorium"},"geometry":{"type":"Polygon","coordinates":[[[456.9,-155.7],[456.3,-125.5],[483.4,-125],[483.4,-127.1],[497.7,-126.9],[497.7,-124.7],[510.8,-124.5],[511.1,-151.2],[483.9,-151.5],[483.9,-155.3]]]}},{"type":"Feature","properties":{"osmId":210680460,"height":33,"minHeight":0,"levels":10,"name":"Houghton Hall"},"geometry":{"type":"Polygon","coordinates":[[[478.7,-245.5],[495.5,-244.6],[495.8,-258.8],[493.6,-258.8],[493.7,-266.3],[497.5,-266.3],[497.4,-261.4],[500.3,-261.4],[499.9,-240.9],[513.5,-240.6],[514.2,-277.3],[479.4,-277.9]]]}},{"type":"Feature","properties":{"osmId":210680461,"height":10,"minHeight":0,"name":"Smith Hall"},"geometry":{"type":"Polygon","coordinates":[[[485.4,-183.1],[485.3,-182],[484.1,-182.1],[484.6,-174.4],[482.4,-174.4],[482.2,-159.6],[484,-159.6],[483.9,-155.3],[513.7,-154.8],[514.3,-188.9],[487.3,-189.3],[487.2,-188.5],[485.5,-188.5]]]}},{"type":"Feature","properties":{"osmId":210680463,"height":10,"minHeight":0,"name":"Fitzwater Hall"},"geometry":{"type":"Polygon","coordinates":[[[420.6,-247],[419.9,-209.1],[441.4,-208.7],[442.1,-246.6]]]}},{"type":"Feature","properties":{"osmId":210680464,"height":39.4,"minHeight":0,"levels":12,"name":"Crowell Hall"},"geometry":{"type":"Polygon","coordinates":[[[495.8,-235.1],[495,-189.2],[512.2,-188.9],[513,-234.8]]]}},{"type":"Feature","properties":{"osmId":210680467,"height":42.6,"minHeight":0,"levels":13,"name":"Jenkins Hall"},"geometry":{"type":"Polygon","coordinates":[[[425.9,107.8],[425.6,124.5],[493.5,125.6],[493.6,108.9]]]}},{"type":"Feature","properties":{"osmId":210680468,"height":58.6,"minHeight":0,"levels":18,"name":"Morningside North"},"geometry":{"type":"Polygon","coordinates":[[[413.7,155.5],[412.3,215.8],[429.2,216.1],[430.5,155.9]]]}},{"type":"Feature","properties":{"osmId":210680471,"height":4.2,"minHeight":0,"levels":1,"name":"Near North Branch Library"},"geometry":{"type":"Polygon","coordinates":[[[230.9,522.4],[195.7,521.5],[195,553.6],[195,556.7],[230.2,557.5]]]}},{"type":"Feature","properties":{"osmId":210680474,"height":17,"minHeight":0,"levels":5},"geometry":{"type":"Polygon","coordinates":[[[187.7,-419.3],[244.5,-418.6],[245,-448.9],[188.8,-450.2]]]}},{"type":"Feature","properties":{"osmId":210680479,"height":125.8,"minHeight":0,"levels":39},"geometry":{"type":"Polygon","coordinates":[[[908,177.1],[906.3,182.5],[906.1,190.5],[908.6,195.6],[905.8,195.6],[905,225.3],[931.5,225.9],[932.2,225.7],[942.7,196.4],[944.6,191.7],[944.6,182.5],[942.8,177.8]]]}},{"type":"Feature","properties":{"osmId":210680482,"height":119.4,"minHeight":0,"levels":37,"name":"One East Delaware"},"geometry":{"type":"Polygon","coordinates":[[[930,-77.9],[913,-78.3],[912.1,-41.3],[911.7,-26.3],[913.1,-24.3],[941.9,-23.7],[957.5,-23.3],[957.9,-38.5],[958.6,-89.7],[938.6,-90],[938.3,-77.7],[936.7,-77.7]]]}},{"type":"Feature","properties":{"osmId":210680485,"height":26.6,"minHeight":0,"levels":8,"name":"Pepper Construction"},"geometry":{"type":"Polygon","coordinates":[[[201.2,-663.7],[201.2,-662.7],[195.9,-661.9],[193.5,-660.3],[188.4,-652.9],[187.3,-653.3],[183.5,-653.3],[183,-627.6],[204.4,-627.2],[205.2,-663.6]]]}},{"type":"Feature","properties":{"osmId":210680486,"height":23.4,"minHeight":0,"levels":7,"name":"Perimeter Gallery"},"geometry":{"type":"Polygon","coordinates":[[[339.7,-364.2],[342.7,-364.1],[342.8,-357.4],[344,-355.3],[361.5,-355.2],[362,-394.5],[340.5,-394.7]]]}},{"type":"Feature","properties":{"osmId":210680494,"height":87.4,"minHeight":0,"levels":27,"name":"Ritchie Court Condominiums"},"geometry":{"type":"Polygon","coordinates":[[[1083.3,739.5],[1055.6,738.9],[1052,793.1],[1078.5,793.7],[1078.6,787.3]]]}},{"type":"Feature","properties":{"osmId":210680495,"height":93.8,"minHeight":0,"levels":29,"name":"Ritchie Tower"},"geometry":{"type":"Polygon","coordinates":[[[1011,771],[1009.8,772.2],[1008.7,804.6],[1009.8,805.6],[1012.8,805.7],[1013.9,804.7],[1025.1,805],[1026.5,803.8],[1026.6,800.8],[1025.6,799.7],[1026.3,778],[1027.7,777.1],[1027.6,773.9],[1026.3,772.7]]]}},{"type":"Feature","properties":{"osmId":210680502,"height":13.8,"minHeight":0,"levels":4},"geometry":{"type":"Polygon","coordinates":[[[426.4,-481.9],[425.6,-481.4],[425.5,-480.7],[426,-479.3],[425.8,-475.2],[460,-474.7],[459.9,-481.1]]]}},{"type":"Feature","properties":{"osmId":210680503,"height":10.6,"minHeight":0,"levels":3,"name":"Seven"},"geometry":{"type":"Polygon","coordinates":[[[305.9,-418.4],[341.2,-417.8],[341.3,-424.3],[347.3,-424.2],[347.2,-448],[306.6,-448.8],[306.3,-435.1]]]}},{"type":"Feature","properties":{"osmId":210680505,"height":20.2,"minHeight":0,"levels":6,"name":"Sotherby's"},"geometry":{"type":"Polygon","coordinates":[[[347.5,-772.9],[369.1,-772.2],[370,-801.7],[348.4,-802.3]]]}},{"type":"Feature","properties":{"osmId":210680506,"height":7.4,"minHeight":0,"levels":2,"name":"Chicago Fire Department - Air Mask Services"},"geometry":{"type":"Polygon","coordinates":[[[106.8,281.8],[106.5,299.4],[136.8,299.9],[137.1,284.7],[115.4,284.3],[115.3,281.9]]]}},{"type":"Feature","properties":{"osmId":210680507,"height":26.6,"minHeight":0,"levels":8,"name":"Spaces"},"geometry":{"type":"Polygon","coordinates":[[[495.3,-710.4],[495,-691.9],[491.9,-691.9],[491.6,-680.8],[523.2,-680.2],[523.7,-709.9]]]}},{"type":"Feature","properties":{"osmId":210680508,"height":10,"minHeight":0},"geometry":{"type":"Polygon","coordinates":[[[158.7,250.5],[158.4,277],[157.5,277],[157.3,282.1],[158.6,282.3],[157.9,299.3],[164.8,299.4],[164.9,298],[185.6,298.6],[185.9,290.3],[187.5,290.4],[188.5,258.1],[188.7,251]]]}},{"type":"Feature","properties":{"osmId":210680509,"height":26.6,"minHeight":0,"levels":8,"name":"Catholic Charities of the Archdiocese of Chicago"},"geometry":{"type":"Polygon","coordinates":[[[552.7,-479.7],[552.4,-467.6],[560.1,-467.5],[559.8,-453.7],[558.6,-453.8],[558.8,-425.9],[551.5,-426],[551.3,-414],[572.4,-413.6],[572.4,-416.6],[593.6,-416.1],[593.6,-413.5],[606.5,-413.1],[607.2,-440],[600.7,-440.2],[600.8,-443.1],[594.1,-443.2],[594,-440],[587.4,-440.1],[587.6,-452.3],[574.1,-452.6],[574.3,-462.3],[578.9,-462.2],[579.2,-475.5],[573.3,-475.7],[573.4,-479.1]]]}},{"type":"Feature","properties":{"osmId":210680511,"height":4.2,"minHeight":0,"levels":1},"geometry":{"type":"Polygon","coordinates":[[[252.6,-339.1],[252.4,-311.3],[276.3,-311.2],[276.5,-352.4],[253.6,-352.5],[253.5,-339.1]]]}},{"type":"Feature","properties":{"osmId":210680512,"height":90.6,"minHeight":0,"levels":28,"name":"State Tower"},"geometry":{"type":"Polygon","coordinates":[[[824.9,603.4],[824.5,625.7],[847.6,626.1],[848,603.8]]]}},{"type":"Feature","properties":{"osmId":210680513,"height":52.2,"minHeight":0,"levels":16,"name":"The Godfrey Hotel Chicago"},"geometry":{"type":"Polygon","coordinates":[[[607.8,-502.3],[608.3,-531.5],[553.6,-532.5],[553.1,-503.3]]]}},{"type":"Feature","properties":{"osmId":210680515,"height":20.2,"minHeight":0,"levels":6,"name":"Al Sahara Rugs"},"geometry":{"type":"Polygon","coordinates":[[[238.2,-809.3],[284.1,-807.8],[284.6,-837.9],[238.8,-839.1]]]}},{"type":"Feature","properties":{"osmId":210680516,"height":39.4,"minHeight":0,"levels":12,"name":"Superior West"},"geometry":{"type":"Polygon","coordinates":[[[611.4,-412.2],[644.7,-411.2],[644.7,-437.8],[613.5,-438.4],[611.9,-438.5]]]}},{"type":"Feature","properties":{"osmId":210680517,"height":20.2,"minHeight":0,"levels":6},"geometry":{"type":"Polygon","coordinates":[[[1027.6,242.2],[1028.1,225.2],[1026.3,225.2],[1026.6,214.3],[1019.3,214.1],[1019.1,219.2],[1017.6,219.2],[1016.1,220.5],[1015.4,229.7],[1004.1,229.6],[1004.2,219.7],[1003.1,218.5],[1001.2,218.5],[1001.4,214],[994.4,213.8],[993.4,241.3],[995.8,241.4],[995.7,244.3],[1003.1,244.5],[1003.2,242.4],[1017.7,242.9],[1017.7,244.5],[1025.1,244.7],[1025.1,242.7],[1027.5,242.8]]]}},{"type":"Feature","properties":{"osmId":210680518,"height":71.4,"minHeight":0,"levels":22,"name":"Thompson Chicago"},"geometry":{"type":"Polygon","coordinates":[[[986.2,220.3],[954.7,219.7],[945.8,243.7],[986,244.6]]]}},{"type":"Feature","properties":{"osmId":210680520,"height":93.8,"minHeight":0,"levels":29,"name":"The Caravel"},"geometry":{"type":"Polygon","coordinates":[[[814.5,-621.7],[816.5,-621.7],[818.8,-621.7],[818.7,-619],[837,-618.7],[837.6,-650.3],[795,-651.1],[794.5,-622.1]]]}},{"type":"Feature","properties":{"osmId":210680521,"height":129,"minHeight":0,"levels":40,"name":"The Carlyle"},"geometry":{"type":"Polygon","coordinates":[[[1186.6,274.8],[1185.7,293.8],[1184.2,307.8],[1179.6,327.3],[1200.8,332.8],[1208.9,310.1],[1209,309.4],[1210.3,300.1],[1210,285.8],[1209.3,285.7],[1209.4,282.4],[1208.2,281.5],[1208.3,275.2]]]}},{"type":"Feature","properties":{"osmId":210680523,"height":167.4,"minHeight":0,"levels":52,"name":"The Fordham"},"geometry":{"type":"Polygon","coordinates":[[[951.2,-429.4],[957.4,-429.3],[957,-409.7],[969.2,-409.4],[969.1,-406.5],[994.4,-406],[994.5,-409.8],[1009.6,-409.5],[1010.2,-435.8],[1008.8,-435.9],[1008.5,-469.7],[963.7,-470.7],[963,-438.9],[951.4,-439.1]]]}},{"type":"Feature","properties":{"osmId":210680526,"height":87,"minHeight":0,"levels":28,"name":"The Grand on Grand"},"geometry":{"type":"Polygon","coordinates":[[[374.7,-792.5],[389.1,-792.4],[407.8,-792.2],[408,-823.6],[399.1,-823.9],[399.1,-836.4],[375.1,-837.1]]]}},{"type":"Feature","properties":{"osmId":210680527,"height":72,"minHeight":0,"levels":22,"name":"The Grand Orleans"},"geometry":{"type":"Polygon","coordinates":[[[186.9,-810.2],[223,-809.5],[223.5,-839.3],[187.3,-839.8]]]}},{"type":"Feature","properties":{"osmId":210680528,"height":84.2,"minHeight":0,"levels":26,"name":"The Hermitage on Huron"},"geometry":{"type":"Polygon","coordinates":[[[671,-475.9],[671.6,-440.8],[670.7,-412.3],[702.8,-411.8],[703.4,-449.4],[703.8,-475.3]]]}},{"type":"Feature","properties":{"osmId":210680529,"height":58.6,"minHeight":0,"levels":18,"name":"The Neapolitan"},"geometry":{"type":"Polygon","coordinates":[[[347.7,558.1],[282.1,556.6],[282.2,554.5],[272.3,554.3],[271.7,576.8],[374,578.8],[374.5,550.1],[352.6,549.7],[352.4,558.2]]]}},{"type":"Feature","properties":{"osmId":210680530,"height":29.8,"minHeight":0,"levels":9,"name":"The Park LaSalle"},"geometry":{"type":"Polygon","coordinates":[[[486.2,166.2],[485.1,167.3],[484.9,174.1],[484.1,174.8],[483,239.2],[484.2,240.5],[499.4,240.9],[501.3,231.1],[502.3,167.7],[501.2,166.4]]]}},{"type":"Feature","properties":{"osmId":210680531,"height":163,"minHeight":0,"levels":48,"name":"The Pinnacle"},"geometry":{"type":"Polygon","coordinates":[[[975.9,-494.1],[1012.1,-493.3],[1013.1,-558.6],[977.3,-559.6]]]}},{"type":"Feature","properties":{"osmId":210680532,"height":10,"minHeight":0,"name":"The Superior at LaSalle"},"geometry":{"type":"Polygon","coordinates":[[[481.5,-362.5],[517.9,-361.9],[518.3,-391.5],[481.9,-392.1]]]}},{"type":"Feature","properties":{"osmId":210680533,"height":49,"minHeight":0,"levels":15,"name":"The Venetian"},"geometry":{"type":"Polygon","coordinates":[[[275.7,517],[253,516.7],[252.9,530],[252.7,540.6],[272.6,540.9],[272.5,545.7],[272.3,554.3],[282.2,554.5],[309.9,554.9],[310.1,539.8],[311.7,539.9],[312.3,517.3],[307.3,517.4]]]}},{"type":"Feature","properties":{"osmId":210680534,"height":49,"minHeight":0,"levels":15,"name":"The Whitney"},"geometry":{"type":"Polygon","coordinates":[[[771.1,730.9],[770.9,743.6],[772,743.7],[770.5,768.3],[771.5,768.4],[771.2,782.9],[769.9,782.9],[769.6,797.8],[804.7,798.5],[806.1,731.3]]]}},{"type":"Feature","properties":{"osmId":210680537,"height":52.2,"minHeight":0,"levels":16,"name":"Freehand Chicago"},"geometry":{"type":"Polygon","coordinates":[[[973.1,-760.8],[988,-760.5],[988.2,-768.1],[989.3,-768.1],[988.7,-788.7],[973.8,-789]]]}},{"type":"Feature","properties":{"osmId":210680538,"height":61.8,"minHeight":0,"levels":19,"name":"Towers Condominium"},"geometry":{"type":"Polygon","coordinates":[[[777.9,570.3],[777.8,576.4],[773.1,576.2],[772.7,592.5],[769.8,592.3],[769.6,605.4],[772.2,605.5],[771.9,622.2],[776.8,622.3],[776.5,628.5],[808.3,629.2],[809.4,575.6],[808.2,575.5],[808.2,574.3],[802.6,574.2],[802.7,570.8]]]}},{"type":"Feature","properties":{"osmId":210680542,"height":26.6,"minHeight":0,"levels":8,"name":"Urban Innovations"},"geometry":{"type":"Polygon","coordinates":[[[181.1,-539.2],[180.4,-509.1],[232.7,-508.3],[233.3,-531.9],[210.3,-532.5],[210.3,-538.3]]]}},{"type":"Feature","properties":{"osmId":210680545,"height":77.8,"minHeight":0,"levels":24,"name":"Lawson House Apartments"},"geometry":{"type":"Polygon","coordinates":[[[788.4,-272.1],[787.7,-241],[796.5,-240.9],[796.9,-262.7],[803.6,-262.6],[803.5,-256.8],[813.6,-256.6],[813.7,-262.3],[817.9,-262.2],[817.5,-243.3],[825.9,-243.2],[826.3,-262.1],[830,-262],[830.2,-271.2]]]}},{"type":"Feature","properties":{"osmId":210680547,"height":42.6,"minHeight":0,"levels":13,"name":"Hotel Felix"},"geometry":{"type":"Polygon","coordinates":[[[620.8,-522.2],[620.7,-521.1],[613.1,-521.2],[613.1,-503.7],[612.9,-501],[646.6,-500.7],[646.5,-504],[646.7,-522.4]]]}},{"type":"Feature","properties":{"osmId":210680551,"height":4.2,"minHeight":0,"levels":1,"name":"Taco Bell"},"geometry":{"type":"Polygon","coordinates":[[[549.7,-315.8],[549.6,-306.7],[565.7,-306.6],[565.8,-315.7]]]}},{"type":"Feature","properties":{"osmId":210680552,"height":10,"minHeight":0,"name":"Culbertson Hall"},"geometry":{"type":"Polygon","coordinates":[[[421.1,-260.7],[442.2,-260.3],[442.2,-258.4],[446.5,-258.3],[446.2,-246.3],[478.7,-245.5],[479.4,-277.9],[421.5,-279.1]]]}},{"type":"Feature","properties":{"osmId":210680553,"height":157.8,"minHeight":0,"levels":49,"name":"Windsor at Ontario Place"},"geometry":{"type":"Polygon","coordinates":[[[965.8,-648.7],[960.8,-647],[926,-647.8],[925.2,-612],[924.6,-584.8],[959.5,-584.1],[960.1,-609.2],[960.4,-625.9],[971.1,-616.2],[1002.8,-615.2],[1014.7,-624.2],[1015.3,-643.5],[1012.5,-647.9]]]}},{"type":"Feature","properties":{"osmId":210680560,"height":26.6,"minHeight":0,"levels":8},"geometry":{"type":"Polygon","coordinates":[[[877.6,628.8],[874.7,629.6],[874.3,642],[919.9,643.3],[920.1,630.4]]]}},{"type":"Feature","properties":{"osmId":210680561,"height":10,"minHeight":0,"name":"Alumni Student Center"},"geometry":{"type":"Polygon","coordinates":[[[482.2,-159.6],[482.4,-174.4],[484.6,-174.4],[484.1,-182.1],[485.3,-182],[485.4,-183.1],[485.5,-188.5],[487.2,-188.5],[487.3,-189.3],[487.3,-192],[438.5,-192.9],[437.8,-156.2],[483.9,-155.3],[484,-159.6]]]}},{"type":"Feature","properties":{"osmId":210680562,"height":10,"minHeight":0},"geometry":{"type":"Polygon","coordinates":[[[120.1,609.6],[120.2,607.2],[122.5,607.2],[122.6,600.1],[122.7,594.9],[121.3,594.9],[121.3,590.7],[122.4,590.7],[121.9,575.9],[123.3,575.9],[123.3,569.7],[123.4,563.6],[121.2,563.6],[121.2,560.4],[119,560.4],[110.8,560.3],[110.8,558.2],[92.7,558],[92.6,571.6],[110.1,571.8],[110.1,570.3],[114,570.3],[113.8,582.4],[111.4,582.4],[111.4,588.2],[113.7,588.2],[113.6,600.7],[108.9,600.7],[108.9,599.1],[91.7,598.8],[91.5,610.6],[109.2,610.8],[109.2,609.5],[116.4,609.6]]]}},{"type":"Feature","properties":{"osmId":210680564,"height":10,"minHeight":0},"geometry":{"type":"Polygon","coordinates":[[[150.9,666.9],[150.6,673.1],[156.9,673.3],[157.1,667.1]]]}},{"type":"Feature","properties":{"osmId":210680569,"height":10,"minHeight":0},"geometry":{"type":"Polygon","coordinates":[[[447.6,784.4],[455.2,784.2],[455.4,776.3],[447.6,776.5]]]}},{"type":"Feature","properties":{"osmId":210680577,"height":10,"minHeight":0},"geometry":{"type":"Polygon","coordinates":[[[107.5,275],[107.4,280.9],[114.3,281],[114.4,275.1]]]}},{"type":"Feature","properties":{"osmId":210680578,"height":10,"minHeight":0},"geometry":{"type":"Polygon","coordinates":[[[143.3,666.8],[143,672.8],[149.3,673.1],[149.4,666.9]]]}},{"type":"Feature","properties":{"osmId":210680592,"height":10,"minHeight":0},"geometry":{"type":"Polygon","coordinates":[[[569.9,353.1],[569.6,359.6],[576.5,359.9],[576.7,353.4]]]}},{"type":"Feature","properties":{"osmId":210680606,"height":10,"minHeight":0},"geometry":{"type":"Polygon","coordinates":[[[568.9,362.7],[568.4,375.7],[576.6,376.1],[577.1,363.1]]]}},{"type":"Feature","properties":{"osmId":210680616,"height":10,"minHeight":0},"geometry":{"type":"Polygon","coordinates":[[[183.3,553.2],[183,558.6],[193.7,558.8],[193.7,553.6]]]}},{"type":"Feature","properties":{"osmId":210680625,"height":10,"minHeight":0},"geometry":{"type":"Polygon","coordinates":[[[455.4,776.3],[455.5,768.7],[447.9,768.8],[447.6,776.5]]]}},{"type":"Feature","properties":{"osmId":210680642,"height":10,"minHeight":0},"geometry":{"type":"Polygon","coordinates":[[[594.2,636.1],[594.1,641.7],[599.7,641.8],[599.7,636.2]]]}},{"type":"Feature","properties":{"osmId":210680654,"height":10,"minHeight":0},"geometry":{"type":"Polygon","coordinates":[[[262,576.8],[261.8,583],[271.4,583.4],[271.6,577]]]}},{"type":"Feature","properties":{"osmId":210680662,"height":10,"minHeight":0},"geometry":{"type":"Polygon","coordinates":[[[447.6,784.4],[447.5,791.1],[460.5,791.3],[460.6,784.3],[455.2,784.2]]]}},{"type":"Feature","properties":{"osmId":210680666,"height":10,"minHeight":0},"geometry":{"type":"Polygon","coordinates":[[[447.9,768.8],[455.5,768.7],[456.1,768.7],[456.3,761.3],[448.2,761.2]]]}},{"type":"Feature","properties":{"osmId":210680673,"height":10,"minHeight":0},"geometry":{"type":"Polygon","coordinates":[[[456.3,761.3],[456.3,758.6],[460.4,758.6],[460.4,753.8],[448.3,753.7],[448.2,761.2]]]}},{"type":"Feature","properties":{"osmId":210680676,"height":10,"minHeight":0},"geometry":{"type":"Polygon","coordinates":[[[310.5,-395],[310.3,-377],[313.7,-376.9],[313.6,-358],[315.3,-356.2],[324.6,-355.9],[324.8,-394.9]]]}},{"type":"Feature","properties":{"osmId":210680678,"height":10,"minHeight":0},"geometry":{"type":"Polygon","coordinates":[[[345.7,-333.1],[345.3,-316.5],[345.1,-310.7],[360.5,-310.3],[361.5,-349.2],[346.1,-349.6]]]}},{"type":"Feature","properties":{"osmId":210680681,"height":100.2,"minHeight":0,"levels":31,"name":"100 West Chestnut"},"geometry":{"type":"Polygon","coordinates":[[[598.9,-132.9],[598.8,-131.1],[595.1,-131.1],[595,-125.9],[593.8,-125.9],[593.4,-113.9],[594.7,-113.9],[594.6,-108.5],[606.7,-108.3],[606.7,-109.8],[617.8,-109.4],[617.8,-110.3],[622.4,-110.2],[622.4,-111.3],[632.1,-111.1],[632.1,-112.3],[637.7,-112.2],[637.9,-116.7],[639.1,-116.7],[638.1,-127.5],[622.5,-128.9],[622.5,-129.9],[618.1,-129.9],[618.1,-131.3]]]}},{"type":"Feature","properties":{"osmId":210680683,"height":129,"minHeight":0,"levels":40},"geometry":{"type":"Polygon","coordinates":[[[1139.9,363.2],[1139.2,408.3],[1149.1,408.5],[1149.4,394.1],[1153.9,394.2],[1154.2,378.6],[1187.3,379.3],[1187.6,362.5],[1156.1,361.9],[1156.1,363.5]]]}},{"type":"Feature","properties":{"osmId":210680684,"height":129,"minHeight":0,"levels":40},"geometry":{"type":"Polygon","coordinates":[[[1165.9,381.1],[1165.5,405.3],[1183.8,405.6],[1184.2,381.5]]]}},{"type":"Feature","properties":{"osmId":210680685,"height":103.4,"minHeight":0,"levels":32,"name":"1111 North Dearborn"},"geometry":{"type":"Polygon","coordinates":[[[777.3,298.9],[776.1,300],[776,304.6],[775.4,305.2],[775.2,320.3],[775.7,320.7],[775.6,325.3],[776.7,326.4],[776.4,344],[820.2,344.8],[820.5,332],[824.9,331.6],[833.5,331.8],[834.1,301.6],[809.2,301.1],[809.2,300.8],[807.9,299.5],[805,299.4],[804.5,298.8]]]}},{"type":"Feature","properties":{"osmId":210680686,"height":87.4,"minHeight":0,"levels":27,"name":"1122 North Dearborn"},"geometry":{"type":"Polygon","coordinates":[[[722.6,343.4],[722.5,345.2],[713.6,345],[712.1,362],[713.5,362],[713.2,369.5],[721.9,369.6],[721.9,371.1],[736.5,370.6],[736.4,371.5],[740.6,371.6],[740.8,370.5],[746.4,370.6],[747,345.8],[741.2,345.7],[741.2,344.1],[736.9,344],[736.9,345.7],[727,345.5],[727,343.5]]]}},{"type":"Feature","properties":{"osmId":210680687,"height":106.6,"minHeight":0,"levels":33,"name":"1133 North Dearborn"},"geometry":{"type":"Polygon","coordinates":[[[779.6,367.8],[779.2,381.4],[777.6,381.4],[776.5,386.5],[777.9,387.4],[776.3,398.9],[777.1,399.5],[777,401.7],[779.1,401.8],[778.6,418.1],[781.3,418.2],[781.2,421],[819.4,422.1],[820.9,368.9]]]}},{"type":"Feature","properties":{"osmId":210680688,"height":45.8,"minHeight":0,"levels":14},"geometry":{"type":"Polygon","coordinates":[[[1036.6,556.3],[1027.2,555.8],[1024.3,555.7],[1018.3,587.6],[1031.4,587.9],[1033.2,578.2],[1041.7,580],[1044,568.3],[1035.2,565.1]]]}},{"type":"Feature","properties":{"osmId":210680689,"height":116.2,"minHeight":0,"levels":36,"name":"1212 Lake Shore Drive Condominium"},"geometry":{"type":"Polygon","coordinates":[[[1113.6,556.2],[1112.1,614],[1145.9,614.7],[1146,608.4],[1148.5,608.5],[1148.8,592.4],[1153.1,592.5],[1153.4,579],[1149.1,578.9],[1149.5,563.1],[1147.2,563],[1147.4,556.5]]]}},{"type":"Feature","properties":{"osmId":210680690,"height":87.4,"minHeight":0,"levels":27,"name":"1212 North Lasalle"},"geometry":{"type":"Polygon","coordinates":[[[498.7,540.6],[467.3,540.2],[467.8,520],[399.1,518.8],[398.2,568.7],[449.9,569.6],[449.9,566.6],[468.5,566.9],[468.6,563.7],[498.3,564.2]]]}},{"type":"Feature","properties":{"osmId":210680691,"height":90.6,"minHeight":0,"levels":28},"geometry":{"type":"Polygon","coordinates":[[[1114.7,659.9],[1114.3,677.9],[1140.2,678.5],[1143.6,660.3]]]}},{"type":"Feature","properties":{"osmId":210680692,"height":129,"minHeight":0,"levels":40},"geometry":{"type":"Polygon","coordinates":[[[1083.3,739.5],[1078.6,787.3],[1120.3,788.2],[1122,770.7],[1125.8,770.7],[1126,756.6],[1122.3,756.5],[1122.5,746.7],[1121.2,746.7],[1121.2,739.9]]]}},{"type":"Feature","properties":{"osmId":210680693,"height":49,"minHeight":0,"levels":15},"geometry":{"type":"Polygon","coordinates":[[[834.3,780.4],[834.2,784.2],[818.9,783.8],[818.6,795.5],[831,795.9],[830.8,803],[818.8,802.7],[818.5,814.1],[833.5,814.4],[833.4,817.9],[847,818.3],[847.9,780.8]]]}},{"type":"Feature","properties":{"osmId":210680694,"height":125.8,"minHeight":0,"levels":39,"name":"2 East Erie"},"geometry":{"type":"Polygon","coordinates":[[[937.2,-561.6],[922.3,-561.6],[922.2,-525.5],[944.8,-525.4],[953.1,-525.3],[953.2,-527.2],[976.5,-527],[977.3,-559.6]]]}},{"type":"Feature","properties":{"osmId":210680695,"height":61.8,"minHeight":0,"levels":19,"name":"20 East Cedar"},"geometry":{"type":"Polygon","coordinates":[[[993.2,377.4],[979.3,377.2],[979.4,369.8],[981.7,369.8],[981.9,359],[964.7,358.5],[964.5,369.5],[967.2,369.6],[967,376.9],[952.5,376.5],[952,392.8],[986.6,392.8],[986.6,393.6],[992.9,393.8]]]}},{"type":"Feature","properties":{"osmId":210680696,"height":55.4,"minHeight":0,"levels":17,"name":"21 West Chestnut"},"geometry":{"type":"Polygon","coordinates":[[[831,-183.9],[830.9,-179.9],[828.6,-180],[827.9,-151],[881.6,-149.8],[882.4,-182.7]]]}},{"type":"Feature","properties":{"osmId":210680700,"height":55.4,"minHeight":0,"levels":17,"name":"340 West Superior"},"geometry":{"type":"Polygon","coordinates":[[[108,-399.3],[107.3,-360],[130.9,-359.6],[146.8,-359.1],[147,-361.1],[147.6,-387.9],[144.8,-394.8],[142.2,-397.1],[137.5,-399]]]}},{"type":"Feature","properties":{"osmId":210680701,"height":68.2,"minHeight":0,"levels":21,"name":"40 East Cedar"},"geometry":{"type":"Polygon","coordinates":[[[1001.2,378.8],[1000.6,402.9],[1026.7,403.4],[1027.8,363.8],[1016.8,363.5],[1016.9,359.3],[1012,359.2],[1011.9,363.3],[1002.7,363.2],[1002.4,378.8]]]}},{"type":"Feature","properties":{"osmId":210680702,"height":65,"minHeight":0,"levels":20,"name":"40 East Oak"},"geometry":{"type":"Polygon","coordinates":[[[1008.7,209.6],[1036.6,210.2],[1036.8,180.3],[1036.9,179.9],[1009,179.5]]]}},{"type":"Feature","properties":{"osmId":210680703,"height":87.4,"minHeight":0,"levels":27,"name":"50 East Bellevue"},"geometry":{"type":"Polygon","coordinates":[[[1057.4,276.5],[1030.5,275.8],[1029.8,276.6],[1028.8,275.6],[1025.2,275.7],[1024.3,276.6],[1023.4,275.7],[1008.2,275],[1007,307.1],[1056.2,308.8],[1056.7,296.1]]]}},{"type":"Feature","properties":{"osmId":210680704,"height":197,"minHeight":0,"levels":57,"name":"55 East Erie"},"geometry":{"type":"Polygon","coordinates":[[[1034.6,-600.8],[1034.5,-580.5],[1125.8,-578.8],[1126.1,-610.8],[1083.2,-611.6],[1082.9,-599.9],[1035.7,-600.7]]]}},{"type":"Feature","properties":{"osmId":210680707,"height":87.4,"minHeight":0,"levels":27},"geometry":{"type":"Polygon","coordinates":[[[868,-648.7],[867.1,-618.5],[867,-617.7],[879.4,-617.5],[879.1,-600],[896.2,-599.6],[897.7,-599.6],[898.6,-650.6],[868,-651.1]]]}},{"type":"Feature","properties":{"osmId":210680708,"height":20.2,"minHeight":0,"levels":6},"geometry":{"type":"Polygon","coordinates":[[[767.4,-606.8],[761.2,-606.4],[759.1,-605.3],[751,-605.9],[750.7,-589],[751.9,-587.5],[767.7,-587.5],[769.6,-589.3],[770,-606.8]]]}},{"type":"Feature","properties":{"osmId":210680709,"height":49,"minHeight":0,"levels":15},"geometry":{"type":"Polygon","coordinates":[[[1115.3,383.4],[1115.1,385.4],[1139.5,386.1],[1140.2,361.7],[1116.1,361.1],[1115.9,364.9]]]}},{"type":"Feature","properties":{"osmId":210680710,"height":71.4,"minHeight":0,"levels":22},"geometry":{"type":"Polygon","coordinates":[[[176.7,-313.6],[191.4,-313.2],[236.4,-312.5],[237.1,-350.4],[178,-351.6]]]}},{"type":"Feature","properties":{"osmId":210684362,"height":90.6,"minHeight":0,"levels":28,"name":"Alcott House"},"geometry":{"type":"Polygon","coordinates":[[[578.3,1091.3],[577.8,1094],[565.6,1093.5],[550.1,1092.8],[549.8,1098.3],[548.1,1098.2],[548,1100.7],[524.7,1099.7],[524,1117.9],[524.9,1118.4],[524.9,1119.3],[529.1,1119.6],[529.3,1117.6],[555.6,1118.6],[555.9,1112.7],[558,1112.6],[558.1,1110.4],[576.9,1111.1],[576.7,1112.8],[580.7,1112.9],[582.5,1092.9],[581,1092.7],[581,1091.4],[580,1091.3]]]}},{"type":"Feature","properties":{"osmId":210684364,"height":90.6,"minHeight":0,"levels":28,"name":"Bryant House"},"geometry":{"type":"Polygon","coordinates":[[[586.9,1041.1],[586.8,1044],[586.8,1044.8],[587.9,1044.8],[587.7,1075.4],[585.8,1075.4],[585.7,1077.4],[585.7,1079.2],[605.2,1079.4],[605.2,1076.5],[606.1,1076.5],[606.4,1041.3],[591.1,1041.2]]]}},{"type":"Feature","properties":{"osmId":210684369,"height":90.6,"minHeight":0,"levels":28,"name":"Cummings House"},"geometry":{"type":"Polygon","coordinates":[[[585.8,895.6],[582,895.6],[581.9,896.6],[570.8,896.4],[544.8,896.1],[544.8,901.9],[529,901.7],[528.7,919.1],[543.7,919.3],[547.6,919.4],[547.5,923.6],[553.1,923.7],[553.1,920.3],[560.2,920.4],[560.3,915.2],[562.2,915.2],[562.3,913.1],[570.8,913.2],[581.1,913.4],[581.1,915.7],[584.3,915.8],[584.3,913.9],[585.8,913.9]]]}},{"type":"Feature","properties":{"osmId":210684370,"height":90.6,"minHeight":0,"levels":28,"name":"Dickinson House"},"geometry":{"type":"Polygon","coordinates":[[[591.4,842.7],[591.3,846.3],[592.1,846.4],[590.3,880.2],[609.1,881.3],[611.1,843.3],[594.5,842.8]]]}},{"type":"Feature","properties":{"osmId":210684371,"height":97,"minHeight":0,"levels":30,"name":"Faulkner House"},"geometry":{"type":"Polygon","coordinates":[[[642.3,1140.1],[642,1165],[650,1165],[668.5,1165],[668.4,1140.6],[658.2,1140.5],[658.3,1136.9],[658.3,1132.8],[652.7,1132.7],[652.7,1136.6],[652.7,1140.2]]]}},{"type":"Feature","properties":{"osmId":210684373,"height":68.2,"minHeight":0,"levels":21},"geometry":{"type":"Polygon","coordinates":[[[879.8,919.8],[879.8,923.4],[879.6,932.7],[933.1,933.6],[933.3,920.8]]]}},{"type":"Feature","properties":{"osmId":210684390,"height":20.2,"minHeight":0,"levels":6},"geometry":{"type":"Polygon","coordinates":[[[801.3,885.9],[805.9,886],[806.1,874.8],[769.3,874.1],[766.5,874],[766.4,877.1],[764.9,878.7],[766.7,881.6],[766.8,885.7],[767.4,885.7]]]}},{"type":"Feature","properties":{"osmId":210684397,"height":55.4,"minHeight":0,"levels":17},"geometry":{"type":"Polygon","coordinates":[[[907.7,882.1],[904.9,912.9],[925.4,914],[925.9,911.5],[926.5,908.2],[936.7,909.3],[940.8,889],[929.9,886.9],[930.5,882.7]]]}},{"type":"Feature","properties":{"osmId":210684418,"height":71.4,"minHeight":0,"levels":22},"geometry":{"type":"Polygon","coordinates":[[[1042.9,909.1],[1011.1,914.4],[1007.6,913.5],[1007.5,914.7],[1010.7,934.5],[1014.2,932.2],[1044,927.9],[1083.6,935.9],[1087.4,918.3],[1084.4,917.6]]]}},{"type":"Feature","properties":{"osmId":210684429,"height":49,"minHeight":0,"levels":15},"geometry":{"type":"Polygon","coordinates":[[[692.4,930.1],[692.2,942.7],[735,943.6],[735.3,930.9]]]}},{"type":"Feature","properties":{"osmId":210684432,"height":71.4,"minHeight":0,"levels":22},"geometry":{"type":"Polygon","coordinates":[[[1031.7,954.7],[1031.9,956.5],[1029,956.5],[1028.9,963.2],[1033,963.3],[1032.9,965.6],[1028.4,965.5],[1027.9,966.4],[1027.9,969.4],[1028.5,970.2],[1030.6,970.2],[1030.4,983.1],[1029.2,984.1],[1029,989.1],[1028.2,990],[1028.7,998.5],[1045.2,998.8],[1045.1,994],[1054.9,994.2],[1054.8,999.2],[1067.2,999],[1067.4,996.5],[1070,996.5],[1070,988.2],[1067.8,988.2],[1067.7,986.1],[1065.5,985.9],[1065.4,985.3],[1053.9,985.6],[1051.6,983],[1053.1,981.2],[1056.4,981.2],[1060.1,977.3],[1062.2,977.2],[1069.7,969.5],[1072,969.2],[1071.8,966.9],[1074.4,966.8],[1074.5,957.5],[1071.8,957.7],[1072,954.8],[1062.3,954.6],[1062.2,957.2],[1059.7,957],[1051.1,965.7],[1051,967.7],[1047.1,971.2],[1046.9,974.7],[1045,976.6],[1042.5,974.2],[1043.3,957.3],[1040.4,956.7],[1040.4,954.8]]]}},{"type":"Feature","properties":{"osmId":210684497,"height":20.2,"minHeight":0,"levels":6},"geometry":{"type":"Polygon","coordinates":[[[334.1,942.6],[331.5,1020.1],[362.3,1020.8],[362.4,1015],[363,992.4],[361,992.5],[361,989.7],[363.1,989.7],[363.3,980.3],[361.2,980.2],[361.2,977.4],[362.8,977.4],[362.9,947.8],[356.7,947.9],[356.6,943]]]}},{"type":"Feature","properties":{"osmId":210684499,"height":20.2,"minHeight":0,"levels":6},"geometry":{"type":"Polygon","coordinates":[[[973.3,984.6],[972.9,997.6],[975.8,997.7],[975.7,1000.1],[985.7,1000.4],[985.8,998.1],[1002.4,998.6],[1002.4,1000.9],[1006.3,1001],[1006,1008.3],[1017.9,1008.6],[1020.2,985.4]]]}},{"type":"Feature","properties":{"osmId":210684510,"height":61.8,"minHeight":0,"levels":19},"geometry":{"type":"Polygon","coordinates":[[[1059.3,1038.5],[1059.8,1023.2],[1063.8,1023.3],[1064.2,1014.2],[1050.6,1012.6],[1050.3,1017.5],[1036.9,1017],[1037.1,1012.6],[1027.8,1012.2],[1026.3,1032.7],[1025.2,1033.6],[1025.1,1036.3],[1025.8,1037.1]]]}},{"type":"Feature","properties":{"osmId":210684539,"height":61.8,"minHeight":0,"levels":19},"geometry":{"type":"Polygon","coordinates":[[[914.8,1013.6],[913.9,1043.5],[941.1,1044.3],[941.2,1036.7],[943.2,1036.7],[943.7,1021.8],[940.3,1021.7],[940.6,1014.3]]]}},{"type":"Feature","properties":{"osmId":210684558,"height":23.4,"minHeight":0,"levels":7,"name":"Old Town Nails"},"geometry":{"type":"Polygon","coordinates":[[[417.9,1032.5],[386.4,1032.6],[386.4,1035],[384.6,1035.5],[384.6,1037.9],[385.9,1039],[418,1039.3]]]}},{"type":"Feature","properties":{"osmId":210684594,"height":65,"minHeight":0,"levels":20},"geometry":{"type":"Polygon","coordinates":[[[804.4,1057.2],[803.5,1094.7],[840.2,1095.5],[840.9,1058]]]}},{"type":"Feature","properties":{"osmId":210684649,"height":20.2,"minHeight":0,"levels":6},"geometry":{"type":"Polygon","coordinates":[[[698.4,1080.9],[698,1095.6],[729.4,1096.2],[729.7,1081.8],[717.9,1081.6],[717.7,1085],[710.1,1084.7],[710.2,1081.1]]]}},{"type":"Feature","properties":{"osmId":210684663,"height":58.6,"minHeight":0,"levels":18},"geometry":{"type":"Polygon","coordinates":[[[1016.8,1103.6],[1016.7,1107.1],[1010.7,1107],[1010.4,1123],[1052.6,1123.8],[1052.9,1109.2],[1054.9,1108.1],[1055,1105.6],[1053,1104.7],[1053,1103.9],[1039.9,1103.7],[1039.8,1106.9],[1031.4,1106.8],[1031.3,1111.4],[1025.4,1111.1],[1025.4,1113.5],[1023.6,1113.5],[1023.7,1103.8]]]}},{"type":"Feature","properties":{"osmId":210684674,"height":52.2,"minHeight":0,"levels":16},"geometry":{"type":"Polygon","coordinates":[[[912.2,1102],[912.2,1114.9],[916.4,1114.9],[916.5,1117.8],[939.2,1117.9],[939.3,1115.4],[943.5,1115.6],[943.7,1102.2]]]}},{"type":"Feature","properties":{"osmId":210684703,"height":20.2,"minHeight":0,"levels":6},"geometry":{"type":"Polygon","coordinates":[[[473.9,1102.9],[466.5,1103.8],[466.8,1114.6],[465.3,1114.9],[465.2,1117.6],[474.6,1117.9],[475.3,1120.8],[474.5,1121.4],[469.9,1121.2],[470.1,1119.9],[465.1,1119.8],[464.9,1123.1],[466,1123.1],[465.7,1136.1],[483.8,1136.5],[483.9,1135.7],[484.7,1135.2],[484,1124.2],[485.1,1118.4],[485.3,1104.4],[484.1,1103.2],[482.6,1103.1],[481.2,1104]]]}},{"type":"Feature","properties":{"osmId":210684704,"height":77.8,"minHeight":0,"levels":24},"geometry":{"type":"Polygon","coordinates":[[[1015.3,1143.7],[1015.1,1158.6],[1003.4,1158.4],[1003,1180.7],[1018.9,1180.9],[1018.7,1188],[1030.7,1188.1],[1030.7,1192.4],[1045.6,1192.3],[1045.8,1187.4],[1047.8,1187.4],[1047.9,1180.3],[1046,1180],[1046.2,1172.7],[1046.3,1168.6],[1048.3,1168.5],[1048.2,1162],[1046.5,1161.8],[1046.9,1154.7],[1048.7,1152.4],[1048.8,1144.4]]]}},{"type":"Feature","properties":{"osmId":210684756,"height":23.4,"minHeight":0,"levels":7},"geometry":{"type":"Polygon","coordinates":[[[383.2,1159.1],[407.2,1159.5],[432.1,1159.9],[432.5,1139.2],[414.5,1138.8],[414,1136.5],[414,1131.7],[386.6,1131.2],[383.7,1131.1]]]}},{"type":"Feature","properties":{"osmId":210684773,"height":61.8,"minHeight":0,"levels":19},"geometry":{"type":"Polygon","coordinates":[[[822.9,1200.1],[836.7,1200.3],[838.1,1171.8],[802,1171.3],[801,1198.5],[823.1,1199.4]]]}},{"type":"Feature","properties":{"osmId":210684830,"height":42.6,"minHeight":0,"levels":13},"geometry":{"type":"Polygon","coordinates":[[[836.8,1249],[837,1232.3],[800.8,1231.9],[800.4,1248]]]}},{"type":"Feature","properties":{"osmId":210684862,"height":61.8,"minHeight":0,"levels":19},"geometry":{"type":"Polygon","coordinates":[[[436.2,1230.2],[441.2,1230.4],[459.2,1231.2],[459.3,1228.7],[475.1,1229.4],[475.2,1227.5],[475.4,1222.8],[477.6,1222.9],[478.4,1204.8],[476.1,1204.7],[476.1,1203.3],[476.4,1197.3],[437.6,1195.7]]]}},{"type":"Feature","properties":{"osmId":210684863,"height":55.4,"minHeight":0,"levels":17},"geometry":{"type":"Polygon","coordinates":[[[1031,1248],[1031,1251.7],[1005.9,1251.2],[1005.7,1266.3],[1030.4,1266.5],[1030.3,1270.8],[1040.4,1271],[1045,1271],[1045.5,1248.4]]]}},{"type":"Feature","properties":{"osmId":210684895,"height":39.4,"minHeight":0,"levels":12},"geometry":{"type":"Polygon","coordinates":[[[808.9,1280.3],[808.1,1305.4],[803.6,1305.2],[803.3,1310.5],[834.4,1312.1],[836.2,1310.9],[837.1,1309.7],[837.4,1307.7],[836.8,1306.5],[835.8,1306],[835.5,1288],[836.9,1287.1],[838,1286],[835.9,1281]]]}},{"type":"Feature","properties":{"osmId":210684899,"height":20.2,"minHeight":0,"levels":6,"name":"Kilmer House"},"geometry":{"type":"Polygon","coordinates":[[[582.4,1132.8],[581.6,1182.1],[582.9,1182.1],[582.9,1183.9],[582.8,1185.9],[581.4,1185.9],[580.8,1218.2],[602.4,1218.5],[604.1,1133.2]]]}},{"type":"Feature","properties":{"osmId":210685979,"height":33,"minHeight":0,"levels":10,"name":"Parc Orleans"},"geometry":{"type":"Polygon","coordinates":[[[56.4,1276.4],[87.4,1276.7],[87.2,1294.7],[118.4,1295],[118.8,1246.1],[98.1,1245.8],[88.7,1245.7],[88.2,1260.8],[56.5,1260.2]]]}},{"type":"Feature","properties":{"osmId":210686045,"height":20.2,"minHeight":0,"levels":6},"geometry":{"type":"Polygon","coordinates":[[[975.6,916.5],[974.9,921.2],[976.3,921.4],[974.8,930],[973.5,929.7],[971.6,940.7],[987,940.8],[988.4,932.2],[986.7,931.9],[988.3,923.2],[989.8,923.5],[990.6,918.4],[990.9,916.8]]]}},{"type":"Feature","properties":{"osmId":210686134,"height":20.2,"minHeight":0,"levels":6},"geometry":{"type":"Polygon","coordinates":[[[-72,1259.9],[-98.5,1259.6],[-98.6,1292],[-72.2,1292.5]]]}},{"type":"Feature","properties":{"osmId":210686216,"height":138.6,"minHeight":0,"levels":43,"name":"James House"},"geometry":{"type":"Polygon","coordinates":[[[523.6,1200.1],[523.3,1264.8],[545.6,1264.7],[545.9,1201],[545.9,1200.3]]]}},{"type":"Feature","properties":{"osmId":210686232,"height":93.8,"minHeight":0,"levels":29,"name":"Lowell House"},"geometry":{"type":"Polygon","coordinates":[[[641.2,966.9],[640.9,985.9],[680,986.5],[680.3,967.5]]]}},{"type":"Feature","properties":{"osmId":210686236,"height":87.4,"minHeight":0,"levels":27,"name":"Park Astor"},"geometry":{"type":"Polygon","coordinates":[[[971.2,1181],[970.4,1215.9],[984.4,1216.1],[985.2,1181.3]]]}},{"type":"Feature","properties":{"osmId":210686240,"height":26.6,"minHeight":0,"levels":8,"name":"Royalton Towers"},"geometry":{"type":"Polygon","coordinates":[[[97.9,1076.8],[123.3,1077.3],[124.9,1047.4],[61.8,1046],[61.3,1068.3],[94.6,1069.1],[94.4,1076.7]]]}},{"type":"Feature","properties":{"osmId":210686243,"height":87.4,"minHeight":0,"levels":27,"name":"State Parkway Condominiums"},"geometry":{"type":"Polygon","coordinates":[[[872.8,1079.4],[872.2,1097.8],[868.8,1097.7],[868.3,1114.5],[907,1115.7],[908.1,1080.4]]]}},{"type":"Feature","properties":{"osmId":210686245,"height":90.6,"minHeight":0,"levels":28,"name":"The Constellation"},"geometry":{"type":"Polygon","coordinates":[[[791.6,1295.6],[756.9,1295.9],[757,1307.1],[757,1309.1],[791.7,1308.8]]]}},{"type":"Feature","properties":{"osmId":210686246,"height":84.2,"minHeight":0,"levels":26,"name":"The Parkside"},"geometry":{"type":"Polygon","coordinates":[[[693.4,1217.6],[693.4,1220.6],[688.9,1220.5],[685.8,1221.4],[685.5,1239.6],[702.9,1239.9],[703,1235.5],[725.8,1236],[726.3,1220.3],[706.8,1220.2],[707,1217.9]]]}},{"type":"Feature","properties":{"osmId":210686247,"height":77.8,"minHeight":0,"levels":24,"name":"The Warvick"},"geometry":{"type":"Polygon","coordinates":[[[876.4,1183],[905.8,1183.2],[907.2,1142.7],[873.8,1142.1],[872.8,1142.2],[871.9,1142.8],[870.7,1153.6],[867.6,1153.5],[867.2,1162.9],[870.7,1163],[870.5,1171.2],[872.6,1173.9],[875.2,1173.9],[875.2,1183]]]}},{"type":"Feature","properties":{"osmId":210686596,"height":55.4,"minHeight":0,"levels":17},"geometry":{"type":"Polygon","coordinates":[[[809.2,953.5],[809,969.5],[844,969.9],[844.2,953.9]]]}},{"type":"Feature","properties":{"osmId":210686597,"height":87.4,"minHeight":0,"levels":27},"geometry":{"type":"Polygon","coordinates":[[[807.1,981.4],[806.7,1004.9],[813.7,1005],[813.6,1011.4],[824.4,1011.6],[824.4,1011.3],[824.4,1007.9],[830.2,1008],[830.2,1011.2],[830.2,1012],[835.5,1012.1],[836.3,1008.3],[839.8,1008.3],[839.9,1004.5],[841.1,1002.9],[841.5,991.3],[840.1,989.6],[840.2,985.8],[836.1,985.7],[836.2,981.8],[830.6,981.6],[830.5,985.4],[825.1,985.3],[825.1,981.7]]]}},{"type":"Feature","properties":{"osmId":210686598,"height":84.2,"minHeight":0,"levels":26},"geometry":{"type":"Polygon","coordinates":[[[769.4,980.8],[769.3,987.8],[768.1,987.8],[768,1002.6],[769.6,1002.8],[790.3,1003.2],[789.9,981.2]]]}},{"type":"Feature","properties":{"osmId":210686599,"height":97,"minHeight":0,"levels":30},"geometry":{"type":"Polygon","coordinates":[[[1043.3,999.3],[1043.1,1009.5],[1043.1,1012.2],[1055.3,1012.4],[1055.3,1010.8],[1062.9,1010.8],[1065.5,1005.7],[1068.8,1005.5],[1067.7,999.7]]]}},{"type":"Feature","properties":{"osmId":210686600,"height":74.6,"minHeight":0,"levels":23},"geometry":{"type":"Polygon","coordinates":[[[1062.4,1051.4],[1062.6,1048.9],[1062.5,1038.6],[1059.3,1038.5],[1025.8,1037.1],[1026.5,1037.7],[1025.7,1050.7]]]}},{"type":"Feature","properties":{"osmId":210686601,"height":116.2,"minHeight":0,"levels":36},"geometry":{"type":"Polygon","coordinates":[[[1059.8,1056.5],[1025.3,1055.6],[1019.5,1099.5],[1055.7,1099.8]]]}},{"type":"Feature","properties":{"osmId":210686602,"height":52.2,"minHeight":0,"levels":16,"name":"1540 North State Parkway Condominium"},"geometry":{"type":"Polygon","coordinates":[[[836.2,1271.2],[836.8,1249],[800.4,1248],[799.7,1270.2]]]}},{"type":"Feature","properties":{"osmId":210686603,"height":109.8,"minHeight":0,"levels":34,"name":"1550 North Lake Shore Drive"},"geometry":{"type":"Polygon","coordinates":[[[1001.7,1270.5],[1001.7,1315.2],[1043.9,1316],[1044.4,1296.7],[1040,1296.7],[1040.4,1271],[1030.3,1270.8]]]}},{"type":"Feature","properties":{"osmId":210686604,"height":151.4,"minHeight":0,"levels":47,"name":"1555 North Astor"},"geometry":{"type":"Polygon","coordinates":[[[966.6,1288.4],[966.1,1313.6],[989.3,1314.2],[989.9,1289]]]}},{"type":"Feature","properties":{"osmId":210717476,"height":125.8,"minHeight":0,"levels":39,"name":"Walton on the Park"},"geometry":{"type":"Polygon","coordinates":[[[831.4,-1.2],[889.9,0],[889.2,32.4],[875.1,32.1],[874.9,39],[830.6,38]]]}},{"type":"Feature","properties":{"osmId":210717478,"height":49,"minHeight":0,"levels":15,"name":"1225 Old Town","trackedId":"1225-old-town"},"geometry":{"type":"Polygon","coordinates":[[[401.5,581.7],[444.7,582.3],[443,690.7],[394,689.9],[395.2,611.5],[397.1,611.6],[397.5,589.2],[401.3,589.3]]]}},{"type":"Feature","properties":{"osmId":210717481,"height":7.4,"minHeight":0,"levels":2},"geometry":{"type":"Polygon","coordinates":[[[173,343.5],[167,343.4],[167,345.8],[160.6,345.7],[160.2,358.9],[199.5,359.6],[199.7,349.3],[184.4,349],[184.5,343.7]]]}},{"type":"Feature","properties":{"osmId":212016122,"height":157.8,"minHeight":0,"levels":49,"name":"Kingsbury Plaza"},"geometry":{"type":"Polygon","coordinates":[[[-104.6,-913.9],[-106,-913.8],[-107.4,-913.8],[-109.6,-912.7],[-110.9,-911],[-110.4,-905.7],[-112.4,-902.6],[-104.8,-895.1],[-107.2,-892.3],[-98.4,-885.4],[-94,-883.2],[-89.2,-881.4],[-88,-884.8],[-75.5,-881.6],[-71.2,-885.5],[-72.4,-890.8],[-69.7,-895.7],[-54.5,-886.9],[-36,-917.6],[-87.5,-948.6],[-106.2,-917.6],[-103.2,-915.9]]]}},{"type":"Feature","properties":{"osmId":212058628,"height":26.6,"minHeight":0,"levels":8,"name":"Bowne Building"},"geometry":{"type":"Polygon","coordinates":[[[230.5,-774.2],[187.8,-775.2],[188.6,-805.4],[231.3,-804.7]]]}},{"type":"Feature","properties":{"osmId":212058631,"height":132,"minHeight":0,"levels":39,"name":"Silver Tower"},"geometry":{"type":"Polygon","coordinates":[[[236.4,-774],[282.6,-772.6],[283.5,-803],[237.3,-804.4]]]}},{"type":"Feature","properties":{"osmId":216923153,"height":84.2,"minHeight":0,"levels":26,"name":"Flair Tower"},"geometry":{"type":"Polygon","coordinates":[[[358.1,-571.6],[357,-541.1],[299.7,-542.2],[300.1,-573.1]]]}},{"type":"Feature","properties":{"osmId":216923154,"height":23.4,"minHeight":0,"levels":7},"geometry":{"type":"Polygon","coordinates":[[[456.4,-595],[519.8,-593.2],[521.5,-655],[457.6,-656.3]]]}},{"type":"Feature","properties":{"osmId":231835385,"height":23.4,"minHeight":0,"levels":7,"name":"The Oak"},"geometry":{"type":"Polygon","coordinates":[[[-318.2,203.4],[-318,185.9],[-316.1,185.9],[-316,184.7],[-319.1,184.7],[-318.8,165.6],[-315.2,165.6],[-315.2,167.3],[-314.7,167.3],[-314.6,164.2],[-316.7,164.2],[-316.6,159.1],[-313.5,156.1],[-315.5,154],[-302.4,141.3],[-300.6,143.2],[-298.1,140.7],[-292.8,140.8],[-292.8,143],[-290,143],[-290,140.4],[-272.9,140.6],[-272.9,143.6],[-269.6,143.7],[-269.5,141.7],[-253.1,142],[-253.4,163.4],[-255.1,163.4],[-255.3,171.4],[-260.7,171.3],[-260.7,169.8],[-263,169.8],[-262.9,168.1],[-270.2,167.9],[-270.2,166.8],[-272.8,166.8],[-272.8,167.9],[-285.7,167.7],[-285.6,160],[-296.9,159.8],[-297.1,172],[-290.1,172.1],[-290.6,202.3],[-296,202.3],[-296,203.8]]]}},{"type":"Feature","properties":{"osmId":231835401,"height":26.6,"minHeight":0,"levels":8,"name":"Larrabee Place Apartments"},"geometry":{"type":"Polygon","coordinates":[[[-325,414.1],[-326.5,461.5],[-309.5,478.4],[-262.9,479.2],[-262.5,457.2],[-264.1,457.1],[-263.8,449.7],[-271.2,450.9],[-271.2,452.6],[-277.8,452.3],[-277.9,453.5],[-280.9,453.3],[-280.9,451.8],[-294.3,451.5],[-294.3,457.7],[-305.5,457.1],[-305.5,447.1],[-298.2,447.2],[-297.9,417.3],[-304.3,417.3],[-304.3,414.7]]]}},{"type":"Feature","properties":{"osmId":234424673,"height":29.8,"minHeight":0,"levels":9,"name":"The Hudson"},"geometry":{"type":"Polygon","coordinates":[[[-10.2,412.9],[-32.6,412.6],[-32.7,415.9],[-37.6,415.8],[-38,445.5],[-32.7,445.5],[-32.8,455.7],[-41.8,455.6],[-41.7,449.7],[-73.7,449.2],[-74.1,476.1],[-27,476.8],[-11,463.1],[-10.5,429.1]]]}},{"type":"Feature","properties":{"osmId":234424676,"height":26.6,"minHeight":0,"levels":8,"name":"The Cambridge"},"geometry":{"type":"Polygon","coordinates":[[[-245.1,447],[-240.8,447.2],[-240.8,448.4],[-237.3,448.5],[-237.4,450],[-231.2,450.2],[-231.2,450.9],[-198.8,451.1],[-198.8,451.9],[-189,451.3],[-188.9,449.4],[-186,449.5],[-185.9,448.1],[-181.5,448.3],[-182.5,472.5],[-182.8,481.1],[-194.6,480.7],[-222,478.7],[-229.3,477.5],[-245.8,473.6]]]}},{"type":"Feature","properties":{"osmId":240806164,"height":17,"minHeight":0,"levels":5,"name":"Club Lago"},"geometry":{"type":"Polygon","coordinates":[[[187.7,-419.3],[180.5,-419.6],[177.8,-422.4],[178.2,-450.2],[188.8,-450.2]]]}},{"type":"Feature","properties":{"osmId":274463316,"height":10,"minHeight":0,"name":"Doane Memorial Music Hall"},"geometry":{"type":"Polygon","coordinates":[[[439.3,-125.8],[456.3,-125.5],[456.9,-155.7],[452.9,-155.8],[442.6,-156],[442.4,-146.6],[439.7,-146.7]]]}},{"type":"Feature","properties":{"osmId":282750108,"height":10,"minHeight":0},"geometry":{"type":"Polygon","coordinates":[[[308.4,-213.5],[359.1,-212.5],[359.7,-242.6],[309,-243.5]]]}},{"type":"Feature","properties":{"osmId":288594595,"height":10,"minHeight":0},"geometry":{"type":"Polygon","coordinates":[[[192.8,299.6],[208.2,299.8],[208.2,296.8],[208.2,294.1],[202.6,272.1],[193.8,271.8]]]}},{"type":"Feature","properties":{"osmId":304102672,"height":76,"minHeight":0,"levels":25,"name":"Cortland River North"},"geometry":{"type":"Polygon","coordinates":[[[371.4,-895.6],[371.8,-926.4],[324,-927.1],[323.6,-896.3]]]}},{"type":"Feature","properties":{"osmId":304102906,"height":125,"minHeight":0,"levels":36,"name":"State & Chestnut"},"geometry":{"type":"Polygon","coordinates":[[[913.7,-114.8],[970,-113.6],[972.5,-132.3],[953.6,-132.8],[953.9,-146.4],[914.3,-147.2]]]}},{"type":"Feature","properties":{"osmId":304730358,"height":10,"minHeight":0},"geometry":{"type":"Polygon","coordinates":[[[370.3,620.1],[371,579],[347.3,578.4],[315.2,577.7],[315,583.9],[309.8,583.8],[303.2,586.4],[299.9,593.1],[299.4,618.9]]]}},{"type":"Feature","properties":{"osmId":304799197,"height":84.2,"minHeight":0,"levels":26,"name":"4 East Elm"},"geometry":{"type":"Polygon","coordinates":[[[907,481.2],[877.9,480.7],[878.6,445.8],[907.7,446.4]]]}},{"type":"Feature","properties":{"osmId":304920024,"height":20.2,"minHeight":0,"levels":6,"name":"Eight58"},"geometry":{"type":"Polygon","coordinates":[[[240.7,-108.9],[271.4,-108.4],[270.9,-85.5],[240.3,-86.1]]]}},{"type":"Feature","properties":{"osmId":305004827,"height":10,"minHeight":0,"name":"Eight O Five"},"geometry":{"type":"Polygon","coordinates":[[[547.6,-215.2],[548.8,-275.7],[590.2,-275.1],[589.4,-214.7]]]}},{"type":"Feature","properties":{"osmId":331693155,"height":125.8,"minHeight":0,"levels":39,"name":"Gallery on Wells Apartments"},"geometry":{"type":"Polygon","coordinates":[[[456.4,-595],[428.3,-595.5],[429.5,-656.9],[457.6,-656.3]]]}},{"type":"Feature","properties":{"osmId":331693390,"height":68.2,"minHeight":0,"levels":21,"name":"Parc Huron"},"geometry":{"type":"Polygon","coordinates":[[[-177.2,-514.1],[-163.5,-516.4],[-159.8,-517.1],[-155.3,-517],[-144.8,-516.7],[-144.6,-547],[-144.3,-575.6],[-149.5,-575.7],[-153.6,-575.7],[-153.6,-580.1],[-159,-580.1],[-176.2,-576]]]}},{"type":"Feature","properties":{"osmId":380661007,"height":10,"minHeight":0},"geometry":{"type":"Polygon","coordinates":[[[449.6,-414.8],[474.8,-414.5],[518,-414],[518.4,-444.3],[475.1,-444.8],[450,-445.1]]]}},{"type":"Feature","properties":{"osmId":381267205,"height":81,"minHeight":0,"levels":25,"name":"The Hudson"},"geometry":{"type":"Polygon","coordinates":[[[-178.2,-320.7],[-88.2,-319.1],[-87.3,-353.8],[-177.2,-355.9]]]}},{"type":"Feature","properties":{"osmId":389457630,"height":10,"minHeight":0,"name":"The Sinclair"},"geometry":{"type":"Polygon","coordinates":[[[579.6,524.3],[575.2,524.2],[532.6,523.6],[531.8,553.1],[572.1,554],[572.3,546.5],[575.2,546.5],[578.9,546.7],[577.1,614.1],[578.1,619.3],[580.3,624.1],[584.5,627.5],[622.5,629.4],[624.4,524.9]]]}},{"type":"Feature","properties":{"osmId":401080811,"height":49,"minHeight":0,"levels":15,"name":"Marlowe"},"geometry":{"type":"Polygon","coordinates":[[[426.1,-504],[427,-570.1],[460.2,-569.6],[459.3,-503.5]]]}},{"type":"Feature","properties":{"osmId":401080812,"height":26.6,"minHeight":0,"levels":8,"name":"The Ardus"},"geometry":{"type":"Polygon","coordinates":[[[492.5,-503.1],[493.1,-533.7],[520.9,-533],[520.2,-502.4]]]}},{"type":"Feature","properties":{"osmId":405410177,"height":10,"minHeight":0},"geometry":{"type":"Polygon","coordinates":[[[425.8,-475.2],[425.4,-446.4],[459.6,-445.9],[460,-474.7]]]}},{"type":"Feature","properties":{"osmId":405410178,"height":20.2,"minHeight":0,"levels":6,"name":"Old Town Park I","trackedId":"old-town-park-1"},"geometry":{"type":"Polygon","coordinates":[[[307.4,432.2],[374.2,433.9],[373.6,456.1],[373,497.9],[309.6,496.5],[310.6,454.6],[306.8,454.5]]]}},{"type":"Feature","properties":{"osmId":439899802,"height":84.2,"minHeight":0,"levels":26,"name":"The Residences at 8 East Huron"},"geometry":{"type":"Polygon","coordinates":[[[921.3,-442.5],[945.7,-441.9],[946.4,-471.3],[922,-471.9]]]}},{"type":"Feature","properties":{"osmId":439899803,"height":119.4,"minHeight":0,"levels":37,"name":"No. 9 Walton"},"geometry":{"type":"Polygon","coordinates":[[[832.3,64],[889.4,65.6],[890.2,34.6],[876.3,34.3],[876.1,40.4],[833,39.3]]]}},{"type":"Feature","properties":{"osmId":445817828,"height":20.2,"minHeight":0,"levels":6,"name":"Sedgwick at Locust"},"geometry":{"type":"Polygon","coordinates":[[[41.8,-46.6],[112.6,-45.6],[113.2,-78],[81.9,-78.9],[81.7,-75.3],[42.8,-76.4]]]}},{"type":"Feature","properties":{"osmId":468128153,"height":100.2,"minHeight":0,"levels":31,"name":"The Aurélien"},"geometry":{"type":"Polygon","coordinates":[[[664.9,-166.6],[709.8,-166.1],[711,-235.9],[673.4,-236.5],[673,-226.4],[666.2,-226.8]]]}},{"type":"Feature","properties":{"osmId":468130211,"height":23.4,"minHeight":0,"levels":7,"name":"The Church of Jesus Christ of Latter-day Saints"},"geometry":{"type":"Polygon","coordinates":[[[640.2,-181.9],[640.9,-225.4],[594.7,-226.2],[594,-182.8]]]}},{"type":"Feature","properties":{"osmId":477752951,"height":29.8,"minHeight":0,"levels":9,"name":"Terrace 459"},"geometry":{"type":"Polygon","coordinates":[[[-96,480.8],[-95.1,448.3],[-159.4,447.3],[-159.6,481.1],[-106.6,478.9],[-106.6,480.7]]]}},{"type":"Feature","properties":{"osmId":479801166,"height":10,"minHeight":0},"geometry":{"type":"Polygon","coordinates":[[[367.3,262.4],[368.2,258.4],[373.7,259.5],[375.3,250],[370.4,249.8],[371.1,237.9],[310.3,232.9],[302.9,232.3],[302.6,243.2],[297,242.6],[296.1,252.8],[302.1,253.2],[301.4,259.3],[298.3,260.7],[296.9,271.6],[291.1,271.4],[290.8,276.8],[286.3,276.6],[286.3,295.7],[379.7,298.7],[381.3,278.1],[374.9,278],[375.7,273.4],[371.7,273.4],[373.4,263.1]]]}},{"type":"Feature","properties":{"osmId":486587825,"height":81,"minHeight":0,"levels":23,"name":"Hubbard221"},"geometry":{"type":"Polygon","coordinates":[[[336,-1038.1],[373.7,-1037.3],[374.3,-1067.1],[336.6,-1067.8]]]}},{"type":"Feature","properties":{"osmId":486587826,"height":26.6,"minHeight":0,"levels":8},"geometry":{"type":"Polygon","coordinates":[[[378,-1040.9],[378.5,-1066.5],[393.5,-1066.2],[409.9,-1065.9],[402.3,-1055.8],[398.2,-1052],[393.4,-1048.2]]]}},{"type":"Feature","properties":{"osmId":508827814,"height":136.6,"minHeight":0,"levels":42,"name":"369 Grand"},"geometry":{"type":"Polygon","coordinates":[[[159.2,-863.9],[159.6,-891.4],[101.2,-892.4],[55.3,-893.1],[54.9,-865.7],[100.7,-864.9]]]}},{"type":"Feature","properties":{"osmId":509298833,"height":58.6,"minHeight":0,"levels":18,"name":"Renelle on the River"},"geometry":{"type":"Polygon","coordinates":[[[1064,-1037.5],[1044.2,-1037.8],[1045.3,-1084.3],[1065.3,-1079.8],[1063.6,-1065.2],[1063.8,-1050.6]]]}},{"type":"Feature","properties":{"osmId":513667924,"height":10,"minHeight":0},"geometry":{"type":"Polygon","coordinates":[[[293.3,-128.8],[354.9,-127.4],[356.4,-193.5],[326,-194.2],[293.7,-194.9],[292.4,-131.9],[293.3,-131.8]]]}},{"type":"Feature","properties":{"osmId":531702526,"height":55.4,"minHeight":0,"levels":17,"name":"Home2 Suites by Hilton Chicago River North"},"geometry":{"type":"Polygon","coordinates":[[[623.3,-458.6],[632.4,-458.5],[632.4,-456.7],[623.9,-456.9],[623.8,-451.1],[641.3,-450.7],[641.8,-475.9],[614.9,-476.4],[614.8,-467.8],[616.5,-467.8],[616.3,-459.2],[620.7,-459.2],[620.8,-461.1],[623.3,-461]]]}},{"type":"Feature","properties":{"osmId":541367512,"height":26.6,"minHeight":0,"levels":8,"name":"Moxy Chicago Downtown"},"geometry":{"type":"Polygon","coordinates":[[[498.2,-804.7],[523.2,-804.1],[523.9,-833.8],[498.9,-834.3]]]}},{"type":"Feature","properties":{"osmId":545489699,"height":10,"minHeight":0},"geometry":{"type":"Polygon","coordinates":[[[583.7,-347.9],[584.2,-389],[608,-388.7],[607.4,-347.6]]]}},{"type":"Feature","properties":{"osmId":545557713,"height":10,"minHeight":0},"geometry":{"type":"Polygon","coordinates":[[[107.3,267.4],[107.2,273.4],[114,273.5],[114.1,267.5]]]}},{"type":"Feature","properties":{"osmId":590824742,"height":20.2,"minHeight":0,"levels":6,"name":"Old Town Park II","trackedId":"old-town-park-2"},"geometry":{"type":"Polygon","coordinates":[[[373.4,383.2],[362.5,382.9],[362.3,390.9],[314.7,389.9],[315,381.7],[310.8,381.6],[306.4,381.5],[308,325.1],[342.9,326],[341.9,357.4],[374.1,358.5]]]}},{"type":"Feature","properties":{"osmId":616957629,"height":45.8,"minHeight":0,"levels":14,"name":"Margaux"},"geometry":{"type":"Polygon","coordinates":[[[485,-539],[519.4,-538.7],[519.7,-568.6],[485.3,-568.9]]]}},{"type":"Feature","properties":{"osmId":616994913,"height":52.2,"minHeight":0,"levels":16},"geometry":{"type":"Polygon","coordinates":[[[595.3,-228.8],[608,-228.5],[608.1,-233.9],[630.2,-233.4],[630.1,-228.4],[641.2,-228.1],[641.6,-244.5],[595.7,-245.6]]]}},{"type":"Feature","properties":{"osmId":656606802,"height":125.8,"minHeight":0,"levels":39},"geometry":{"type":"Polygon","coordinates":[[[374.1,358.5],[341.9,357.4],[342.9,326],[380,327.2],[379,358.6]]]}},{"type":"Feature","properties":{"osmId":663209411,"height":39.4,"minHeight":0,"levels":12,"name":"Windsor North+Vine"},"geometry":{"type":"Polygon","coordinates":[[[-536.6,1283.3],[-500.9,1283.6],[-500.7,1270],[-475,1270.3],[-475,1283.6],[-401,1284.8],[-401,1277.5],[-397,1277.4],[-409.1,1253.8],[-419.1,1253.8],[-418.9,1236.7],[-532.5,1234.4],[-532.7,1252.1],[-536.3,1252]]]}},{"type":"Feature","properties":{"osmId":683937746,"height":29.8,"minHeight":0,"levels":9,"name":"Than Tower"},"geometry":{"type":"Polygon","coordinates":[[[65.8,867.4],[90.4,867.9],[90.1,878.2],[91.9,878.3],[91.7,888],[95.9,888.1],[95.8,893.9],[99.7,894],[99.1,917.9],[64.6,917.1]]]}},{"type":"Feature","properties":{"osmId":685632403,"height":103.4,"minHeight":0,"levels":32,"name":"Gold Coast Galleria"},"geometry":{"type":"Polygon","coordinates":[[[629.4,185],[613.3,184.5],[587.4,184.2],[585.4,274.6],[630.9,275.3],[631.3,255.9],[629.8,254.3],[627.8,254.2],[627.9,248.8]]]}},{"type":"Feature","properties":{"osmId":685632416,"height":23.4,"minHeight":0,"levels":7},"geometry":{"type":"Polygon","coordinates":[[[585.1,295.1],[585,301.7],[584.1,345.2],[622.7,346.3],[629.6,346.6],[630.9,296.2]]]}},{"type":"Feature","properties":{"osmId":685632422,"height":125.8,"minHeight":0,"levels":39,"name":"The Elm at Clark"},"geometry":{"type":"Polygon","coordinates":[[[584.1,345.2],[583.4,367.9],[582.8,390],[588.5,390.2],[588.3,395.9],[613.8,396.6],[613.9,390.8],[627.2,391.1],[628.6,376.9],[627.4,376.8],[627.6,369.1],[622,369],[622.7,346.3]]]}},{"type":"Feature","properties":{"osmId":686179131,"height":64.6,"minHeight":0,"levels":18,"name":"Gallery 400"},"geometry":{"type":"Polygon","coordinates":[[[9.7,-637.3],[39.6,-636.7],[39.7,-666.4],[10.4,-666.8]]]}},{"type":"Feature","properties":{"osmId":686179132,"height":80,"minHeight":0,"levels":23,"name":"Erie Centre"},"geometry":{"type":"Polygon","coordinates":[[[-33.7,-631.5],[-94.8,-632.2],[-95.8,-602.4],[-33.7,-601.5]]]}},{"type":"Feature","properties":{"osmId":686184386,"height":33,"minHeight":0,"levels":10,"name":"John and Kathy Schreiber Center"},"geometry":{"type":"Polygon","coordinates":[[[960.8,-177.8],[959.8,-148.2],[914,-148.9],[914.9,-178.8]]]}},{"type":"Feature","properties":{"osmId":686309072,"height":26.6,"minHeight":0,"levels":8},"geometry":{"type":"Polygon","coordinates":[[[101.4,-1071.5],[167.7,-1069.8],[166.9,-1040.5],[100.6,-1042.3]]]}},{"type":"Feature","properties":{"osmId":686333247,"height":65,"minHeight":0,"levels":20,"name":"Homewood Suites by Hilton Chicago Downtown"},"geometry":{"type":"Polygon","coordinates":[[[1039.4,-824.3],[1039.2,-804.6],[1098.9,-803.5],[1099.1,-822.9]]]}},{"type":"Feature","properties":{"osmId":718976937,"height":125.8,"minHeight":0,"levels":39,"name":"Old Town Park III","trackedId":"old-town-park-3"},"geometry":{"type":"Polygon","coordinates":[[[306.4,381.5],[303.7,381.4],[303.5,389.6],[255.2,388.7],[255.4,381.1],[246,381],[246.2,366.8],[246.3,359.6],[238.4,359.2],[238.4,335],[247,335.1],[247.2,324],[308,325.1]]]}},{"type":"Feature","properties":{"osmId":808086573,"height":29.8,"minHeight":0,"levels":9,"name":"Gild"},"geometry":{"type":"Polygon","coordinates":[[[831.1,528.8],[856.1,529.1],[855.4,570.8],[830.4,570.5]]]}},{"type":"Feature","properties":{"osmId":957138100,"height":23.4,"minHeight":0,"levels":7,"name":"Elm 551 @ Parkside"},"geometry":{"type":"Polygon","coordinates":[[[-322.2,362.5],[-311.6,361.9],[-304.9,362.8],[-302.7,340.5],[-302,303.1],[-319.2,301.1]]]}},{"type":"Feature","properties":{"osmId":1007687941,"height":10,"minHeight":0},"geometry":{"type":"Polygon","coordinates":[[[114.7,266.7],[114.8,260.5],[108.3,260.3],[108.1,266.6]]]}},{"type":"Feature","properties":{"osmId":1007687951,"height":10,"minHeight":0},"geometry":{"type":"Polygon","coordinates":[[[332.5,557.7],[332.8,543],[326.6,542.9],[326.2,557.6]]]}},{"type":"Feature","properties":{"osmId":1022753835,"height":83,"minHeight":0,"levels":23,"name":"The 808 Cleveland"},"geometry":{"type":"Polygon","coordinates":[[[-197.7,-289.6],[-157.1,-288.8],[-158.4,-253.2],[-209.8,-254.6]]]}},{"type":"Feature","properties":{"osmId":1079691176,"height":52.2,"minHeight":0,"levels":16,"name":"311 W Huron"},"geometry":{"type":"Polygon","coordinates":[[[232.7,-508.3],[233.3,-531.9],[233.4,-539],[279.6,-538.1],[278.8,-507.9]]]}},{"type":"Feature","properties":{"osmId":1191727440,"height":10.6,"minHeight":0,"levels":3},"geometry":{"type":"Polygon","coordinates":[[[422.5,-309],[454.9,-308.5],[455.1,-322.6],[422.7,-323.1]]]}},{"type":"Feature","properties":{"osmId":1267859901,"height":10,"minHeight":0},"geometry":{"type":"Polygon","coordinates":[[[215.4,-247.5],[210.3,-247.6],[210.3,-241.7],[215.4,-241.7]]]}},{"type":"Feature","properties":{"osmId":1274240958,"height":33,"minHeight":0,"levels":10,"name":"The Sterling Self Park"},"geometry":{"type":"Polygon","coordinates":[[[632.7,-1126.8],[633.5,-1178.3],[598.3,-1179.1],[597.9,-1158.4],[595.1,-1158.5],[594.9,-1140.4],[597.5,-1140.4],[597.4,-1127.4],[601.9,-1127.5],[601.9,-1125.6],[601.9,-1123.7],[618.9,-1123.3],[624.3,-1123.2],[627.5,-1123.2],[627.5,-1126.9],[630.1,-1126.8]]]}},{"type":"Feature","properties":{"osmId":1333108780,"height":4.2,"minHeight":0,"levels":1,"name":"Historic Chicago CTA Station"},"geometry":{"type":"Polygon","coordinates":[[[261.2,-281.1],[265.1,-281],[268.8,-280.9],[268.8,-275],[262,-267.6],[255.6,-273.4],[261.2,-279.4]]]}},{"type":"Feature","properties":{"osmId":1333108790,"height":10,"minHeight":0},"geometry":{"type":"Polygon","coordinates":[[[283,-375.1],[280,-375.2],[279.4,-347.3],[282.4,-347.2]]]}},{"type":"Feature","properties":{"osmId":1333108791,"height":10,"minHeight":0},"geometry":{"type":"Polygon","coordinates":[[[289.1,-343.8],[292.3,-343.8],[292.9,-376.7],[289.8,-376.8]]]}},{"type":"Feature","properties":{"osmId":1395695929,"height":10,"minHeight":0},"geometry":{"type":"Polygon","coordinates":[[[529.7,491.4],[529.8,483.4],[528.4,482.7],[528,483.5],[527.8,491.4],[528.6,491.4]]]}},{"type":"Feature","properties":{"osmId":1395695930,"height":10,"minHeight":0},"geometry":{"type":"Polygon","coordinates":[[[529.3,541],[529.6,531],[528.3,530.8],[527.3,530.8],[527.1,540.8],[527.6,541.7]]]}},{"type":"Feature","properties":{"osmId":1395695937,"height":10,"minHeight":0},"geometry":{"type":"Polygon","coordinates":[[[532.5,499.6],[532.6,498.2],[532.6,496.8],[535.2,496.9],[535.2,499.6]]]}},{"type":"Feature","properties":{"osmId":1433038498,"height":10,"minHeight":0,"name":"The Lake Social Club"},"geometry":{"type":"Polygon","coordinates":[[[366.8,-416.5],[400.8,-415.7],[401,-427.4],[367.1,-428.2]]]}},{"type":"Feature","properties":{"osmId":40784949,"height":23.4,"minHeight":0,"levels":7},"geometry":{"type":"Polygon","coordinates":[[[-1901.9,-1690.7],[-1901.8,-1736.4],[-1819.5,-1735.9],[-1819.6,-1731.4],[-1820.1,-1689.1],[-1887.1,-1690.6]]]}},{"type":"Feature","properties":{"osmId":100555312,"height":20.2,"minHeight":0,"levels":6},"geometry":{"type":"Polygon","coordinates":[[[-1023.9,-1721.3],[-1023.7,-1734.7],[-1006.2,-1734.5],[-1006.1,-1737],[-1006,-1751.1],[-1011.8,-1751.2],[-1011.7,-1763.8],[-1017.4,-1763.9],[-1023.1,-1764],[-1023,-1776.4],[-1017.2,-1776.3],[-985.8,-1775.9],[-986.3,-1736.7],[-986.9,-1695.9],[-1005.7,-1696.1],[-1005.4,-1721]]]}},{"type":"Feature","properties":{"osmId":209828493,"height":20.2,"minHeight":0,"levels":6,"name":"Paramount Lofts Condominium"},"geometry":{"type":"Polygon","coordinates":[[[-2302,-2195.4],[-2357.7,-2196.4],[-2357.7,-2193.5],[-2358.2,-2173.9],[-2361,-2174],[-2361,-2170.9],[-2369.2,-2163.9],[-2379.5,-2154.6],[-2350.2,-2121.3],[-2303.1,-2120.6]]]}},{"type":"Feature","properties":{"osmId":209828495,"height":20.2,"minHeight":0,"levels":6},"geometry":{"type":"Polygon","coordinates":[[[-2227,-2131.9],[-2268.6,-2132.7],[-2268.8,-2119.7],[-2227.2,-2118.9]]]}},{"type":"Feature","properties":{"osmId":209828561,"height":10,"minHeight":0},"geometry":{"type":"Polygon","coordinates":[[[-1888,-1595.4],[-1920.4,-1596],[-1920.7,-1579.4],[-1914.1,-1579.2],[-1914.4,-1563.9],[-1914.9,-1541],[-1889.1,-1540.6]]]}},{"type":"Feature","properties":{"osmId":209828563,"height":13.8,"minHeight":0,"levels":4},"geometry":{"type":"Polygon","coordinates":[[[-1914.4,-1563.9],[-1921.6,-1564.1],[-1922.2,-1541],[-1914.9,-1541]]]}},{"type":"Feature","properties":{"osmId":209828570,"height":86,"minHeight":0,"levels":26,"name":"Parq Fulton"},"geometry":{"type":"Polygon","coordinates":[[[-1969.8,-1646.2],[-1970.4,-1622.5],[-1970.5,-1618.9],[-1951.2,-1574.8],[-1934.3,-1574.4],[-1932.9,-1645.6]]]}},{"type":"Feature","properties":{"osmId":209828591,"height":10,"minHeight":0},"geometry":{"type":"Polygon","coordinates":[[[-2010.8,-1592.8],[-2012,-1544.1],[-1990.1,-1543.7],[-1989.3,-1574.3],[-1990.7,-1579.6],[-1999.4,-1600.4],[-2001.2,-1600.6]]]}},{"type":"Feature","properties":{"osmId":209828603,"height":36.2,"minHeight":0,"levels":11,"name":"Evo Union Park"},"geometry":{"type":"Polygon","coordinates":[[[-2026.6,-1634.9],[-2126.8,-1553.7],[-2120.4,-1545.6],[-2078.2,-1544],[-2002,-1603.9]]]}},{"type":"Feature","properties":{"osmId":209828642,"height":20.2,"minHeight":0,"levels":6,"name":"Salvation Army Booth Manor"},"geometry":{"type":"Polygon","coordinates":[[[-2126.2,-1947.4],[-2127.1,-1946.8],[-2127.7,-1946.2],[-2128.5,-1911.1],[-2128.2,-1910.4],[-2127.8,-1909.8],[-2112.7,-1909.4],[-2111.9,-1910.1],[-2111.5,-1910.7],[-2110.7,-1945.7],[-2111.2,-1946.3],[-2112.1,-1947.1]]]}},{"type":"Feature","properties":{"osmId":209828643,"height":26.6,"minHeight":0,"levels":8,"name":"Park 1500 Lofts"},"geometry":{"type":"Polygon","coordinates":[[[-2171.7,-2096.9],[-2172.7,-2040.5],[-2148.6,-2040.1],[-2148.4,-2045.5],[-2148.1,-2058.7],[-2102.3,-2057.7],[-2101.8,-2094.6]]]}},{"type":"Feature","properties":{"osmId":209828712,"height":20.2,"minHeight":0,"levels":6},"geometry":{"type":"Polygon","coordinates":[[[-2249.7,-1911],[-2250.1,-1895.9],[-2243,-1895.8],[-2243.2,-1890.5],[-2249.2,-1890.6],[-2249.6,-1875.5],[-2225.9,-1874.9],[-2225.6,-1889.1],[-2225.5,-1890.2],[-2233,-1890.4],[-2232.8,-1896],[-2225.7,-1895.9],[-2225.4,-1910.3]]]}},{"type":"Feature","properties":{"osmId":209828919,"height":71.4,"minHeight":0,"levels":22,"name":"Patrick Sullivan Apartments"},"geometry":{"type":"Polygon","coordinates":[[[-2423,-2061.3],[-2423.9,-2029.6],[-2451.1,-2030.3],[-2451.2,-2024.2],[-2451.5,-2016.6],[-2437.8,-2016.2],[-2406.6,-2015.4],[-2405.8,-2047],[-2378.8,-2046.3],[-2378.4,-2060.1],[-2391.8,-2060.5]]]}},{"type":"Feature","properties":{"osmId":209829285,"height":4.2,"minHeight":0,"levels":1},"geometry":{"type":"Polygon","coordinates":[[[-1996,-1519.3],[-1997.2,-1474],[-1966.9,-1473.3],[-1966.6,-1481.5],[-1961.8,-1481.4],[-1953.7,-1460.8],[-1954.8,-1460.5],[-1953.2,-1456.7],[-1952,-1457.3],[-1949.1,-1450.5],[-1943.6,-1452.7],[-1945,-1456.2],[-1943.6,-1456.8],[-1944.9,-1460.1],[-1943.7,-1460.7],[-1945,-1463.8],[-1943.2,-1464.8],[-1964.5,-1516.2],[-1965.7,-1516.4],[-1965.6,-1518.5]]]}},{"type":"Feature","properties":{"osmId":209829926,"height":7.4,"minHeight":0,"levels":2},"geometry":{"type":"Polygon","coordinates":[[[-1923.5,-1390.4],[-1924,-1355.6],[-1907.2,-1355.3],[-1906.9,-1377.5],[-1911.6,-1390.2]]]}},{"type":"Feature","properties":{"osmId":209829931,"height":10,"minHeight":0},"geometry":{"type":"Polygon","coordinates":[[[-1980.8,-1392],[-1981.2,-1376.9],[-1967.2,-1376.5],[-1967.5,-1371.6],[-1963.2,-1371.4],[-1963.5,-1343.6],[-1966.9,-1343.6],[-1966.9,-1337.9],[-1974.1,-1338.1],[-1974.1,-1342.9],[-1978.6,-1342.9],[-1978.4,-1363],[-1993.7,-1363.6],[-1994.9,-1316.6],[-1945.1,-1315.4],[-1943.4,-1391.1]]]}},{"type":"Feature","properties":{"osmId":209829937,"height":20.2,"minHeight":0,"levels":6},"geometry":{"type":"Polygon","coordinates":[[[-2124.8,-1357.6],[-2125.4,-1338.7],[-2095.1,-1337.8],[-2094.5,-1356.6]]]}},{"type":"Feature","properties":{"osmId":209829956,"height":10.6,"minHeight":0,"levels":3},"geometry":{"type":"Polygon","coordinates":[[[-1924.4,-1335.8],[-1924.9,-1315.3],[-1894.4,-1314.8],[-1894.5,-1318.5],[-1890.1,-1318.6],[-1890,-1326.2],[-1894.5,-1326.1],[-1894.3,-1335.4]]]}},{"type":"Feature","properties":{"osmId":209829979,"height":23.4,"minHeight":0,"levels":7},"geometry":{"type":"Polygon","coordinates":[[[-2241.3,-1255.2],[-2241.5,-1223.9],[-2194.7,-1223.2],[-2194,-1259],[-2240.3,-1259.7],[-2240.4,-1255.2]]]}},{"type":"Feature","properties":{"osmId":209829987,"height":20.2,"minHeight":0,"levels":6},"geometry":{"type":"Polygon","coordinates":[[[-2081.5,-1232.9],[-2081.8,-1221.7],[-2044.8,-1221.1],[-2044.6,-1232.3]]]}},{"type":"Feature","properties":{"osmId":209830058,"height":33,"minHeight":0,"levels":10,"name":"Skytech Lofts"},"geometry":{"type":"Polygon","coordinates":[[[-2151.3,-2031.7],[-2152.8,-1975.6],[-2103.7,-1974.9],[-2102.7,-2048.9],[-2139.6,-2049.2],[-2140.6,-2031.3]]]}},{"type":"Feature","properties":{"osmId":210268967,"height":26.6,"minHeight":0,"levels":8,"name":"1000 West Adams Condominium"},"geometry":{"type":"Polygon","coordinates":[[[-1130.2,-2164.6],[-1111.4,-2164],[-1112,-2140.2],[-1073.6,-2139.2],[-1072.3,-2194.7],[-1076.7,-2194.6],[-1077.1,-2197.6],[-1078.1,-2201],[-1080,-2203.8],[-1086.2,-2208.1],[-1090.2,-2209],[-1090.2,-2213.3],[-1128.7,-2214.2],[-1129.8,-2179.4]]]}},{"type":"Feature","properties":{"osmId":210268993,"height":33,"minHeight":0,"levels":10,"name":"1K Fulton"},"geometry":{"type":"Polygon","coordinates":[[[-1129.1,-1281.4],[-1090.6,-1280.5],[-1090.3,-1328.2],[-1089.9,-1372.3],[-1128.4,-1372.6],[-1128.5,-1341.7],[-1128.6,-1338.3],[-1131,-1338.3],[-1131.1,-1332.6],[-1134.9,-1332.7],[-1135.2,-1318.9],[-1128.4,-1318.8]]]}},{"type":"Feature","properties":{"osmId":210269009,"height":23.4,"minHeight":0,"levels":7},"geometry":{"type":"Polygon","coordinates":[[[-1077.6,-1989],[-1128.4,-1990.3],[-1128.7,-1988.6],[-1135.7,-1988.6],[-1135.6,-1985.5],[-1142.2,-1985.6],[-1142.2,-1984.2],[-1145.2,-1984.4],[-1145.5,-1954],[-1145.5,-1953.4],[-1086.5,-1952],[-1078.5,-1960.4]]]}},{"type":"Feature","properties":{"osmId":210269398,"height":20.2,"minHeight":0,"levels":6,"name":"Brixton Lofts"},"geometry":{"type":"Polygon","coordinates":[[[-1297.9,-1781.8],[-1298.7,-1751.7],[-1276.3,-1751],[-1275.9,-1768.8],[-1275.5,-1781.2]]]}},{"type":"Feature","properties":{"osmId":210269430,"height":33,"minHeight":0,"levels":10,"name":"Morgan Street Lofts"},"geometry":{"type":"Polygon","coordinates":[[[-1051.2,-2172.8],[-1048.9,-2172.8],[-1048.9,-2166.8],[-1048,-2166.8],[-1048,-2161.3],[-1049.3,-2161.6],[-1049.7,-2145.6],[-1048.8,-2145.5],[-1050.1,-2124.8],[-1048.8,-2124.7],[-1048.7,-2115.4],[-1018.7,-2114.6],[-1017.3,-2160.5],[-1020.9,-2160.6],[-1020.2,-2189.3],[-1016.7,-2189.2],[-1016,-2210.6],[-1044.4,-2211.3],[-1045.9,-2210.9],[-1046.2,-2203.3],[-1048.2,-2203.4],[-1048.8,-2188.3],[-1047.4,-2187.9],[-1047.6,-2182.4],[-1048.7,-2181.8],[-1048.7,-2176.9],[-1051.2,-2176.9]]]}},{"type":"Feature","properties":{"osmId":210269625,"height":20.2,"minHeight":0,"levels":6},"geometry":{"type":"Polygon","coordinates":[[[-1449.8,-1990.1],[-1450.3,-1960.9],[-1397.2,-1959.9],[-1396.6,-1989.1]]]}},{"type":"Feature","properties":{"osmId":210269638,"height":20.2,"minHeight":0,"levels":6},"geometry":{"type":"Polygon","coordinates":[[[-1456.6,-2050.5],[-1436.9,-2050.2],[-1436.1,-2081.2],[-1455.9,-2081.4]]]}},{"type":"Feature","properties":{"osmId":210269649,"height":20.2,"minHeight":0,"levels":6},"geometry":{"type":"Polygon","coordinates":[[[-1478.3,-2051.1],[-1459.1,-2050.7],[-1458.5,-2081.5],[-1477.7,-2081.8]]]}},{"type":"Feature","properties":{"osmId":210269664,"height":20.2,"minHeight":0,"levels":6},"geometry":{"type":"Polygon","coordinates":[[[-1455.5,-1378.2],[-1455.8,-1347.3],[-1426.1,-1347],[-1425.8,-1377.9]]]}},{"type":"Feature","properties":{"osmId":210269730,"height":33,"minHeight":0,"levels":10},"geometry":{"type":"Polygon","coordinates":[[[-1493.5,-2279.2],[-1538.6,-2280.5],[-1539.5,-2244.4],[-1494.5,-2243.3]]]}},{"type":"Feature","properties":{"osmId":210269732,"height":23.4,"minHeight":0,"levels":7,"name":"Twelve01West"},"geometry":{"type":"Polygon","coordinates":[[[-1522.3,-1588.2],[-1523.3,-1532.5],[-1473.8,-1531.7],[-1473.4,-1553.3],[-1472.8,-1587.3]]]}},{"type":"Feature","properties":{"osmId":210269762,"height":4.2,"minHeight":0,"levels":1},"geometry":{"type":"Polygon","coordinates":[[[-1523.1,-1462.7],[-1522.5,-1509.3],[-1545.3,-1509.7],[-1546.2,-1460.4],[-1523.3,-1459.9],[-1523.1,-1462.5]]]}},{"type":"Feature","properties":{"osmId":210269805,"height":7.4,"minHeight":0,"levels":2,"name":"Montauk Sofa"},"geometry":{"type":"Polygon","coordinates":[[[-1558.5,-1588.6],[-1574.6,-1588.9],[-1575,-1563.8],[-1575.1,-1561.2],[-1567.6,-1561.1],[-1559,-1561]]]}},{"type":"Feature","properties":{"osmId":210269813,"height":4.2,"minHeight":0,"levels":1},"geometry":{"type":"Polygon","coordinates":[[[-1625.7,-1381.6],[-1626.4,-1354.6],[-1623.2,-1354.5],[-1623.3,-1351],[-1596,-1350.3],[-1586.9,-1350.1],[-1586.2,-1380.7]]]}},{"type":"Feature","properties":{"osmId":210269815,"height":10,"minHeight":0,"name":"Concentra Urgent Care Center"},"geometry":{"type":"Polygon","coordinates":[[[-1546.1,-1486.9],[-1579.4,-1487.6],[-1579.9,-1461.2],[-1546.4,-1460.5]]]}},{"type":"Feature","properties":{"osmId":210269816,"height":10,"minHeight":0},"geometry":{"type":"Polygon","coordinates":[[[-1565.8,-1639.2],[-1566.4,-1594.9],[-1559.1,-1594.8],[-1558.4,-1625],[-1558.2,-1639.1]]]}},{"type":"Feature","properties":{"osmId":210269823,"height":4.2,"minHeight":0,"levels":1},"geometry":{"type":"Polygon","coordinates":[[[-1565.8,-1639.2],[-1595.9,-1639.7],[-1595.9,-1638.6],[-1596.6,-1595.4],[-1566.4,-1594.9]]]}},{"type":"Feature","properties":{"osmId":210269825,"height":4.2,"minHeight":0,"levels":1},"geometry":{"type":"Polygon","coordinates":[[[-1586.2,-1564.1],[-1586.7,-1535.1],[-1575.4,-1534.9],[-1575,-1563.8]]]}},{"type":"Feature","properties":{"osmId":210269833,"height":4.2,"minHeight":0,"levels":1},"geometry":{"type":"Polygon","coordinates":[[[-1586.2,-1564.1],[-1598.1,-1564.3],[-1598.7,-1535.3],[-1586.7,-1535.1]]]}},{"type":"Feature","properties":{"osmId":210269851,"height":7.4,"minHeight":0,"levels":2},"geometry":{"type":"Polygon","coordinates":[[[-1621,-1639.5],[-1621.1,-1619.1],[-1615.7,-1619.1],[-1615.7,-1620.5],[-1607.5,-1620.4],[-1607.3,-1638.5],[-1607.3,-1639.5]]]}},{"type":"Feature","properties":{"osmId":210269853,"height":7.4,"minHeight":0,"levels":2},"geometry":{"type":"Polygon","coordinates":[[[-1598.1,-1564.3],[-1598.6,-1564.3],[-1598.7,-1565.5],[-1622.5,-1565.8],[-1622.6,-1535.7],[-1598.7,-1535.3]]]}},{"type":"Feature","properties":{"osmId":210269879,"height":20.2,"minHeight":0,"levels":6,"name":"Westgate Terrace Condominiums"},"geometry":{"type":"Polygon","coordinates":[[[-1639.6,-1754.4],[-1638.8,-1790.4],[-1667.4,-1790.8],[-1667.1,-1781.1],[-1669.9,-1781.6],[-1670.3,-1765],[-1667.2,-1764.7],[-1667.4,-1755]]]}},{"type":"Feature","properties":{"osmId":210269890,"height":10,"minHeight":0},"geometry":{"type":"Polygon","coordinates":[[[-1678.2,-1485.4],[-1678.5,-1462.4],[-1644.6,-1462],[-1644.1,-1484.9]]]}},{"type":"Feature","properties":{"osmId":210269895,"height":20.2,"minHeight":0,"levels":6},"geometry":{"type":"Polygon","coordinates":[[[-1766.8,-1822],[-1712.5,-1820.8],[-1712,-1845.5],[-1766.4,-1846.2]]]}},{"type":"Feature","properties":{"osmId":210269896,"height":4.2,"minHeight":0,"levels":1},"geometry":{"type":"Polygon","coordinates":[[[-1676,-1591.4],[-1676.8,-1536.6],[-1664.3,-1536.3],[-1663.9,-1556.8],[-1643.3,-1556.4],[-1642.5,-1590.8]]]}},{"type":"Feature","properties":{"osmId":210269907,"height":10.6,"minHeight":0,"levels":3},"geometry":{"type":"Polygon","coordinates":[[[-1711,-1731.3],[-1711.7,-1687.3],[-1640.4,-1686.4],[-1639.7,-1730.2]]]}},{"type":"Feature","properties":{"osmId":210269937,"height":10,"minHeight":0},"geometry":{"type":"Polygon","coordinates":[[[-1710.4,-1591.9],[-1711.4,-1537.3],[-1676.8,-1536.6],[-1676,-1591.4],[-1683,-1591.5],[-1683.9,-1590.6]]]}},{"type":"Feature","properties":{"osmId":210269962,"height":26.6,"minHeight":0,"levels":8},"geometry":{"type":"Polygon","coordinates":[[[-1783.9,-1298.4],[-1780.3,-1298.3],[-1780.4,-1293.4],[-1716.6,-1292],[-1715.8,-1329.3],[-1713,-1329.3],[-1712.9,-1331],[-1712.8,-1336.1],[-1715.6,-1336],[-1715.6,-1339.4],[-1715.1,-1382.7],[-1781.9,-1384]]]}},{"type":"Feature","properties":{"osmId":210269963,"height":4.2,"minHeight":0,"levels":1},"geometry":{"type":"Polygon","coordinates":[[[-1712,-1730.8],[-1725.6,-1731.3],[-1726.9,-1687.2],[-1713,-1687.3]]]}},{"type":"Feature","properties":{"osmId":210269964,"height":13.8,"minHeight":0,"levels":4},"geometry":{"type":"Polygon","coordinates":[[[-1710.4,-1591.9],[-1758.2,-1592.9],[-1779.6,-1593.4],[-1780.7,-1538.8],[-1757.7,-1538.3],[-1711.4,-1537.3]]]}},{"type":"Feature","properties":{"osmId":210269969,"height":4.2,"minHeight":0,"levels":1},"geometry":{"type":"Polygon","coordinates":[[[-1739,-1513.5],[-1738.8,-1476],[-1730.6,-1475.7],[-1729.7,-1513.2]]]}},{"type":"Feature","properties":{"osmId":210269970,"height":4.2,"minHeight":0,"levels":1},"geometry":{"type":"Polygon","coordinates":[[[-1711,-1597.8],[-1710,-1641.5],[-1740.6,-1642.2],[-1741.3,-1598.5]]]}},{"type":"Feature","properties":{"osmId":210269982,"height":10,"minHeight":0},"geometry":{"type":"Polygon","coordinates":[[[-1740.6,-1642.2],[-1756.9,-1642.5],[-1757.6,-1603.3],[-1741.2,-1602.8]]]}},{"type":"Feature","properties":{"osmId":210269985,"height":10.6,"minHeight":0,"levels":3},"geometry":{"type":"Polygon","coordinates":[[[-1768.7,-1731.9],[-1769.7,-1688.5],[-1758.9,-1688.3],[-1745.5,-1688.1],[-1744.7,-1731.4],[-1759.3,-1731.7]]]}},{"type":"Feature","properties":{"osmId":210269996,"height":20.2,"minHeight":0,"levels":6},"geometry":{"type":"Polygon","coordinates":[[[-1757.8,-1641.9],[-1777.7,-1642.2],[-1778.6,-1598.4],[-1759.2,-1598.1]]]}},{"type":"Feature","properties":{"osmId":210270006,"height":10.6,"minHeight":0,"levels":3},"geometry":{"type":"Polygon","coordinates":[[[-1810.8,-1643.4],[-1811.1,-1628.7],[-1817.7,-1628.8],[-1817.8,-1624.3],[-1799.7,-1624],[-1799.3,-1643.2]]]}},{"type":"Feature","properties":{"osmId":210270013,"height":10.6,"minHeight":0,"levels":3},"geometry":{"type":"Polygon","coordinates":[[[-1833,-1643.8],[-1833.3,-1625.1],[-1819.1,-1624.6],[-1818.5,-1643.4]]]}},{"type":"Feature","properties":{"osmId":210270017,"height":10,"minHeight":0},"geometry":{"type":"Polygon","coordinates":[[[-1819.6,-1358.8],[-1820.3,-1328.1],[-1836.6,-1328.4],[-1836.9,-1313.5],[-1805.1,-1312.7],[-1804.1,-1359.1],[-1805.7,-1358.7]]]}},{"type":"Feature","properties":{"osmId":210270022,"height":4.2,"minHeight":0,"levels":1},"geometry":{"type":"Polygon","coordinates":[[[-1833,-1643.8],[-1847.6,-1644.3],[-1848.2,-1625.6],[-1833.3,-1625.1]]]}},{"type":"Feature","properties":{"osmId":210270035,"height":10,"minHeight":0,"name":"Bottom Lounge"},"geometry":{"type":"Polygon","coordinates":[[[-1888,-1595.4],[-1889.1,-1540.6],[-1865.6,-1540.5],[-1865,-1578.4],[-1864.2,-1595.2]]]}},{"type":"Feature","properties":{"osmId":210270041,"height":7.4,"minHeight":0,"levels":2,"name":"West Loop Athletic Club"},"geometry":{"type":"Polygon","coordinates":[[[-1882.3,-1644.4],[-1882.2,-1642.2],[-1899.4,-1642.5],[-1900,-1602.6],[-1849.1,-1601.8],[-1848.5,-1641.5],[-1872.8,-1641.9],[-1872.8,-1644.4],[-1877.4,-1644.4]]]}},{"type":"Feature","properties":{"osmId":210270066,"height":10,"minHeight":0,"name":"Fulbrix"},"geometry":{"type":"Polygon","coordinates":[[[-1641.4,-1639.6],[-1710,-1641.5],[-1711,-1597.8],[-1642.1,-1596.4]]]}},{"type":"Feature","properties":{"osmId":210270116,"height":4.2,"minHeight":0,"levels":1},"geometry":{"type":"Polygon","coordinates":[[[-1609,-1510.4],[-1609.7,-1479],[-1605.3,-1478.9],[-1605.6,-1464.4],[-1605.6,-1461.7],[-1601,-1461.6],[-1601.1,-1464.5],[-1580.2,-1464],[-1579.2,-1509.7]]]}},{"type":"Feature","properties":{"osmId":210270136,"height":20.2,"minHeight":0,"levels":6,"name":"The Daily News Building"},"geometry":{"type":"Polygon","coordinates":[[[-1492.7,-2320.8],[-1536.3,-2321.4],[-1536.8,-2284.9],[-1493.2,-2284.3]]]}},{"type":"Feature","properties":{"osmId":210270150,"height":20.2,"minHeight":0,"levels":6},"geometry":{"type":"Polygon","coordinates":[[[-1214.2,-1858.4],[-1177.1,-1857.9],[-1175.9,-1900.5],[-1214.3,-1901]]]}},{"type":"Feature","properties":{"osmId":210270214,"height":45.8,"minHeight":0,"levels":14,"name":"Embry"},"geometry":{"type":"Polygon","coordinates":[[[-1313,-1897.9],[-1347.8,-1898.8],[-1349.3,-1842.5],[-1314.5,-1841.6]]]}},{"type":"Feature","properties":{"osmId":210270219,"height":29.8,"minHeight":0,"levels":9},"geometry":{"type":"Polygon","coordinates":[[[-1536.8,-1999.5],[-1500.4,-1998.3],[-1499.3,-2073.7],[-1497.6,-2076.7],[-1499.8,-2081.2],[-1503.6,-2081.4],[-1503.6,-2082.2],[-1531,-2082.6],[-1531.8,-2047.1],[-1536.1,-2047.2]]]}},{"type":"Feature","properties":{"osmId":210270261,"height":20.2,"minHeight":0,"levels":6},"geometry":{"type":"Polygon","coordinates":[[[-1415.4,-1344.1],[-1417.1,-1342.3],[-1418,-1286.9],[-1381.5,-1286.3],[-1380.4,-1343.7]]]}},{"type":"Feature","properties":{"osmId":210270277,"height":29.8,"minHeight":0,"levels":9},"geometry":{"type":"Polygon","coordinates":[[[-1054.3,-2059.8],[-1052.6,-2059.8],[-1053,-2043.9],[-981.1,-2042.3],[-980.7,-2058],[-978.4,-2058],[-978.2,-2068.6],[-980.5,-2068.6],[-980.5,-2070.2],[-980.4,-2070.7],[-1027.8,-2071.9],[-1027.8,-2070.6],[-1031.9,-2070.7],[-1035.4,-2070.8],[-1035.3,-2072.3],[-1052.1,-2072.7],[-1052.1,-2070.4],[-1054.1,-2070.4]]]}},{"type":"Feature","properties":{"osmId":210270315,"height":7.4,"minHeight":0,"levels":2},"geometry":{"type":"Polygon","coordinates":[[[-1627.3,-1333.4],[-1627.5,-1323.8],[-1624.7,-1323.8],[-1625.2,-1290.5],[-1556.9,-1289.3],[-1556.2,-1332.1]]]}},{"type":"Feature","properties":{"osmId":210270322,"height":10,"minHeight":0,"name":"Marathon"},"geometry":{"type":"Polygon","coordinates":[[[-1823.4,-1293],[-1823.5,-1289.2],[-1826.8,-1289.2],[-1826.8,-1283.3],[-1826.9,-1282.5],[-1826,-1281.2],[-1805.8,-1280.6],[-1805.6,-1292.9]]]}},{"type":"Feature","properties":{"osmId":210270323,"height":10,"minHeight":0,"name":"Marathon"},"geometry":{"type":"Polygon","coordinates":[[[-1824.1,-1270.7],[-1820.8,-1261.5],[-1807.1,-1261.4],[-1807.1,-1270.7]]]}},{"type":"Feature","properties":{"osmId":210270656,"height":20.2,"minHeight":0,"levels":6},"geometry":{"type":"Polygon","coordinates":[[[-980.5,-1989.9],[-1007.3,-1990.4],[-1007.5,-1970.8],[-1007.7,-1951.4],[-981.4,-1950.8]]]}},{"type":"Feature","properties":{"osmId":210270689,"height":20.2,"minHeight":0,"levels":6},"geometry":{"type":"Polygon","coordinates":[[[-1056.2,-1994.1],[-1056.6,-1952.8],[-1031.3,-1952.5],[-1031.1,-1971.2],[-1030.9,-1993.8]]]}},{"type":"Feature","properties":{"osmId":210270708,"height":39.4,"minHeight":0,"levels":12,"name":"Pure"},"geometry":{"type":"Polygon","coordinates":[[[-1076.9,-2031.2],[-1120.6,-2032.6],[-1121.4,-1996.1],[-1077.5,-1995.4]]]}},{"type":"Feature","properties":{"osmId":210270723,"height":10,"minHeight":0},"geometry":{"type":"Polygon","coordinates":[[[-1716.2,-1305.7],[-1716.6,-1292],[-1647.6,-1290.9],[-1648.4,-1316.7],[-1656,-1316.8],[-1656.2,-1308.6],[-1656.3,-1304.5],[-1682.1,-1305],[-1682.1,-1306.6],[-1684.4,-1306.6],[-1684.5,-1305]]]}},{"type":"Feature","properties":{"osmId":210270725,"height":20.2,"minHeight":0,"levels":6},"geometry":{"type":"Polygon","coordinates":[[[-1715.6,-1339.4],[-1647.9,-1338.1],[-1647.5,-1356.7],[-1647.1,-1381.8],[-1715.1,-1382.7]]]}},{"type":"Feature","properties":{"osmId":210307160,"height":23.4,"minHeight":0,"levels":7},"geometry":{"type":"Polygon","coordinates":[[[-1454.2,-840.1],[-1454.3,-833.8],[-1461.1,-833.9],[-1462,-794.4],[-1431.6,-793.6],[-1430.4,-839.6]]]}},{"type":"Feature","properties":{"osmId":210307685,"height":23.4,"minHeight":0,"levels":7},"geometry":{"type":"Polygon","coordinates":[[[-1906.8,-851.6],[-1908.1,-783.3],[-1860.4,-782.3],[-1859.7,-820.4],[-1869.6,-820.6],[-1870.1,-797.6],[-1889.2,-797.9],[-1887.6,-851.1]]]}},{"type":"Feature","properties":{"osmId":223510918,"height":20.2,"minHeight":0,"levels":6},"geometry":{"type":"Polygon","coordinates":[[[-980,-996.7],[-969.8,-1005.1],[-941.9,-1003.5],[-937.6,-998.4],[-977.2,-963.8],[-980.5,-967.3]]]}},{"type":"Feature","properties":{"osmId":254959770,"height":10,"minHeight":0,"name":"McDonald's"},"geometry":{"type":"Polygon","coordinates":[[[-1907.7,-1488.6],[-1907.4,-1499.8],[-1880.6,-1499.1],[-1880.9,-1487.9]]]}},{"type":"Feature","properties":{"osmId":283043913,"height":39.4,"minHeight":0,"levels":12},"geometry":{"type":"Polygon","coordinates":[[[-1260.4,-1503.4],[-1183,-1501.4],[-1183.8,-1470.9],[-1261.2,-1472.9]]]}},{"type":"Feature","properties":{"osmId":336031526,"height":29.8,"minHeight":0,"levels":9,"name":"Hayden WestLoop"},"geometry":{"type":"Polygon","coordinates":[[[-1333.5,-1808.3],[-1332.8,-1837.9],[-1273,-1836.4],[-1273.8,-1806.9]]]}},{"type":"Feature","properties":{"osmId":401088916,"height":36.2,"minHeight":0,"levels":11,"name":"QUARTERS West Loop"},"geometry":{"type":"Polygon","coordinates":[[[-1259,-1527.1],[-1257.8,-1596.1],[-1220.1,-1595.3],[-1221.9,-1526.3]]]}},{"type":"Feature","properties":{"osmId":404110764,"height":26.6,"minHeight":0,"levels":8,"name":"McDonald’s HQ"},"geometry":{"type":"Polygon","coordinates":[[[-1254.9,-1680.6],[-1253.5,-1735],[-1244.6,-1734.8],[-1244.2,-1742.1],[-1254.2,-1742.3],[-1253.3,-1780.6],[-1227.5,-1780.1],[-1178.8,-1779],[-1181,-1679.3],[-1211.7,-1680],[-1211.6,-1683.9],[-1224.4,-1684.2],[-1224.5,-1679.9]]]}},{"type":"Feature","properties":{"osmId":407983114,"height":52.2,"minHeight":0,"levels":16,"name":"Hyatt House Chicago West Loop-Fulton Market"},"geometry":{"type":"Polygon","coordinates":[[[-1352.3,-1752.8],[-1351.8,-1783.3],[-1313.2,-1782.6],[-1313.7,-1752.1]]]}},{"type":"Feature","properties":{"osmId":565854596,"height":10,"minHeight":0},"geometry":{"type":"Polygon","coordinates":[[[-1819.6,-1358.8],[-1825.3,-1358.9],[-1825.4,-1356.9],[-1862.2,-1357.3],[-1862.2,-1359.4],[-1864.4,-1359.4],[-1875.1,-1386.6],[-1805.4,-1385.9],[-1805.7,-1358.7]]]}},{"type":"Feature","properties":{"osmId":569371260,"height":45.8,"minHeight":0,"levels":14,"name":"West End on Fulton"},"geometry":{"type":"Polygon","coordinates":[[[-1847.8,-1407.9],[-1847.1,-1440.6],[-1859.5,-1441.2],[-1858.8,-1478.9],[-1894.6,-1479.9],[-1894.5,-1477.5],[-1912.7,-1478.3],[-1884.7,-1408.5]]]}},{"type":"Feature","properties":{"osmId":589897675,"height":26.6,"minHeight":0,"levels":8},"geometry":{"type":"Polygon","coordinates":[[[-1090.1,-2037],[-1076,-2036.7],[-1075.2,-2072.1],[-1078.5,-2072.2],[-1089.2,-2072.4]]]}},{"type":"Feature","properties":{"osmId":589897677,"height":20.2,"minHeight":0,"levels":6,"name":"CA Washington"},"geometry":{"type":"Polygon","coordinates":[[[-1253.5,-1805.8],[-1178.2,-1803.7],[-1176.3,-1854],[-1214.4,-1855.1],[-1214.2,-1858.4],[-1252.7,-1858.7]]]}},{"type":"Feature","properties":{"osmId":614566938,"height":20.2,"minHeight":0,"levels":6,"name":"CA Condos on Adams"},"geometry":{"type":"Polygon","coordinates":[[[-1337.7,-2169.1],[-1336.9,-2214.6],[-1402.6,-2217],[-1404.1,-2169.2],[-1350.9,-2168],[-1351,-2163.3],[-1344.7,-2163.1],[-1344.6,-2169.2]]]}},{"type":"Feature","properties":{"osmId":644486250,"height":45.8,"minHeight":0,"levels":14,"name":"Mason"},"geometry":{"type":"Polygon","coordinates":[[[-1851.3,-1539.9],[-1801.1,-1539.1],[-1799.9,-1619.9],[-1840.5,-1620.5],[-1841,-1594.9],[-1850.2,-1595.1],[-1850.7,-1578.2]]]}},{"type":"Feature","properties":{"osmId":651730247,"height":55.4,"minHeight":0,"levels":17,"name":"Union West"},"geometry":{"type":"Polygon","coordinates":[[[-1023.5,-1800.3],[-1022.5,-1852.6],[-1058.5,-1853.3],[-1057.7,-1896.1],[-1034.7,-1895.7],[-1034.1,-1926.3],[-1016.8,-1926],[-1017.3,-1896.4],[-1025.2,-1896.7],[-1025.6,-1862.3],[-996.2,-1861.6],[-996,-1866.2],[-982.4,-1865.8],[-984.2,-1799.6]]]}},{"type":"Feature","properties":{"osmId":661265987,"height":10,"minHeight":0},"geometry":{"type":"Polygon","coordinates":[[[-1856.1,-1478.3],[-1843.6,-1478.1],[-1842.8,-1514.1],[-1855.4,-1514.4]]]}},{"type":"Feature","properties":{"osmId":661265988,"height":10,"minHeight":0},"geometry":{"type":"Polygon","coordinates":[[[-1843.6,-1478.1],[-1831.8,-1477.7],[-1830.9,-1513.9],[-1842.8,-1514.1]]]}},{"type":"Feature","properties":{"osmId":661265989,"height":10,"minHeight":0},"geometry":{"type":"Polygon","coordinates":[[[-1831.8,-1477.7],[-1818.4,-1477.5],[-1818.1,-1490.3],[-1817.9,-1513.9],[-1830.9,-1513.9]]]}},{"type":"Feature","properties":{"osmId":661265990,"height":4.2,"minHeight":0,"levels":1,"name":"Small Cheval - West Loop"},"geometry":{"type":"Polygon","coordinates":[[[-1818.4,-1477.5],[-1803.4,-1477.3],[-1803.3,-1490.2],[-1818.1,-1490.3]]]}},{"type":"Feature","properties":{"osmId":702164982,"height":42.6,"minHeight":0,"levels":13,"name":"320 N Sangamon"},"geometry":{"type":"Polygon","coordinates":[[[-995.1,-1338.4],[-1027.9,-1339],[-1028.5,-1321.9],[-1027.2,-1321.9],[-1028.5,-1268.9],[-997.1,-1268.3]]]}},{"type":"Feature","properties":{"osmId":783653097,"height":54,"minHeight":0,"levels":10,"name":"345 N Morgan"},"geometry":{"type":"Polygon","coordinates":[[[-1072.2,-1255.1],[-1073.5,-1203.1],[-1032.8,-1202.6],[-1032,-1254.6]]]}},{"type":"Feature","properties":{"osmId":957138094,"height":23.4,"minHeight":0,"levels":7},"geometry":{"type":"Polygon","coordinates":[[[-1901.7,-2053.3],[-1901,-2090.5],[-1919.4,-2090.9],[-1938.2,-2091.2],[-1938.9,-2054]]]}},{"type":"Feature","properties":{"osmId":1009397208,"height":36.2,"minHeight":0,"levels":11},"geometry":{"type":"Polygon","coordinates":[[[-1262.6,-1399],[-1217.2,-1398],[-1216.6,-1427.9],[-1219.9,-1427.9],[-1261.9,-1428.7],[-1262.4,-1405.4]]]}},{"type":"Feature","properties":{"osmId":1042007001,"height":20.2,"minHeight":0,"levels":6},"geometry":{"type":"Polygon","coordinates":[[[-1353,-1680],[-1338,-1679.6],[-1337.6,-1691.3],[-1337.4,-1698.9],[-1352.4,-1699.2]]]}},{"type":"Feature","properties":{"osmId":1046371871,"height":10,"minHeight":0},"geometry":{"type":"Polygon","coordinates":[[[-1625.2,-1443],[-1601,-1442.5],[-1600.9,-1454.4],[-1624.8,-1454.9]]]}},{"type":"Feature","properties":{"osmId":1055855270,"height":20.2,"minHeight":0,"levels":6,"name":"Madison+Carpenter"},"geometry":{"type":"Polygon","coordinates":[[[-1220,-1931.2],[-1175,-1930.6],[-1175.9,-1900.5],[-1214.3,-1901],[-1220.3,-1901.1]]]}},{"type":"Feature","properties":{"osmId":1056523604,"height":96,"minHeight":0,"levels":28,"name":"The Elizabeth"},"geometry":{"type":"Polygon","coordinates":[[[-1599.1,-1454],[-1546.8,-1453],[-1547.7,-1403.8],[-1612.7,-1405.1],[-1612.6,-1410],[-1621.4,-1410.2],[-1621,-1433.6],[-1617,-1433.5],[-1617.1,-1431.9],[-1611.5,-1431.8],[-1611.3,-1440.2],[-1599.3,-1439.9]]]}},{"type":"Feature","properties":{"osmId":1076970995,"height":65,"minHeight":0,"levels":19,"name":"Arthur on Aberdeen"},"geometry":{"type":"Polygon","coordinates":[[[-1359.1,-1431.6],[-1357.8,-1468.1],[-1319.1,-1467.2],[-1318.9,-1475.8],[-1311.5,-1475.6],[-1310.8,-1504.4],[-1279.5,-1503.8],[-1281.3,-1443.3],[-1316,-1444],[-1316.1,-1431],[-1327.8,-1431.2]]]}},{"type":"Feature","properties":{"osmId":1165482869,"height":115.5,"minHeight":0,"levels":34,"name":"Flora"},"geometry":{"type":"Polygon","coordinates":[[[-1361.7,-1243.9],[-1357.7,-1243.8],[-1357.5,-1250.7],[-1357.5,-1251.8],[-1317.9,-1250.8],[-1317.9,-1249.7],[-1317.9,-1248.6],[-1314.3,-1248.5],[-1313.9,-1211.7],[-1362.5,-1212.9]]]}},{"type":"Feature","properties":{"osmId":1201800150,"height":20.2,"minHeight":0,"levels":6},"geometry":{"type":"Polygon","coordinates":[[[-1492.7,-694.9],[-1504,-710.8],[-1456.9,-709.9],[-1457.4,-694.6]]]}},{"type":"Feature","properties":{"osmId":1243567408,"height":39.4,"minHeight":0,"levels":12},"geometry":{"type":"Polygon","coordinates":[[[-2315.1,-1616.4],[-2343.5,-1618.2],[-2344.4,-1556.4],[-2319.3,-1556],[-2317.4,-1601.2],[-2315.4,-1601.1]]]}},{"type":"Feature","properties":{"osmId":1265269188,"height":10,"minHeight":0},"geometry":{"type":"Polygon","coordinates":[[[-1841.2,-1408.4],[-1804.5,-1407.8],[-1803.4,-1472.1],[-1840,-1472.8]]]}},{"type":"Feature","properties":{"osmId":1280569535,"height":20.2,"minHeight":0,"levels":6,"name":"CA3 Condominiums"},"geometry":{"type":"Polygon","coordinates":[[[-1323.5,-2217],[-1332.2,-2217.1],[-1332.2,-2214.6],[-1336.9,-2214.6],[-1337.7,-2169.1],[-1334.8,-2169],[-1334.8,-2165.6],[-1334.9,-2162],[-1294.4,-2161.3],[-1293.3,-2218],[-1295.9,-2218],[-1323.5,-2218.5]]]}},{"type":"Feature","properties":{"osmId":1531831958,"height":10,"minHeight":0},"geometry":{"type":"Polygon","coordinates":[[[-1752.8,-1411.1],[-1768.1,-1411.1],[-1768.1,-1419.2],[-1771.7,-1419.2],[-1771.7,-1422.3],[-1771.7,-1425.7],[-1768.5,-1425.7],[-1768.5,-1440.1],[-1752.8,-1440.1]]]}},{"type":"Feature","properties":{"kind":"station","name":"Chicago","station":"subway"},"geometry":{"type":"Point","coordinates":[908.3,-289.9]}},{"type":"Feature","properties":{"kind":"station","name":"Clark/Division","station":"subway"},"geometry":{"type":"Point","coordinates":[576.9,513.5]}},{"type":"Feature","properties":{"kind":"station","name":"Chicago","station":"subway"},"geometry":{"type":"Point","coordinates":[286.3,-377.7]}},{"type":"Feature","properties":{"kind":"station","name":"Grand","station":"subway"},"geometry":{"type":"Point","coordinates":[916.2,-799.4]}},{"type":"Feature","properties":{"kind":"station","name":"Sedgwick","station":"subway"},"geometry":{"type":"Point","coordinates":[31.6,1232.7]}},{"type":"Feature","properties":{"kind":"road","class":"secondary","name":"North Clark Street"},"geometry":{"type":"LineString","coordinates":[[660.2,-577.2],[661.8,-666.1]]}},{"type":"Feature","properties":{"kind":"road","class":"secondary","name":"North State Street"},"geometry":{"type":"LineString","coordinates":[[894.9,348.5],[896.1,344.4]]}},{"type":"Feature","properties":{"kind":"road","class":"secondary","name":"North Desplaines Street"},"geometry":{"type":"LineString","coordinates":[[-429.8,-1128],[-429.7,-1140.2]]}},{"type":"Feature","properties":{"kind":"road","class":"secondary","name":"North Wabash Avenue"},"geometry":{"type":"LineString","coordinates":[[1030.6,-912.8],[1035.5,-1065.8]]}},{"type":"Feature","properties":{"kind":"road","class":"motorway","name":"North Jean Baptiste Point DuSable Lake Shore Drive"},"geometry":{"type":"LineString","coordinates":[[1184,624.5],[1196.2,563.1],[1205.9,512.7],[1215,472.6],[1226.9,420.2],[1232.1,401.7],[1237.9,384.1],[1263.3,336.5],[1273.4,323],[1287,306.6],[1302.3,291.2],[1315.8,279.5],[1330.9,268.4],[1348.9,257],[1368,246.8],[1386.6,238.9],[1406.9,232.1],[1427.8,226.8],[1448.1,223.6],[1572.5,212.6],[1583.8,208],[1595.1,201.5],[1608,192.1],[1618.5,181.2],[1626,169.9],[1844.1,-266.9]]}},{"type":"Feature","properties":{"kind":"road","class":"tertiary","name":"West Kinzie Street"},"geometry":{"type":"LineString","coordinates":[[-429.8,-1128],[-496.7,-1128.9]]}},{"type":"Feature","properties":{"kind":"road","class":"secondary","name":"West Kinzie Street"},"geometry":{"type":"LineString","coordinates":[[302,-1118.9],[313,-1118.7],[405.5,-1117.3]]}},{"type":"Feature","properties":{"kind":"road","class":"secondary","name":"West Kinzie Street"},"geometry":{"type":"LineString","coordinates":[[-47.5,-1129.9],[-8.8,-1125.8]]}},{"type":"Feature","properties":{"kind":"road","class":"motorway","name":"West Ohio Street"},"geometry":{"type":"LineString","coordinates":[[-19.1,-735.6],[-155.1,-738.3]]}},{"type":"Feature","properties":{"kind":"road","class":"motorway","name":"West Ohio Street"},"geometry":{"type":"LineString","coordinates":[[-463.5,-757.7],[-324.3,-754.8]]}},{"type":"Feature","properties":{"kind":"road","class":"tertiary","name":"North Kingsbury Street"},"geometry":{"type":"LineString","coordinates":[[47.4,-1032.5],[54.5,-1044.8],[74.8,-1080.4]]}},{"type":"Feature","properties":{"kind":"road","class":"secondary","name":"West Grand Avenue"},"geometry":{"type":"LineString","coordinates":[[-136.8,-863.5],[-189.8,-868.8]]}},{"type":"Feature","properties":{"kind":"road","class":"secondary","name":"West Grand Avenue"},"geometry":{"type":"LineString","coordinates":[[664.8,-844.2],[585.8,-845.9]]}},{"type":"Feature","properties":{"kind":"road","class":"secondary","name":"West Ontario Street"},"geometry":{"type":"LineString","coordinates":[[173,-675.4],[-117.9,-680]]}},{"type":"Feature","properties":{"kind":"road","class":"tertiary","name":"North Desplaines Street"},"geometry":{"type":"LineString","coordinates":[[-432.7,-959.1],[-433.7,-888]]}},{"type":"Feature","properties":{"kind":"road","class":"residential","name":"West Maple Street"},"geometry":{"type":"LineString","coordinates":[[473.4,283.2],[505,283.7],[514.5,283.8]]}},{"type":"Feature","properties":{"kind":"road","class":"residential","name":"West Pearson Street"},"geometry":{"type":"LineString","coordinates":[[835.4,-192.3],[904.5,-191.2]]}},{"type":"Feature","properties":{"kind":"road","class":"residential","name":"West Wendell Street"},"geometry":{"type":"LineString","coordinates":[[470.7,230.6],[405.3,229.2],[395.3,228.9]]}},{"type":"Feature","properties":{"kind":"road","class":"residential","name":"North Hudson Avenue"},"geometry":{"type":"LineString","coordinates":[[-48.8,1102.7],[-42.5,801.1]]}},{"type":"Feature","properties":{"kind":"road","class":"residential","name":"West Hill Street"},"geometry":{"type":"LineString","coordinates":[[392.9,314.1],[145.8,311]]}},{"type":"Feature","properties":{"kind":"road","class":"residential","name":"North Clinton Street"},"geometry":{"type":"LineString","coordinates":[[-110.5,-1080.4],[-164.4,-1081.7],[-169.2,-1081.3],[-172.6,-1079.4],[-251.4,-946.5],[-265.5,-948.8],[-272.2,-946.6],[-277.5,-942.8],[-286.6,-931.6]]}},{"type":"Feature","properties":{"kind":"road","class":"residential","name":"West Locust Street"},"geometry":{"type":"LineString","coordinates":[[402.3,-30],[-68.4,-38.8]]}},{"type":"Feature","properties":{"kind":"road","class":"residential","name":"West Locust Street"},"geometry":{"type":"LineString","coordinates":[[-224.3,-10.5],[-69.6,-5.9]]}},{"type":"Feature","properties":{"kind":"road","class":"residential","name":"North Wieland Street"},"geometry":{"type":"LineString","coordinates":[[293.6,927.7],[286.7,1306.6]]}},{"type":"Feature","properties":{"kind":"road","class":"residential","name":"North Crosby Street"},"geometry":{"type":"LineString","coordinates":[[-343,43.6],[-437.3,190],[-615.2,478.4],[-615.9,487]]}},{"type":"Feature","properties":{"kind":"road","class":"residential","name":"North Stone Street"},"geometry":{"type":"LineString","coordinates":[[1102.3,623.7],[1106,728.9]]}},{"type":"Feature","properties":{"kind":"road","class":"residential","name":"North Dearborn Street"},"geometry":{"type":"LineString","coordinates":[[775.5,-240.4],[772.3,-55.7]]}},{"type":"Feature","properties":{"kind":"road","class":"residential","name":"North Mohawk Street"},"geometry":{"type":"LineString","coordinates":[[-167.6,-228.7],[-176.4,90.5]]}},{"type":"Feature","properties":{"kind":"road","class":"residential","name":"West Institute Place"},"geometry":{"type":"LineString","coordinates":[[406.8,-202.2],[151.8,-208.1]]}},{"type":"Feature","properties":{"kind":"road","class":"residential","name":"West Blackhawk Street"},"geometry":{"type":"LineString","coordinates":[[-48.8,1102.7],[-349.8,1096.2]]}},{"type":"Feature","properties":{"kind":"road","class":"residential","name":"West Ohio Street"},"geometry":{"type":"LineString","coordinates":[[-2.4,-768],[-110.5,-770.4]]}},{"type":"Feature","properties":{"kind":"road","class":"tertiary","name":"West Superior Street"},"geometry":{"type":"LineString","coordinates":[[779.4,-397.7],[908.9,-395.3]]}},{"type":"Feature","properties":{"kind":"road","class":"residential","name":"West Elm Street"},"geometry":{"type":"LineString","coordinates":[[860.7,432.5],[640.5,428.4]]}},{"type":"Feature","properties":{"kind":"road","class":"residential","name":"West Elm Street"},"geometry":{"type":"LineString","coordinates":[[206.1,396.8],[161.3,395.8]]}},{"type":"Feature","properties":{"kind":"road","class":"residential","name":"West Elm Street"},"geometry":{"type":"LineString","coordinates":[[-388.6,374.8],[-438.3,373.9]]}},{"type":"Feature","properties":{"kind":"road","class":"residential","name":"North North Park Avenue"},"geometry":{"type":"LineString","coordinates":[[217.3,820.3],[206.3,1304.8]]}},{"type":"Feature","properties":{"kind":"road","class":"residential","name":"North Howe Street"},"geometry":{"type":"LineString","coordinates":[[-438.3,373.9],[-442.2,490.2]]}},{"type":"Feature","properties":{"kind":"road","class":"residential","name":"East Burton Place"},"geometry":{"type":"LineString","coordinates":[[854.3,1130.4],[1075.6,1135.4]]}},{"type":"Feature","properties":{"kind":"road","class":"residential","name":"East Scott Street"},"geometry":{"type":"LineString","coordinates":[[1164.6,625.1],[864.6,618.6]]}},{"type":"Feature","properties":{"kind":"road","class":"residential","name":"West Chestnut Street"},"geometry":{"type":"LineString","coordinates":[[903.2,-137],[651.7,-141.8]]}},{"type":"Feature","properties":{"kind":"road","class":"residential","name":"West Chestnut Street"},"geometry":{"type":"LineString","coordinates":[[404.6,-116.4],[87.2,-122.2]]}},{"type":"Feature","properties":{"kind":"road","class":"residential","name":"West Chestnut Street"},"geometry":{"type":"LineString","coordinates":[[-66.3,-124.1],[-220.8,-130.4]]}},{"type":"Feature","properties":{"kind":"road","class":"tertiary","name":"East Kinzie Street"},"geometry":{"type":"LineString","coordinates":[[1012.5,-1103.5],[923.3,-1105.3]]}},{"type":"Feature","properties":{"kind":"road","class":"residential","name":"West Scott Street"},"geometry":{"type":"LineString","coordinates":[[-166.5,549],[-339.9,616.9]]}},{"type":"Feature","properties":{"kind":"road","class":"residential","name":"West Scott Street"},"geometry":{"type":"LineString","coordinates":[[384.7,629.1],[192,624.6]]}},{"type":"Feature","properties":{"kind":"road","class":"residential","name":"North Vine Street"},"geometry":{"type":"LineString","coordinates":[[-439.4,1617.6],[-431.8,1293]]}},{"type":"Feature","properties":{"kind":"road","class":"residential","name":"North Cleveland Avenue"},"geometry":{"type":"LineString","coordinates":[[-161.9,131.4],[-171.6,486.6]]}},{"type":"Feature","properties":{"kind":"road","class":"residential","name":"North Cleveland Avenue"},"geometry":{"type":"LineString","coordinates":[[-140.2,642.7],[-154.5,1298.6]]}},{"type":"Feature","properties":{"kind":"road","class":"residential","name":"North Cleveland Avenue"},"geometry":{"type":"LineString","coordinates":[[-118.5,-234],[-127.3,91.9]]}},{"type":"Feature","properties":{"kind":"road","class":"tertiary","name":"West Huron Street"},"geometry":{"type":"LineString","coordinates":[[910.6,-484.1],[781.1,-487.2]]}},{"type":"Feature","properties":{"kind":"road","class":"residential","name":"North Orleans Street"},"geometry":{"type":"LineString","coordinates":[[135.8,924.5],[126.2,1303.5]]}},{"type":"Feature","properties":{"kind":"road","class":"residential","name":"West Burton Place"},"geometry":{"type":"LineString","coordinates":[[506.7,1095],[427.5,1094.4]]}},{"type":"Feature","properties":{"kind":"road","class":"residential","name":"West Burton Place"},"geometry":{"type":"LineString","coordinates":[[734.4,1126.3],[624.3,1123.8]]}},{"type":"Feature","properties":{"kind":"road","class":"residential","name":"East Goethe Street"},"geometry":{"type":"LineString","coordinates":[[862.5,724.9],[1147.3,729.6]]}},{"type":"Feature","properties":{"kind":"road","class":"residential","name":"West Evergreen Avenue"},"geometry":{"type":"LineString","coordinates":[[58.9,817.4],[380.3,823.2]]}},{"type":"Feature","properties":{"kind":"road","class":"residential","name":"East Schiller Street"},"geometry":{"type":"LineString","coordinates":[[1107.9,948.5],[858,944.8]]}},{"type":"Feature","properties":{"kind":"road","class":"secondary","name":"West Hubbard Street"},"geometry":{"type":"LineString","coordinates":[[425.7,-1025.4],[197.7,-1029.7]]}},{"type":"Feature","properties":{"kind":"road","class":"residential","name":"West Walton Street"},"geometry":{"type":"LineString","coordinates":[[481.2,58.5],[99.5,49.3]]}},{"type":"Feature","properties":{"kind":"road","class":"residential","name":"West Walton Street"},"geometry":{"type":"LineString","coordinates":[[-226.7,65.7],[-231.7,65.7],[-270.2,64.9]]}},{"type":"Feature","properties":{"kind":"road","class":"residential","name":"West Schiller Street"},"geometry":{"type":"LineString","coordinates":[[738.9,951],[627.3,948.8]]}},{"type":"Feature","properties":{"kind":"road","class":"residential","name":"West Delaware Place"},"geometry":{"type":"LineString","coordinates":[[648.6,1.4],[533.4,-1.2]]}},{"type":"Feature","properties":{"kind":"road","class":"residential","name":"West Delaware Place"},"geometry":{"type":"LineString","coordinates":[[772.3,-55.7],[649.9,-58.2]]}},{"type":"Feature","properties":{"kind":"road","class":"residential","name":"West Germania Place"},"geometry":{"type":"LineString","coordinates":[[553.6,1228.9],[622.5,1230.4]]}},{"type":"Feature","properties":{"kind":"road","class":"residential","name":"East Bellevue Place"},"geometry":{"type":"LineString","coordinates":[[943.1,255.3],[1231.1,262.7]]}},{"type":"Feature","properties":{"kind":"road","class":"residential","name":"West Goethe Street"},"geometry":{"type":"LineString","coordinates":[[633.9,720.9],[862.5,724.9]]}},{"type":"Feature","properties":{"kind":"road","class":"residential","name":"North State Parkway"},"geometry":{"type":"LineString","coordinates":[[866.6,518.1],[850.4,1323]]}},{"type":"Feature","properties":{"kind":"road","class":"tertiary","name":"East Hubbard Street"},"geometry":{"type":"LineString","coordinates":[[922.2,-1016.3],[931.8,-1016.1],[1023.2,-1014]]}},{"type":"Feature","properties":{"kind":"road","class":"residential","name":"East Elm Street"},"geometry":{"type":"LineString","coordinates":[[880.6,435.6],[1192.5,441.5]]}},{"type":"Feature","properties":{"kind":"road","class":"tertiary","name":"West Erie Street"},"geometry":{"type":"LineString","coordinates":[[531.1,-579.6],[543.9,-579.2]]}},{"type":"Feature","properties":{"kind":"road","class":"tertiary","name":"North Kingsbury Street"},"geometry":{"type":"LineString","coordinates":[[-191.5,-592],[-195.9,-321]]}},{"type":"Feature","properties":{"kind":"road","class":"residential","name":"North Ritchie Court"},"geometry":{"type":"LineString","coordinates":[[1044,727.9],[1035.4,832.2]]}},{"type":"Feature","properties":{"kind":"road","class":"residential","name":"East Banks Street"},"geometry":{"type":"LineString","coordinates":[[860.4,829.9],[1128.4,833.4]]}},{"type":"Feature","properties":{"kind":"road","class":"residential","name":"East Tower Court"},"geometry":{"type":"LineString","coordinates":[[1184,-186.5],[1185,-279.7]]}},{"type":"Feature","properties":{"kind":"road","class":"residential","name":"North Sandburg Terrace"},"geometry":{"type":"LineString","coordinates":[[553.6,1228.9],[548.8,1317.4]]}},{"type":"Feature","properties":{"kind":"road","class":"residential","name":"North Sedgwick Street"},"geometry":{"type":"LineString","coordinates":[[50.7,-587.8],[47,-315.4]]}},{"type":"Feature","properties":{"kind":"road","class":"tertiary","name":"East Oak Street"},"geometry":{"type":"LineString","coordinates":[[963.2,166.4],[1232.2,172]]}},{"type":"Feature","properties":{"kind":"road","class":"residential","name":"North Astor Street"},"geometry":{"type":"LineString","coordinates":[[951.8,1325.1],[959.9,947.1]]}},{"type":"Feature","properties":{"kind":"road","class":"residential","name":"North Astor Street"},"geometry":{"type":"LineString","coordinates":[[943.6,946.6],[961.6,844.4],[962.5,820.6],[983.2,726.9],[1017.5,521.8]]}},{"type":"Feature","properties":{"kind":"road","class":"tertiary","name":"North Sedgwick Street"},"geometry":{"type":"LineString","coordinates":[[66.5,500.2],[47.2,1302.2]]}},{"type":"Feature","properties":{"kind":"road","class":"tertiary","name":"North Clark Street"},"geometry":{"type":"LineString","coordinates":[[619.1,1318.5],[619.3,1309],[619.5,1291]]}},{"type":"Feature","properties":{"kind":"road","class":"tertiary","name":"North Orleans Street"},"geometry":{"type":"LineString","coordinates":[[162.5,-265],[150.9,136.9]]}},{"type":"Feature","properties":{"kind":"road","class":"secondary","name":"East Division Street"},"geometry":{"type":"LineString","coordinates":[[1171.2,525.6],[866.6,518.1]]}},{"type":"Feature","properties":{"kind":"road","class":"residential","name":"North Canal Street"},"geometry":{"type":"LineString","coordinates":[[-97.4,-1086.4],[-110.5,-1080.4],[-174.9,-986.2]]}},{"type":"Feature","properties":{"kind":"road","class":"residential","name":"North Franklin Street"},"geometry":{"type":"LineString","coordinates":[[291.5,-673.4],[288.4,-495.6]]}},{"type":"Feature","properties":{"kind":"road","class":"residential","name":"North Hudson Avenue"},"geometry":{"type":"LineString","coordinates":[[-68.7,-589.9],[-74.5,-317.2]]}},{"type":"Feature","properties":{"kind":"road","class":"residential","name":"North Cleveland Avenue"},"geometry":{"type":"LineString","coordinates":[[-149.1,-257.1],[-149,-290],[-148.5,-304.6]]}},{"type":"Feature","properties":{"kind":"road","class":"tertiary","name":"North Wells Street"},"geometry":{"type":"LineString","coordinates":[[387.5,508.4],[368.9,1321.6]]}},{"type":"Feature","properties":{"kind":"road","class":"residential","name":"West Wendell Street"},"geometry":{"type":"LineString","coordinates":[[205.5,225.2],[76.4,223.4]]}},{"type":"Feature","properties":{"kind":"road","class":"residential","name":"North Mohawk Street"},"geometry":{"type":"LineString","coordinates":[[-239.8,716.1],[-254.8,1297]]}},{"type":"Feature","properties":{"kind":"road","class":"residential","name":"North Larrabee Street"},"geometry":{"type":"LineString","coordinates":[[-310,-594],[-313.5,-427.9]]}},{"type":"Feature","properties":{"kind":"road","class":"tertiary","name":"West North Avenue"},"geometry":{"type":"LineString","coordinates":[[619.1,1318.5],[532.6,1317.3]]}},{"type":"Feature","properties":{"kind":"road","class":"primary","name":"West North Avenue"},"geometry":{"type":"LineString","coordinates":[[464.3,1323.1],[453,1323],[398.2,1322]]}},{"type":"Feature","properties":{"kind":"road","class":"secondary","name":"West Ohio Street"},"geometry":{"type":"LineString","coordinates":[[293.2,-759.7],[420.3,-757.7]]}},{"type":"Feature","properties":{"kind":"road","class":"secondary","name":"West Illinois Street"},"geometry":{"type":"LineString","coordinates":[[666.3,-931.6],[790,-930.1]]}},{"type":"Feature","properties":{"kind":"road","class":"tertiary","name":"East Hubbard Street"},"geometry":{"type":"LineString","coordinates":[[1169.8,-1010.7],[1240.6,-1009.3]]}},{"type":"Feature","properties":{"kind":"road","class":"secondary","name":"East Illinois Street"},"geometry":{"type":"LineString","coordinates":[[919.9,-927.2],[1020.8,-924.8]]}},{"type":"Feature","properties":{"kind":"road","class":"motorway","name":"West Ohio Street"},"geometry":{"type":"LineString","coordinates":[[112.4,-754.8],[174.7,-759.4]]}},{"type":"Feature","properties":{"kind":"road","class":"motorway","name":"West Ohio Street"},"geometry":{"type":"LineString","coordinates":[[173,-675.4],[117.1,-719.7],[96.1,-729.1],[86.1,-731.3],[74.4,-732.7],[-19.1,-735.6]]}},{"type":"Feature","properties":{"kind":"road","class":"secondary","name":"West Grand Avenue"},"geometry":{"type":"LineString","coordinates":[[-319.3,-886.5],[-507,-889.1]]}},{"type":"Feature","properties":{"kind":"road","class":"residential","name":"West Hobbie Street"},"geometry":{"type":"LineString","coordinates":[[-438,242.7],[-165.1,248.9]]}},{"type":"Feature","properties":{"kind":"road","class":"residential","name":"North Cambridge Avenue"},"geometry":{"type":"LineString","coordinates":[[-253.5,493.7],[-243.9,129.6]]}},{"type":"Feature","properties":{"kind":"road","class":"residential","name":"North Dearborn Parkway"},"geometry":{"type":"LineString","coordinates":[[754,723],[740.7,1320.8]]}},{"type":"Feature","properties":{"kind":"road","class":"residential","name":"West Oak Street"},"geometry":{"type":"LineString","coordinates":[[24.8,133.8],[108.2,136.2]]}},{"type":"Feature","properties":{"kind":"road","class":"residential","name":"West Elm Street"},"geometry":{"type":"LineString","coordinates":[[-438.3,373.9],[-548,371.6]]}},{"type":"Feature","properties":{"kind":"road","class":"residential","name":"West Evergreen Avenue"},"geometry":{"type":"LineString","coordinates":[[-143.6,799.2],[59.2,803.1]]}},{"type":"Feature","properties":{"kind":"road","class":"secondary","name":"West Division Street"},"geometry":{"type":"LineString","coordinates":[[840.5,517.5],[758.5,515.9]]}},{"type":"Feature","properties":{"kind":"road","class":"secondary","name":"West Ontario Street"},"geometry":{"type":"LineString","coordinates":[[532.6,-668.7],[417.5,-671]]}},{"type":"Feature","properties":{"kind":"road","class":"tertiary","name":"East North Water Street"},"geometry":{"type":"LineString","coordinates":[[1030.4,-1098.7],[1145,-1069.2]]}},{"type":"Feature","properties":{"kind":"road","class":"secondary","name":"West Grand Avenue"},"geometry":{"type":"LineString","coordinates":[[295.1,-851.3],[287.1,-851.4],[207.7,-852.5]]}},{"type":"Feature","properties":{"kind":"road","class":"tertiary","name":"West Illinois Street"},"geometry":{"type":"LineString","coordinates":[[-8.3,-942.6],[178,-940.7]]}},{"type":"Feature","properties":{"kind":"road","class":"secondary","name":"North Wells Street"},"geometry":{"type":"LineString","coordinates":[[425,-1116.4],[426.3,-1198.5]]}},{"type":"Feature","properties":{"kind":"road","class":"secondary","name":"West Chicago Avenue"},"geometry":{"type":"LineString","coordinates":[[776.4,-287.7],[836.9,-286.5]]}},{"type":"Feature","properties":{"kind":"rail","class":"subway","name":"North Side Main Line"},"geometry":{"type":"LineString","coordinates":[[211.7,-189.1],[212.3,-203.5],[213.2,-210.6],[218.5,-225.8],[274.4,-289.8],[278.6,-297.6],[279.5,-299.7],[283.6,-320.8]]}},{"type":"Feature","properties":{"kind":"road","class":"residential","name":"West Elm Street"},"geometry":{"type":"LineString","coordinates":[[-260.5,377.4],[2.3,382.6]]}},{"type":"Feature","properties":{"kind":"road","class":"residential","name":"North Hudson Avenue"},"geometry":{"type":"LineString","coordinates":[[-84.4,471.3],[-81.8,381.3]]}},{"type":"Feature","properties":{"kind":"road","class":"secondary","name":"West Chicago Avenue"},"geometry":{"type":"LineString","coordinates":[[-391.5,-308.4],[-353.3,-307.7]]}},{"type":"Feature","properties":{"kind":"road","class":"motorway","name":"North Jean Baptiste Point DuSable Lake Shore Drive"},"geometry":{"type":"LineString","coordinates":[[1857.2,-259.5],[1722.7,3.9],[1671.6,107.1],[1641.3,169.2],[1633,183.8],[1625.1,193.8],[1601,215],[1566.6,230],[1439.2,243],[1425.3,245.6],[1408.9,250.3],[1391.2,256.4],[1377.5,262.1],[1360.8,271],[1347.7,279],[1334.7,288.1],[1323.2,297.1],[1313,306.3],[1301.9,317.4],[1290.4,330.5],[1278.8,346.5],[1270.4,359.7],[1263,373.6],[1246,420.1],[1212.1,577.2],[1182.1,745.4]]}},{"type":"Feature","properties":{"kind":"road","class":"secondary","name":"North Orleans Street"},"geometry":{"type":"LineString","coordinates":[[181.2,-1107],[180.4,-1071.3]]}},{"type":"Feature","properties":{"kind":"road","class":"tertiary","name":"North Orleans Street"},"geometry":{"type":"LineString","coordinates":[[199.1,-1120],[197.7,-1029.7]]}},{"type":"Feature","properties":{"kind":"road","class":"secondary","name":"North Orleans Street"},"geometry":{"type":"LineString","coordinates":[[179.5,-1030],[179.4,-1019.4],[179.3,-999]]}},{"type":"Feature","properties":{"kind":"road","class":"secondary","name":"North Kingsbury Street"},"geometry":{"type":"LineString","coordinates":[[-60.4,-856.9],[-110.5,-770.4],[-166.3,-680.8]]}},{"type":"Feature","properties":{"kind":"road","class":"secondary","name":"North LaSalle Drive"},"geometry":{"type":"LineString","coordinates":[[537.6,-1023.4],[538,-1113.5]]}},{"type":"Feature","properties":{"kind":"road","class":"secondary","name":"North Dearborn Street"},"geometry":{"type":"LineString","coordinates":[[796,-1252.5],[793.8,-1148.2]]}},{"type":"Feature","properties":{"kind":"road","class":"secondary","name":"East Grand Avenue"},"geometry":{"type":"LineString","coordinates":[[1140.2,-834.1],[1029.5,-836.8]]}},{"type":"Feature","properties":{"kind":"road","class":"secondary","name":"North Wells Street"},"geometry":{"type":"LineString","coordinates":[[422.2,-849.2],[422.3,-857.9],[422.9,-892]]}},{"type":"Feature","properties":{"kind":"road","class":"secondary","name":"North Dearborn Street"},"geometry":{"type":"LineString","coordinates":[[784.3,-653.4],[782.6,-584.1]]}},{"type":"Feature","properties":{"kind":"road","class":"secondary","name":"North Desplaines Street"},"geometry":{"type":"LineString","coordinates":[[-429.7,-1141.3],[-428.6,-1184.5],[-428.4,-1194.8]]}},{"type":"Feature","properties":{"kind":"road","class":"residential","name":"North Desplaines Street"},"geometry":{"type":"LineString","coordinates":[[-433.7,-888],[-433.8,-876],[-434.6,-788]]}},{"type":"Feature","properties":{"kind":"road","class":"residential","name":"West Hubbard Street"},"geometry":{"type":"LineString","coordinates":[[-427.2,-1007.8],[-553.2,-1011.7]]}},{"type":"Feature","properties":{"kind":"rail","class":"rail","name":"UP Geneva Subdivision"},"geometry":{"type":"LineString","coordinates":[[-250.5,-1055.1],[-261.9,-1049.2],[-277.3,-1042],[-294.5,-1036.4],[-302,-1034.3]]}},{"type":"Feature","properties":{"kind":"rail","class":"rail","name":"UP Harvard Subdivision"},"geometry":{"type":"LineString","coordinates":[[-419.5,-985.3],[-403,-992.1],[-393.5,-995.5]]}},{"type":"Feature","properties":{"kind":"rail","class":"rail","name":"UP Harvard Subdivision"},"geometry":{"type":"LineString","coordinates":[[-444.4,-971.7],[-419.5,-985.3]]}},{"type":"Feature","properties":{"kind":"rail","class":"rail","name":"UP Harvard Subdivision"},"geometry":{"type":"LineString","coordinates":[[-522.8,-901.5],[-497.1,-930.6],[-484.4,-943.2],[-444.4,-971.7]]}},{"type":"Feature","properties":{"kind":"rail","class":"rail","name":"UP Harvard Subdivision"},"geometry":{"type":"LineString","coordinates":[[-185.9,-1107.2],[-205.4,-1085.4],[-219.3,-1072.9],[-235.2,-1060.2]]}},{"type":"Feature","properties":{"kind":"rail","class":"rail","name":"UP Harvard Subdivision"},"geometry":{"type":"LineString","coordinates":[[-235.2,-1060.2],[-255.6,-1046.3],[-269.4,-1038.3],[-302.2,-1022.3]]}},{"type":"Feature","properties":{"kind":"rail","class":"rail","name":"UP Harvard Subdivision"},"geometry":{"type":"LineString","coordinates":[[-380.1,-995.6],[-405,-986.5],[-419.6,-980.1]]}},{"type":"Feature","properties":{"kind":"rail","class":"rail","name":"UP Harvard Subdivision"},"geometry":{"type":"LineString","coordinates":[[-419.6,-980.1],[-444.5,-966.5]]}},{"type":"Feature","properties":{"kind":"rail","class":"rail","name":"UP Harvard Subdivision"},"geometry":{"type":"LineString","coordinates":[[-444.5,-966.5],[-458.1,-959],[-472,-947.8],[-484.3,-936.9],[-498.4,-922.2],[-517.1,-901.3]]}},{"type":"Feature","properties":{"kind":"rail","class":"rail","name":"UP Harvard Subdivision"},"geometry":{"type":"LineString","coordinates":[[-511.6,-901.2],[-474.7,-939.9],[-458.7,-952.6],[-444.7,-961.4]]}},{"type":"Feature","properties":{"kind":"rail","class":"rail","name":"UP Harvard Subdivision"},"geometry":{"type":"LineString","coordinates":[[-567.9,-828.4],[-535.9,-870.4],[-511.6,-901.2]]}},{"type":"Feature","properties":{"kind":"rail","class":"rail","name":"UP Harvard Subdivision"},"geometry":{"type":"LineString","coordinates":[[-235.4,-1054.6],[-244.6,-1047.8],[-261.3,-1037.4],[-302.3,-1017.8]]}},{"type":"Feature","properties":{"kind":"rail","class":"rail","name":"UP Harvard Subdivision"},"geometry":{"type":"LineString","coordinates":[[-346,-1019.8],[-322.9,-1029]]}},{"type":"Feature","properties":{"kind":"rail","class":"rail","name":"UP Harvard Subdivision"},"geometry":{"type":"LineString","coordinates":[[-301.9,-1037.9],[-289.9,-1042.5],[-274.8,-1048.9]]}},{"type":"Feature","properties":{"kind":"rail","class":"rail","name":"UP Harvard Subdivision"},"geometry":{"type":"LineString","coordinates":[[-302.1,-1027.7],[-250.5,-1055.1]]}},{"type":"Feature","properties":{"kind":"rail","class":"rail","name":"UP Geneva Subdivision"},"geometry":{"type":"LineString","coordinates":[[-322.9,-1029.9],[-364.1,-1025.9],[-387.6,-1025.9],[-417.9,-1026.6]]}},{"type":"Feature","properties":{"kind":"rail","class":"rail","name":"UP Geneva Subdivision"},"geometry":{"type":"LineString","coordinates":[[-205.4,-1113.6],[-234.4,-1085.5]]}},{"type":"Feature","properties":{"kind":"rail","class":"rail","name":"UP Geneva Subdivision"},"geometry":{"type":"LineString","coordinates":[[-234.6,-1079.2],[-249.9,-1068.2],[-263.8,-1060.2],[-301.8,-1044.8]]}},{"type":"Feature","properties":{"kind":"rail","class":"rail","name":"UP Harvard Subdivision"},"geometry":{"type":"LineString","coordinates":[[-140.8,-1182.4],[-146.4,-1166.1],[-151.1,-1155.5],[-158.4,-1140.4],[-165.3,-1128.6],[-187.8,-1097.3],[-200.3,-1084]]}},{"type":"Feature","properties":{"kind":"rail","class":"rail","name":"UP Harvard Subdivision"},"geometry":{"type":"LineString","coordinates":[[-374.2,-993.2],[-419.8,-975.2]]}},{"type":"Feature","properties":{"kind":"rail","class":"rail","name":"UP Harvard Subdivision"},"geometry":{"type":"LineString","coordinates":[[-444.7,-961.4],[-419.8,-975.2]]}},{"type":"Feature","properties":{"kind":"rail","class":"rail","name":"UP Geneva Subdivision"},"geometry":{"type":"LineString","coordinates":[[-234.4,-1085.5],[-249.5,-1073.8],[-263.9,-1065.2],[-284.6,-1055.7],[-301.7,-1049.6]]}},{"type":"Feature","properties":{"kind":"rail","class":"rail","name":"UP Geneva Subdivision"},"geometry":{"type":"LineString","coordinates":[[-322.7,-1039.6],[-340,-1036.9],[-362.6,-1035.6],[-386.7,-1035.2],[-417.8,-1035.1]]}},{"type":"Feature","properties":{"kind":"rail","class":"rail","name":"UP Geneva Subdivision"},"geometry":{"type":"LineString","coordinates":[[-274.8,-1048.9],[-288.9,-1044],[-301.9,-1039.9]]}},{"type":"Feature","properties":{"kind":"rail","class":"rail","name":"UP Harvard Subdivision"},"geometry":{"type":"LineString","coordinates":[[-419.3,-990.2],[-444.2,-976.8]]}},{"type":"Feature","properties":{"kind":"rail","class":"rail","name":"UP Harvard Subdivision"},"geometry":{"type":"LineString","coordinates":[[-406.2,-995.4],[-366,-1011.8],[-346,-1019.8]]}},{"type":"Feature","properties":{"kind":"rail","class":"rail","name":"UP Harvard Subdivision"},"geometry":{"type":"LineString","coordinates":[[-444.2,-976.8],[-486.1,-947.4],[-528.2,-901.7]]}},{"type":"Feature","properties":{"kind":"rail","class":"rail","name":"UP Geneva Subdivision"},"geometry":{"type":"LineString","coordinates":[[-234.9,-1072.1],[-247.1,-1063.2],[-259.8,-1056.1],[-274.8,-1048.9]]}},{"type":"Feature","properties":{"kind":"rail","class":"rail","name":"UP Geneva Subdivision"},"geometry":{"type":"LineString","coordinates":[[-168.2,-1176.7],[-186.9,-1138.6],[-195.2,-1126.5],[-205.4,-1113.6]]}},{"type":"Feature","properties":{"kind":"rail","class":"rail","name":"UP Geneva Subdivision"},"geometry":{"type":"LineString","coordinates":[[-151.4,-1180.3],[-157.7,-1163.8],[-163.9,-1150.2],[-187.5,-1113.2]]}},{"type":"Feature","properties":{"kind":"rail","class":"rail","name":"UP Geneva Subdivision"},"geometry":{"type":"LineString","coordinates":[[-187.5,-1113.2],[-198,-1100.3],[-209.2,-1087.7],[-220.3,-1077.5],[-235,-1066.3]]}},{"type":"Feature","properties":{"kind":"rail","class":"rail","name":"UP Geneva Subdivision"},"geometry":{"type":"LineString","coordinates":[[-235,-1066.3],[-250.5,-1055.1]]}},{"type":"Feature","properties":{"kind":"rail","class":"rail","name":"UP Geneva Subdivision"},"geometry":{"type":"LineString","coordinates":[[-162.6,-1177.8],[-170,-1160.3],[-176.5,-1147],[-199.5,-1113.4]]}},{"type":"Feature","properties":{"kind":"rail","class":"rail","name":"UP Geneva Subdivision"},"geometry":{"type":"LineString","coordinates":[[-193.2,-1113.3],[-200.2,-1104.8],[-211,-1092.9],[-223.9,-1081.3],[-234.9,-1072.1]]}},{"type":"Feature","properties":{"kind":"rail","class":"rail","name":"UP Geneva Subdivision"},"geometry":{"type":"LineString","coordinates":[[-199.5,-1113.4],[-234.6,-1079.2]]}},{"type":"Feature","properties":{"kind":"rail","class":"rail","name":"UP Geneva Subdivision"},"geometry":{"type":"LineString","coordinates":[[-156.9,-1179.2],[-164.3,-1160.7],[-170.3,-1148.6],[-193.2,-1113.3]]}},{"type":"Feature","properties":{"kind":"rail","class":"rail","name":"UP Harvard Subdivision"},"geometry":{"type":"LineString","coordinates":[[-200.3,-1084],[-216.5,-1069.2],[-235.4,-1054.6]]}},{"type":"Feature","properties":{"kind":"rail","class":"rail","name":"UP Harvard Subdivision"},"geometry":{"type":"LineString","coordinates":[[-146,-1181.4],[-167,-1134.2],[-185.9,-1107.2]]}},{"type":"Feature","properties":{"kind":"road","class":"secondary","name":"North Lake Shore Drive"},"geometry":{"type":"LineString","coordinates":[[1213.6,350.5],[1211.9,340.7],[1231.1,262.7]]}},{"type":"Feature","properties":{"kind":"road","class":"secondary","name":"East Ohio Street"},"geometry":{"type":"LineString","coordinates":[[916.1,-749.7],[1028.1,-747.3]]}},{"type":"Feature","properties":{"kind":"road","class":"secondary","name":"North Orleans Street"},"geometry":{"type":"LineString","coordinates":[[168.4,-496.5],[166.2,-409.4]]}},{"type":"Feature","properties":{"kind":"road","class":"residential","name":"North Dearborn Street"},"geometry":{"type":"LineString","coordinates":[[767.8,146.1],[758.5,515.9]]}},{"type":"Feature","properties":{"kind":"road","class":"tertiary","name":"West Erie Street"},"geometry":{"type":"LineString","coordinates":[[170.7,-585.8],[-191.5,-592]]}},{"type":"Feature","properties":{"kind":"road","class":"residential","name":"North Larrabee Street"},"geometry":{"type":"LineString","coordinates":[[-313.8,-415.7],[-316.4,-320.7]]}},{"type":"Feature","properties":{"kind":"road","class":"tertiary","name":"North Larrabee Street"},"geometry":{"type":"LineString","coordinates":[[-326.3,127.8],[-336.9,492.8]]}},{"type":"Feature","properties":{"kind":"rail","class":"subway","name":"North Side Main Line"},"geometry":{"type":"LineString","coordinates":[[-78.1,1235.6],[-531.5,1228.1]]}},{"type":"Feature","properties":{"kind":"road","class":"tertiary","name":"East Lower North Water Street"},"geometry":{"type":"LineString","coordinates":[[1701,-1078.2],[1569,-1068.4],[1459,-1063.9],[1455.7,-1061],[1453.1,-1055.5],[1452.8,-1053.2],[1451.8,-1016.5],[1450.7,-1011.8],[1446.2,-1008.9],[1376.3,-1010.5],[1365.4,-1011.3],[1335.7,-1015],[1318.4,-1019.1],[1303.5,-1023],[1246.7,-1045.2],[1145,-1069.2]]}},{"type":"Feature","properties":{"kind":"road","class":"tertiary","name":"North Rush Street"},"geometry":{"type":"LineString","coordinates":[[1144.3,-1011.5],[1142.4,-922.1]]}},{"type":"Feature","properties":{"kind":"road","class":"tertiary","name":"North Rush Street"},"geometry":{"type":"LineString","coordinates":[[1145,-1069.2],[1144.8,-1060.6]]}},{"type":"Feature","properties":{"kind":"road","class":"tertiary","name":"North Rush Street"},"geometry":{"type":"LineString","coordinates":[[1144.8,-1060.6],[1144.5,-1019.9],[1144.3,-1011.5]]}},{"type":"Feature","properties":{"kind":"road","class":"tertiary","name":"East Huron Street"},"geometry":{"type":"LineString","coordinates":[[1225.7,-476.7],[910.6,-484.1]]}},{"type":"Feature","properties":{"kind":"road","class":"tertiary","name":"East Hubbard Street"},"geometry":{"type":"LineString","coordinates":[[1043.2,-1013.5],[1169.8,-1010.7]]}},{"type":"Feature","properties":{"kind":"road","class":"secondary","name":"East Illinois Street"},"geometry":{"type":"LineString","coordinates":[[1142.4,-922.1],[1219.9,-921]]}},{"type":"Feature","properties":{"kind":"road","class":"tertiary","name":"North Rush Street"},"geometry":{"type":"LineString","coordinates":[[1134.2,-567.9],[1132,-390.4]]}},{"type":"Feature","properties":{"kind":"road","class":"secondary","name":"North Wells Street"},"geometry":{"type":"LineString","coordinates":[[417.5,-671],[420.3,-757.7]]}},{"type":"Feature","properties":{"kind":"road","class":"tertiary","name":"North Rush Street"},"geometry":{"type":"LineString","coordinates":[[1141.7,-894.2],[1141.1,-869.2],[1140.9,-862]]}},{"type":"Feature","properties":{"kind":"road","class":"tertiary","name":"North Rush Street"},"geometry":{"type":"LineString","coordinates":[[1140.2,-834.1],[1138.5,-744.7]]}},{"type":"Feature","properties":{"kind":"road","class":"tertiary","name":"North Wabash Avenue"},"geometry":{"type":"LineString","coordinates":[[1010.2,-9.9],[1012.8,-100.8]]}},{"type":"Feature","properties":{"kind":"road","class":"residential","name":"West Scott Street"},"geometry":{"type":"LineString","coordinates":[[-340.5,641.4],[-637.2,634.4],[-650.9,636.3],[-743.5,634.8]]}},{"type":"Feature","properties":{"kind":"road","class":"residential","name":"North Hudson Avenue"},"geometry":{"type":"LineString","coordinates":[[-61.9,-288.6],[-74.6,133.3]]}},{"type":"Feature","properties":{"kind":"road","class":"secondary","name":"North Orleans Street"},"geometry":{"type":"LineString","coordinates":[[182.9,-1159.2],[181.5,-1132.6]]}},{"type":"Feature","properties":{"kind":"road","class":"secondary","name":"West Grand Avenue"},"geometry":{"type":"LineString","coordinates":[[145.3,-853.6],[-21.5,-856.3]]}},{"type":"Feature","properties":{"kind":"road","class":"secondary","name":"West Illinois Street"},"geometry":{"type":"LineString","coordinates":[[296.6,-938.5],[423.9,-935.7]]}},{"type":"Feature","properties":{"kind":"road","class":"tertiary","name":"West Huron Street"},"geometry":{"type":"LineString","coordinates":[[781.1,-487.2],[658.7,-489.4]]}},{"type":"Feature","properties":{"kind":"road","class":"primary","name":"West North Avenue"},"geometry":{"type":"LineString","coordinates":[[205.9,1319],[86.5,1316.7]]}},{"type":"Feature","properties":{"kind":"road","class":"tertiary","name":"West Huron Street"},"geometry":{"type":"LineString","coordinates":[[413.7,-493.7],[288.4,-495.6]]}},{"type":"Feature","properties":{"kind":"road","class":"secondary","name":"West Kinzie Street"},"geometry":{"type":"LineString","coordinates":[[835.5,-1106.7],[923.3,-1105.3]]}},{"type":"Feature","properties":{"kind":"road","class":"residential","name":"North Canal Street"},"geometry":{"type":"LineString","coordinates":[[-205.3,-917.1],[-251.4,-946.5]]}},{"type":"Feature","properties":{"kind":"road","class":"residential","name":"West Walton Street"},"geometry":{"type":"LineString","coordinates":[[898.1,75.9],[781.4,72],[779.7,71.2],[769.8,66.4]]}},{"type":"Feature","properties":{"kind":"road","class":"residential","name":"West Delaware Place"},"geometry":{"type":"LineString","coordinates":[[771.5,-14.7],[900.1,-13]]}},{"type":"Feature","properties":{"kind":"road","class":"tertiary","name":"East Delaware Place"},"geometry":{"type":"LineString","coordinates":[[900.1,-13],[1010.2,-9.9]]}},{"type":"Feature","properties":{"kind":"road","class":"pedestrian"},"geometry":{"type":"LineString","coordinates":[[-243.2,-691],[-249.3,-685.2],[-258.8,-662],[-261.5,-658.3],[-265.2,-655.1],[-288.5,-645.8],[-303.2,-629.9],[-330.7,-618.2],[-339,-604.2],[-339.7,-593.3],[-340.8,-593.7],[-341.6,-594.1],[-352.2,-571.3],[-372.8,-552.5],[-376.7,-521.6],[-379.8,-521.7],[-382.9,-521.7],[-378.8,-555.3],[-360.4,-571.5],[-357,-575.4],[-353.4,-580.8],[-345.6,-600.2],[-346.5,-600.5],[-350.8,-589.5],[-355.7,-591.4],[-348.9,-608.1],[-348,-607.7],[-346.9,-607.2],[-353,-592.2],[-351.5,-591.6],[-346.4,-604],[-344.4,-603.3],[-336.4,-619.2],[-333.4,-622.4],[-329.9,-625.9],[-307,-636.1],[-293.2,-650.5],[-269.2,-660.3],[-262,-668.4],[-258,-683],[-256,-687],[-253.6,-690.5],[-248.6,-696],[-245.9,-693.4],[-243.2,-691]]}},{"type":"Feature","properties":{"kind":"road","class":"tertiary","name":"East Pearson Street"},"geometry":{"type":"LineString","coordinates":[[904.5,-191.2],[1236.6,-185.4]]}},{"type":"Feature","properties":{"kind":"rail","class":"subway","name":"State Street Subway"},"geometry":{"type":"LineString","coordinates":[[535.9,515.9],[7,503.6],[-12.2,504.1],[-22.2,505],[-33.4,508.8],[-44.2,516],[-62.5,531.1],[-86.3,554.5],[-125.2,591.7]]}},{"type":"Feature","properties":{"kind":"rail","class":"subway","name":"State Street Subway"},"geometry":{"type":"LineString","coordinates":[[893.2,433.2],[889.6,459.4],[885.1,472.9],[874.7,490.3],[861.5,504.5],[847.5,513.8],[833.1,519.7],[812.3,521.6]]}},{"type":"Feature","properties":{"kind":"rail","class":"subway","name":"State Street Subway"},"geometry":{"type":"LineString","coordinates":[[934.8,-1569.5],[932.5,-1506.8],[929.5,-1479.8],[928.3,-1388],[924.2,-1258.4],[925.2,-1171.8],[926.9,-1093.4],[918.9,-793.4]]}},{"type":"Feature","properties":{"kind":"road","class":"residential","name":"West Schiller Street"},"geometry":{"type":"LineString","coordinates":[[627.3,948.8],[511.5,933.3]]}},{"type":"Feature","properties":{"kind":"road","class":"residential","name":"West Schiller Street"},"geometry":{"type":"LineString","coordinates":[[499.8,931.7],[56.3,923.2]]}},{"type":"Feature","properties":{"kind":"road","class":"residential","name":"North Meyer Avenue"},"geometry":{"type":"LineString","coordinates":[[-199.8,1501.9],[-194.5,1342.1]]}},{"type":"Feature","properties":{"kind":"road","class":"secondary","name":"West Division Street"},"geometry":{"type":"LineString","coordinates":[[139.5,501.8],[66.5,500.2]]}},{"type":"Feature","properties":{"kind":"road","class":"secondary","name":"North Clybourn Avenue"},"geometry":{"type":"LineString","coordinates":[[-174.6,633.9],[-304,758.2]]}},{"type":"Feature","properties":{"kind":"road","class":"tertiary","name":"North Wabash Avenue"},"geometry":{"type":"LineString","coordinates":[[1019.3,-282.6],[1012.8,-100.8]]}},{"type":"Feature","properties":{"kind":"road","class":"secondary","name":"West Ontario Street"},"geometry":{"type":"LineString","coordinates":[[-117.9,-680],[-166.3,-680.8]]}},{"type":"Feature","properties":{"kind":"road","class":"residential","name":"North Cambridge Avenue"},"geometry":{"type":"LineString","coordinates":[[-228.4,129.9],[-217.3,-253.7]]}},{"type":"Feature","properties":{"kind":"road","class":"residential","name":"North Kingsbury Street"},"geometry":{"type":"LineString","coordinates":[[-338.6,-152.9],[-467.3,53.2]]}},{"type":"Feature","properties":{"kind":"road","class":"residential","name":"North Cambridge Avenue"},"geometry":{"type":"LineString","coordinates":[[-199.6,-305.8],[-204.4,-291.5],[-217.3,-253.7]]}},{"type":"Feature","properties":{"kind":"road","class":"tertiary","name":"West Huron Street"},"geometry":{"type":"LineString","coordinates":[[288.4,-495.6],[168.4,-496.5]]}},{"type":"Feature","properties":{"kind":"road","class":"residential","name":"West Huron Street"},"geometry":{"type":"LineString","coordinates":[[168.4,-496.5],[-311.9,-504.8]]}},{"type":"Feature","properties":{"kind":"road","class":"residential","name":"West Superior Street"},"geometry":{"type":"LineString","coordinates":[[166.2,-409.4],[-313.8,-415.7]]}},{"type":"Feature","properties":{"kind":"road","class":"tertiary","name":"North Wabash Avenue"},"geometry":{"type":"LineString","coordinates":[[1026.6,-659.2],[1020.9,-392.6]]}},{"type":"Feature","properties":{"kind":"road","class":"residential","name":"North Sedgwick Street"},"geometry":{"type":"LineString","coordinates":[[38.7,-284.7],[32.8,-36.9]]}},{"type":"Feature","properties":{"kind":"road","class":"residential","name":"West Goethe Street"},"geometry":{"type":"LineString","coordinates":[[445.8,717.4],[495,718.5],[504.5,718.7]]}},{"type":"Feature","properties":{"kind":"road","class":"secondary","name":"North Dearborn Street"},"geometry":{"type":"LineString","coordinates":[[793,-1107.2],[791.4,-1018.7]]}},{"type":"Feature","properties":{"kind":"road","class":"residential","name":"West Oak Street"},"geometry":{"type":"LineString","coordinates":[[-326.3,127.8],[-74.6,133.3],[-67.1,131.6]]}},{"type":"Feature","properties":{"kind":"road","class":"pedestrian"},"geometry":{"type":"LineString","coordinates":[[1414,1507.8],[1403.4,1505.7],[1392.6,1503.4],[1376.3,1498.4],[1362.3,1492.8],[1326.9,1472.1],[1242.3,1387.9],[1199,1340.5],[1199.6,1328.9],[1187.3,1338.9],[1296.4,1450.8],[1332.6,1481.4],[1344.2,1488.5],[1356.8,1495],[1367.9,1499.8],[1382.4,1504.6],[1412.6,1512.2],[1436,1514.2],[1450.4,1515.5],[1463.5,1518.4],[1476.2,1521.7],[1520.4,1543.8],[1530.6,1552.4],[1538.2,1560.1],[1555.3,1585.1],[1566,1613.6],[1568.8,1640.5],[1566.8,1692.8],[1569.3,1693.8],[1568.2,1696.6],[1565.7,1695.6],[1555.4,1711],[1541.6,1718.9],[1519.9,1719.3],[1505.3,1711.8],[1504,1713.8],[1502.7,1715.6],[1506.6,1718.5],[1512,1721.4],[1517.7,1723.5],[1523.8,1724.5],[1530.7,1724.7],[1536.8,1724.5],[1553.4,1718.3],[1565.3,1706.1],[1569.2,1699.7],[1571.1,1694.4],[1573.6,1633.3],[1568.3,1604],[1554.3,1573.4],[1529.2,1544.9],[1518,1536.7],[1505.7,1529.8],[1487.9,1521.4],[1471.9,1514.9],[1459,1511.6],[1414,1507.8]]}},{"type":"Feature","properties":{"kind":"road","class":"residential","name":"West Elm Street"},"geometry":{"type":"LineString","coordinates":[[390.5,401.3],[467.1,402.5]]}},{"type":"Feature","properties":{"kind":"road","class":"residential","name":"West Goethe Street"},"geometry":{"type":"LineString","coordinates":[[382.7,715.9],[61.5,707.7]]}},{"type":"Feature","properties":{"kind":"road","class":"residential","name":"East North Boulevard"},"geometry":{"type":"LineString","coordinates":[[1006.4,1325.6],[1013.4,1325.7],[1021.4,1326.7],[1030.3,1332.9],[1031.9,1344.2],[1026.3,1351.6],[1017.3,1353.3],[1013,1352],[1009.1,1348.6],[1006.6,1344.2],[1005.9,1341.1],[1006.4,1325.6]]}},{"type":"Feature","properties":{"kind":"road","class":"secondary","name":"North State Street"},"geometry":{"type":"LineString","coordinates":[[922.5,-1031.7],[923.3,-1105.3]]}},{"type":"Feature","properties":{"kind":"road","class":"tertiary","name":"North Clark Street"},"geometry":{"type":"LineString","coordinates":[[647.4,59.2],[651.7,-141.8]]}},{"type":"Feature","properties":{"kind":"rail","class":"subway","name":"State Street Subway"},"geometry":{"type":"LineString","coordinates":[[888,433.2],[921.6,-1093.5],[921.4,-1171],[919.7,-1256.4],[927.6,-1569.8]]}},{"type":"Feature","properties":{"kind":"rail","class":"subway","name":"State Street Subway"},"geometry":{"type":"LineString","coordinates":[[-130.1,585.3],[-46.7,507.3],[-34.6,499.9],[-19.4,496.1],[-0.2,494.8],[387.9,505.6],[813.8,513.5]]}},{"type":"Feature","properties":{"kind":"rail","class":"subway","name":"State Street Subway"},"geometry":{"type":"LineString","coordinates":[[-1018.7,1434.8],[-130.1,585.3]]}},{"type":"Feature","properties":{"kind":"road","class":"tertiary","name":"North Clark Street"},"geometry":{"type":"LineString","coordinates":[[624.3,1123.8],[627.3,948.8]]}},{"type":"Feature","properties":{"kind":"road","class":"tertiary","name":"North Clark Street"},"geometry":{"type":"LineString","coordinates":[[645.6,144.3],[646.2,114.5]]}},{"type":"Feature","properties":{"kind":"road","class":"secondary","name":"West Kinzie Street"},"geometry":{"type":"LineString","coordinates":[[611.4,-1111.1],[651.9,-1110.1]]}},{"type":"Feature","properties":{"kind":"road","class":"secondary","name":"West Kinzie Street"},"geometry":{"type":"LineString","coordinates":[[547.5,-1113.2],[556.4,-1113]]}},{"type":"Feature","properties":{"kind":"road","class":"residential","name":"North Ogden Avenue"},"geometry":{"type":"LineString","coordinates":[[-468.4,1080.2],[-527.9,969.7]]}},{"type":"Feature","properties":{"kind":"road","class":"pedestrian","name":"West Burton Place"},"geometry":{"type":"LineString","coordinates":[[427.5,1094.4],[374.1,1093.4]]}},{"type":"Feature","properties":{"kind":"road","class":"tertiary","name":"North Orleans Street"},"geometry":{"type":"LineString","coordinates":[[140.9,465.3],[140.3,482.3],[139.5,501.8]]}},{"type":"Feature","properties":{"kind":"road","class":"residential","name":"North Jefferson Street"},"geometry":{"type":"LineString","coordinates":[[-314.7,-1139.4],[-312.1,-1211.7]]}},{"type":"Feature","properties":{"kind":"road","class":"tertiary","name":"North Larrabee Street"},"geometry":{"type":"LineString","coordinates":[[-343.5,795.7],[-346.1,917.6]]}},{"type":"Feature","properties":{"kind":"road","class":"tertiary","name":"North Larrabee Street"},"geometry":{"type":"LineString","coordinates":[[-356.7,1336.3],[-374.1,2099.3]]}},{"type":"Feature","properties":{"kind":"road","class":"residential","name":"North Hudson Avenue"},"geometry":{"type":"LineString","coordinates":[[-54.9,1313.8],[-62.4,1626.9]]}},{"type":"Feature","properties":{"kind":"road","class":"residential","name":"North Mohawk Street"},"geometry":{"type":"LineString","coordinates":[[-256,1310.1],[-269.3,1901.5]]}},{"type":"Feature","properties":{"kind":"road","class":"residential","name":"North North Park Avenue"},"geometry":{"type":"LineString","coordinates":[[205.9,1319],[196.5,1715.5]]}},{"type":"Feature","properties":{"kind":"road","class":"primary","name":"West North Avenue"},"geometry":{"type":"LineString","coordinates":[[206.3,1304.8],[250,1305.9]]}},{"type":"Feature","properties":{"kind":"road","class":"primary","name":"West North Avenue"},"geometry":{"type":"LineString","coordinates":[[369.3,1307.8],[444.3,1308.9]]}},{"type":"Feature","properties":{"kind":"road","class":"secondary","name":"West Division Street"},"geometry":{"type":"LineString","coordinates":[[-99.4,497.1],[-293.4,493.4]]}},{"type":"Feature","properties":{"kind":"road","class":"residential","name":"West Oak Street"},"geometry":{"type":"LineString","coordinates":[[150.9,136.9],[397.7,140.6]]}},{"type":"Feature","properties":{"kind":"road","class":"secondary","name":"North Milwaukee Avenue"},"geometry":{"type":"LineString","coordinates":[[-482.6,-1078.9],[-448,-1108.8]]}},{"type":"Feature","properties":{"kind":"road","class":"secondary","name":"North Orleans Street"},"geometry":{"type":"LineString","coordinates":[[180.4,-1071.3],[179.5,-1030]]}},{"type":"Feature","properties":{"kind":"road","class":"secondary","name":"East Ontario Street"},"geometry":{"type":"LineString","coordinates":[[1136.6,-656.7],[1026.6,-659.2]]}},{"type":"Feature","properties":{"kind":"road","class":"tertiary","name":"West Oak Street"},"geometry":{"type":"LineString","coordinates":[[767.8,146.1],[896.1,148.3]]}},{"type":"Feature","properties":{"kind":"road","class":"secondary","name":"North Wabash Avenue"},"geometry":{"type":"LineString","coordinates":[[1032.9,-1091.2],[1015.5,-1114.7]]}},{"type":"Feature","properties":{"kind":"road","class":"tertiary","name":"East Walton Street"},"geometry":{"type":"LineString","coordinates":[[1235,83.3],[994.9,77.9]]}},{"type":"Feature","properties":{"kind":"road","class":"tertiary","name":"North Clark Street"},"geometry":{"type":"LineString","coordinates":[[640.5,428.4],[642.8,286]]}},{"type":"Feature","properties":{"kind":"road","class":"secondary","name":"West Division Street"},"geometry":{"type":"LineString","coordinates":[[639,514],[626.3,513.8],[594.2,513.1]]}},{"type":"Feature","properties":{"kind":"road","class":"residential","name":"West Walton Street"},"geometry":{"type":"LineString","coordinates":[[769.8,66.4],[758.2,61.7],[676,60]]}},{"type":"Feature","properties":{"kind":"road","class":"secondary","name":"North Dearborn Street"},"geometry":{"type":"LineString","coordinates":[[788.2,-841.7],[785.8,-751.9]]}},{"type":"Feature","properties":{"kind":"road","class":"secondary","name":"North Lake Shore Drive"},"geometry":{"type":"LineString","coordinates":[[1061,1326.2],[1062,1323.2],[1066.3,1312.4],[1068.6,1297.7],[1075.6,1135.4]]}},{"type":"Feature","properties":{"kind":"road","class":"secondary","name":"West Division Street"},"geometry":{"type":"LineString","coordinates":[[66.5,500.2],[46.2,499.7]]}},{"type":"Feature","properties":{"kind":"road","class":"primary","name":"North LaSalle Drive"},"geometry":{"type":"LineString","coordinates":[[491.5,1509],[490.7,1502.3],[489.7,1473],[490.4,1356.3]]}},{"type":"Feature","properties":{"kind":"road","class":"secondary","name":"North Wells Street"},"geometry":{"type":"LineString","coordinates":[[409.3,-295.4],[411.7,-405.3]]}},{"type":"Feature","properties":{"kind":"road","class":"secondary","name":"West Chicago Avenue"},"geometry":{"type":"LineString","coordinates":[[277.7,-297.2],[203.9,-298.3]]}},{"type":"Feature","properties":{"kind":"road","class":"tertiary","name":"East Chestnut Street"},"geometry":{"type":"LineString","coordinates":[[1238.2,-96.4],[902.3,-102.9]]}},{"type":"Feature","properties":{"kind":"road","class":"motorway","name":"North Jean Baptiste Point DuSable Lake Shore Drive"},"geometry":{"type":"LineString","coordinates":[[1182.1,745.4],[1126.3,1040.4],[1115.7,1118.9]]}},{"type":"Feature","properties":{"kind":"road","class":"motorway","name":"North Jean Baptiste Point DuSable Lake Shore Drive"},"geometry":{"type":"LineString","coordinates":[[1061.5,1489.5],[1077.8,1441.3],[1085.4,1408.2],[1088.4,1375.1],[1089.4,1351.4],[1091.1,1263.4]]}},{"type":"Feature","properties":{"kind":"road","class":"secondary","name":"North Wells Street"},"geometry":{"type":"LineString","coordinates":[[415.6,-581.6],[415.8,-591.6],[416.5,-621.7]]}},{"type":"Feature","properties":{"kind":"road","class":"secondary","name":"West Ontario Street"},"geometry":{"type":"LineString","coordinates":[[417.5,-671],[291.5,-673.4]]}},{"type":"Feature","properties":{"kind":"road","class":"secondary","name":"West Illinois Street"},"geometry":{"type":"LineString","coordinates":[[790,-930.1],[799.7,-929.9],[884.4,-928]]}},{"type":"Feature","properties":{"kind":"road","class":"secondary","name":"North State Street"},"geometry":{"type":"LineString","coordinates":[[919.2,-899.3],[918.4,-868]]}},{"type":"Feature","properties":{"kind":"road","class":"residential","name":"West Sullivan Street"},"geometry":{"type":"LineString","coordinates":[[-142.2,737],[-43.7,739.1]]}},{"type":"Feature","properties":{"kind":"road","class":"secondary","name":"East Grand Avenue"},"geometry":{"type":"LineString","coordinates":[[1235.5,-832.3],[1187.4,-833]]}},{"type":"Feature","properties":{"kind":"road","class":"tertiary","name":"North Rush Street"},"geometry":{"type":"LineString","coordinates":[[963.2,166.4],[906.3,327.8],[896.1,344.4]]}},{"type":"Feature","properties":{"kind":"road","class":"pedestrian","name":"North Avenue Beach Breakwater"},"geometry":{"type":"LineString","coordinates":[[1289.2,533.8],[1187.1,914.9],[1178.9,965.4],[1171.6,1010.9],[1163.6,1090.5],[1159.6,1180.4],[1163.1,1215.4],[1166.5,1226.6],[1189.6,1259.7],[1193.9,1268],[1196.7,1280],[1199.6,1328.9],[1190.3,1336],[1184.7,1330.5],[1185,1321],[1183.1,1321],[1181.7,1321],[1177.7,1274.5],[1151.1,1230.3],[1145,1204.6],[1143.9,1168.1],[1144.7,1132.4],[1146.8,1090.7],[1151,1046.1],[1155.7,1005.5],[1211,729.6],[1238.1,633.3],[1244.8,633.4],[1245.6,630.5],[1246.3,627.6],[1240.5,624.3],[1276.3,490.5],[1279.5,491.4],[1271,528.7],[1289.2,533.8]]}},{"type":"Feature","properties":{"kind":"road","class":"residential","name":"West Ohio Street"},"geometry":{"type":"LineString","coordinates":[[-705.2,-774.7],[-442.9,-769.7]]}},{"type":"Feature","properties":{"kind":"road","class":"secondary","name":"North LaSalle Drive"},"geometry":{"type":"LineString","coordinates":[[553.8,-1023],[552.1,-932.9]]}},{"type":"Feature","properties":{"kind":"road","class":"secondary","name":"West Kinzie Street"},"geometry":{"type":"LineString","coordinates":[[556.4,-1113],[586.4,-1111.9]]}},{"type":"Feature","properties":{"kind":"road","class":"secondary","name":"North LaSalle Drive"},"geometry":{"type":"LineString","coordinates":[[522.5,511.9],[517.3,718.9]]}},{"type":"Feature","properties":{"kind":"road","class":"secondary","name":"North Lake Shore Drive"},"geometry":{"type":"LineString","coordinates":[[1240.4,300.6],[1213.6,350.5]]}},{"type":"Feature","properties":{"kind":"road","class":"motorway","name":"West Ohio Street"},"geometry":{"type":"LineString","coordinates":[[-155.1,-738.3],[-187.5,-739]]}},{"type":"Feature","properties":{"kind":"road","class":"motorway","name":"West Ohio Street"},"geometry":{"type":"LineString","coordinates":[[-154.8,-751.4],[-11.1,-748.6]]}},{"type":"Feature","properties":{"kind":"road","class":"primary","name":"West North Avenue"},"geometry":{"type":"LineString","coordinates":[[503.7,1316.9],[491.1,1316.8]]}},{"type":"Feature","properties":{"kind":"road","class":"tertiary","name":"North Clark Street"},"geometry":{"type":"LineString","coordinates":[[622.5,1230.4],[625.7,1241.2],[619.5,1291]]}},{"type":"Feature","properties":{"kind":"road","class":"tertiary","name":"North Clark Street"},"geometry":{"type":"LineString","coordinates":[[639,514],[639.7,480.2]]}},{"type":"Feature","properties":{"kind":"road","class":"tertiary","name":"North Clark Street"},"geometry":{"type":"LineString","coordinates":[[638.1,558.1],[639,514]]}},{"type":"Feature","properties":{"kind":"road","class":"tertiary","name":"North Clark Street"},"geometry":{"type":"LineString","coordinates":[[627.3,948.8],[629,909]]}},{"type":"Feature","properties":{"kind":"road","class":"tertiary","name":"North Clark Street"},"geometry":{"type":"LineString","coordinates":[[608.7,1345],[619.1,1318.5]]}},{"type":"Feature","properties":{"kind":"road","class":"tertiary","name":"North Clark Street"},"geometry":{"type":"LineString","coordinates":[[542.4,1491.9],[605.9,1350.9]]}},{"type":"Feature","properties":{"kind":"road","class":"tertiary","name":"North Clark Street"},"geometry":{"type":"LineString","coordinates":[[629.5,888.6],[633.9,720.9]]}},{"type":"Feature","properties":{"kind":"road","class":"secondary","name":"North Clybourn Avenue"},"geometry":{"type":"LineString","coordinates":[[-304,758.2],[-334.7,787.4],[-343.5,795.7]]}},{"type":"Feature","properties":{"kind":"road","class":"secondary","name":"North Clybourn Avenue"},"geometry":{"type":"LineString","coordinates":[[-343.5,795.7],[-351.5,803.2],[-373.7,824.1]]}},{"type":"Feature","properties":{"kind":"road","class":"secondary","name":"North Clybourn Avenue"},"geometry":{"type":"LineString","coordinates":[[-491,934.8],[-522,963.8],[-527.9,969.7]]}},{"type":"Feature","properties":{"kind":"road","class":"secondary","name":"North Clybourn Avenue"},"geometry":{"type":"LineString","coordinates":[[-398.4,847.2],[-473.4,918.1]]}},{"type":"Feature","properties":{"kind":"road","class":"secondary","name":"North LaSalle Drive"},"geometry":{"type":"LineString","coordinates":[[499,964.2],[499.5,940.9],[499.8,931.7]]}},{"type":"Feature","properties":{"kind":"road","class":"secondary","name":"North LaSalle Drive"},"geometry":{"type":"LineString","coordinates":[[504.5,1256.1],[503.9,1305.6],[503.7,1316.9]]}},{"type":"Feature","properties":{"kind":"road","class":"secondary","name":"North LaSalle Drive"},"geometry":{"type":"LineString","coordinates":[[499.8,931.7],[499.9,927.2],[503.7,754.6]]}},{"type":"Feature","properties":{"kind":"road","class":"secondary","name":"North LaSalle Drive"},"geometry":{"type":"LineString","coordinates":[[511.5,933.3],[507.6,1064.6]]}},{"type":"Feature","properties":{"kind":"road","class":"secondary","name":"North LaSalle Drive"},"geometry":{"type":"LineString","coordinates":[[503.7,754.6],[504.4,724.9],[504.5,718.7]]}},{"type":"Feature","properties":{"kind":"road","class":"secondary","name":"North LaSalle Drive"},"geometry":{"type":"LineString","coordinates":[[506.7,1095],[506.6,1103.1],[504.9,1227]]}},{"type":"Feature","properties":{"kind":"road","class":"secondary","name":"North LaSalle Drive"},"geometry":{"type":"LineString","coordinates":[[512.2,906.1],[511.6,927.5],[511.5,933.3]]}},{"type":"Feature","properties":{"kind":"road","class":"secondary","name":"North LaSalle Drive"},"geometry":{"type":"LineString","coordinates":[[523.8,436.4],[522.8,502.5],[522.5,511.9]]}},{"type":"Feature","properties":{"kind":"road","class":"secondary","name":"North LaSalle Drive"},"geometry":{"type":"LineString","coordinates":[[507.6,1064.6],[506.9,1088.4],[506.7,1095]]}},{"type":"Feature","properties":{"kind":"road","class":"secondary","name":"North LaSalle Drive"},"geometry":{"type":"LineString","coordinates":[[508.3,550.5],[509,520.9],[509.2,511.6]]}},{"type":"Feature","properties":{"kind":"road","class":"secondary","name":"North LaSalle Drive"},"geometry":{"type":"LineString","coordinates":[[524,426.3],[523.8,436.4]]}},{"type":"Feature","properties":{"kind":"road","class":"secondary","name":"North LaSalle Drive"},"geometry":{"type":"LineString","coordinates":[[504.5,718.7],[508.3,550.5]]}},{"type":"Feature","properties":{"kind":"road","class":"secondary","name":"North LaSalle Drive"},"geometry":{"type":"LineString","coordinates":[[496.8,1043],[499,964.2]]}},{"type":"Feature","properties":{"kind":"road","class":"primary","name":"North LaSalle Drive"},"geometry":{"type":"LineString","coordinates":[[490.4,1356.3],[490.8,1332.6],[491.1,1316.8]]}},{"type":"Feature","properties":{"kind":"road","class":"primary","name":"North LaSalle Drive"},"geometry":{"type":"LineString","coordinates":[[503.7,1316.9],[503.5,1329.9],[502,1444.2]]}},{"type":"Feature","properties":{"kind":"road","class":"tertiary","name":"North Orleans Street"},"geometry":{"type":"LineString","coordinates":[[142.2,436.3],[141.5,450.7]]}},{"type":"Feature","properties":{"kind":"road","class":"secondary","name":"North State Street"},"geometry":{"type":"LineString","coordinates":[[869.1,459.7],[869.8,443.1],[870.2,434.2]]}},{"type":"Feature","properties":{"kind":"road","class":"secondary","name":"North State Street"},"geometry":{"type":"LineString","coordinates":[[870.2,434.2],[872.9,424.3],[876.7,412.2]]}},{"type":"Feature","properties":{"kind":"road","class":"secondary","name":"North State Street"},"geometry":{"type":"LineString","coordinates":[[867.7,492.1],[868.4,475.2],[869.1,459.7]]}},{"type":"Feature","properties":{"kind":"road","class":"secondary","name":"West Division Street"},"geometry":{"type":"LineString","coordinates":[[-6,498.6],[-34.2,498.5]]}},{"type":"Feature","properties":{"kind":"road","class":"secondary","name":"West Division Street"},"geometry":{"type":"LineString","coordinates":[[553.2,512.3],[522.5,511.9]]}},{"type":"Feature","properties":{"kind":"road","class":"secondary","name":"West Division Street"},"geometry":{"type":"LineString","coordinates":[[-416.8,490.8],[-436.4,490.3],[-442.2,490.2]]}},{"type":"Feature","properties":{"kind":"road","class":"secondary","name":"West Division Street"},"geometry":{"type":"LineString","coordinates":[[522.5,511.9],[509.2,511.6]]}},{"type":"Feature","properties":{"kind":"road","class":"secondary","name":"West Division Street"},"geometry":{"type":"LineString","coordinates":[[-34.2,498.5],[-74,497.5],[-99.4,497.1]]}},{"type":"Feature","properties":{"kind":"road","class":"secondary","name":"West Division Street"},"geometry":{"type":"LineString","coordinates":[[-475.9,489.6],[-513.2,488.9]]}},{"type":"Feature","properties":{"kind":"road","class":"secondary","name":"West Division Street"},"geometry":{"type":"LineString","coordinates":[[-293.4,493.4],[-328.8,492.8],[-336.9,492.8]]}},{"type":"Feature","properties":{"kind":"road","class":"secondary","name":"West Division Street"},"geometry":{"type":"LineString","coordinates":[[866.6,518.1],[840.5,517.5]]}},{"type":"Feature","properties":{"kind":"road","class":"secondary","name":"West Division Street"},"geometry":{"type":"LineString","coordinates":[[509.2,511.6],[499.4,511.4],[478.8,510.9]]}},{"type":"Feature","properties":{"kind":"road","class":"secondary","name":"West Division Street"},"geometry":{"type":"LineString","coordinates":[[-442.2,490.2],[-475.9,489.6]]}},{"type":"Feature","properties":{"kind":"road","class":"secondary","name":"West Division Street"},"geometry":{"type":"LineString","coordinates":[[-336.9,492.8],[-346.4,492.5],[-377.2,491.8]]}},{"type":"Feature","properties":{"kind":"road","class":"secondary","name":"West Division Street"},"geometry":{"type":"LineString","coordinates":[[-377.2,491.8],[-416.8,490.8]]}},{"type":"Feature","properties":{"kind":"road","class":"secondary","name":"West Division Street"},"geometry":{"type":"LineString","coordinates":[[181,503.2],[139.5,501.8]]}},{"type":"Feature","properties":{"kind":"road","class":"secondary","name":"West Division Street"},"geometry":{"type":"LineString","coordinates":[[46.2,499.7],[5.4,498.9],[-6,498.6]]}},{"type":"Feature","properties":{"kind":"road","class":"secondary","name":"West Division Street"},"geometry":{"type":"LineString","coordinates":[[-513.2,488.9],[-712.1,485.1]]}},{"type":"Feature","properties":{"kind":"road","class":"secondary","name":"West Division Street"},"geometry":{"type":"LineString","coordinates":[[387.5,508.4],[181,503.2]]}},{"type":"Feature","properties":{"kind":"road","class":"primary","name":"West North Avenue"},"geometry":{"type":"LineString","coordinates":[[-196.4,1297.9],[-154.5,1298.6]]}},{"type":"Feature","properties":{"kind":"road","class":"primary","name":"West North Avenue"},"geometry":{"type":"LineString","coordinates":[[2.8,1301.4],[47.2,1302.2]]}},{"type":"Feature","properties":{"kind":"road","class":"primary","name":"West North Avenue"},"geometry":{"type":"LineString","coordinates":[[-115.3,1299.4],[-98.3,1299.7]]}},{"type":"Feature","properties":{"kind":"road","class":"primary","name":"West North Avenue"},"geometry":{"type":"LineString","coordinates":[[336.3,1307.3],[369.3,1307.8]]}},{"type":"Feature","properties":{"kind":"road","class":"primary","name":"West North Avenue"},"geometry":{"type":"LineString","coordinates":[[464.6,1309.2],[481,1314],[491.1,1316.8]]}},{"type":"Feature","properties":{"kind":"road","class":"primary","name":"West North Avenue"},"geometry":{"type":"LineString","coordinates":[[398.2,1322],[368.9,1321.6]]}},{"type":"Feature","properties":{"kind":"road","class":"primary","name":"West North Avenue"},"geometry":{"type":"LineString","coordinates":[[250,1305.9],[286.7,1306.6]]}},{"type":"Feature","properties":{"kind":"road","class":"primary","name":"West North Avenue"},"geometry":{"type":"LineString","coordinates":[[237.1,1319.5],[214.6,1319.2],[205.9,1319]]}},{"type":"Feature","properties":{"kind":"road","class":"tertiary","name":"West North Avenue"},"geometry":{"type":"LineString","coordinates":[[532.6,1317.3],[512.2,1317],[503.7,1316.9]]}},{"type":"Feature","properties":{"kind":"road","class":"primary","name":"West North Avenue"},"geometry":{"type":"LineString","coordinates":[[-127.2,1312.2],[-154.8,1311.8]]}},{"type":"Feature","properties":{"kind":"road","class":"primary","name":"West North Avenue"},"geometry":{"type":"LineString","coordinates":[[286.7,1306.6],[336.3,1307.3]]}},{"type":"Feature","properties":{"kind":"road","class":"primary","name":"West North Avenue"},"geometry":{"type":"LineString","coordinates":[[164.6,1304.1],[206.3,1304.8]]}},{"type":"Feature","properties":{"kind":"road","class":"primary","name":"West North Avenue"},"geometry":{"type":"LineString","coordinates":[[-154.5,1298.6],[-145.9,1298.8],[-115.3,1299.4]]}},{"type":"Feature","properties":{"kind":"road","class":"primary","name":"West North Avenue"},"geometry":{"type":"LineString","coordinates":[[86.5,1316.7],[54.3,1316.2],[46.9,1316.1]]}},{"type":"Feature","properties":{"kind":"road","class":"primary","name":"West North Avenue"},"geometry":{"type":"LineString","coordinates":[[368.9,1321.6],[357.3,1321.4],[286.4,1320.2]]}},{"type":"Feature","properties":{"kind":"road","class":"primary","name":"West North Avenue"},"geometry":{"type":"LineString","coordinates":[[-154.8,1311.8],[-163.6,1311.6],[-236.3,1310.5]]}},{"type":"Feature","properties":{"kind":"road","class":"primary","name":"West North Avenue"},"geometry":{"type":"LineString","coordinates":[[47.2,1302.2],[164.6,1304.1]]}},{"type":"Feature","properties":{"kind":"road","class":"primary","name":"West North Avenue"},"geometry":{"type":"LineString","coordinates":[[-342.9,1304.6],[-345.8,1304.5],[-356,1303.9]]}},{"type":"Feature","properties":{"kind":"road","class":"primary","name":"West North Avenue"},"geometry":{"type":"LineString","coordinates":[[-98.3,1299.7],[-53,1300.5],[2.8,1301.4]]}},{"type":"Feature","properties":{"kind":"road","class":"primary","name":"West North Avenue"},"geometry":{"type":"LineString","coordinates":[[-355.8,1295.3],[-196.4,1297.9]]}},{"type":"Feature","properties":{"kind":"road","class":"primary","name":"West North Avenue"},"geometry":{"type":"LineString","coordinates":[[46.9,1316.1],[-127.2,1312.2]]}},{"type":"Feature","properties":{"kind":"road","class":"secondary","name":"North Orleans Street"},"geometry":{"type":"LineString","coordinates":[[177.1,-880.8],[176.7,-862.4],[176.5,-852.8]]}},{"type":"Feature","properties":{"kind":"road","class":"secondary","name":"North Orleans Street"},"geometry":{"type":"LineString","coordinates":[[177.6,-910.5],[177.4,-896],[177.1,-880.8]]}},{"type":"Feature","properties":{"kind":"road","class":"secondary","name":"North Orleans Street"},"geometry":{"type":"LineString","coordinates":[[171.5,-616.4],[170.7,-585.8]]}},{"type":"Feature","properties":{"kind":"road","class":"secondary","name":"North Orleans Street"},"geometry":{"type":"LineString","coordinates":[[175.4,-792.4],[174.7,-759.4]]}},{"type":"Feature","properties":{"kind":"road","class":"secondary","name":"North Orleans Street"},"geometry":{"type":"LineString","coordinates":[[174.7,-759.4],[173,-675.4]]}},{"type":"Feature","properties":{"kind":"road","class":"secondary","name":"North Orleans Street"},"geometry":{"type":"LineString","coordinates":[[178,-940.7],[177.8,-930.1],[177.6,-910.5]]}},{"type":"Feature","properties":{"kind":"road","class":"secondary","name":"North Orleans Street"},"geometry":{"type":"LineString","coordinates":[[178.7,-966.7],[178.2,-950.1],[178,-940.7]]}},{"type":"Feature","properties":{"kind":"road","class":"secondary","name":"North Orleans Street"},"geometry":{"type":"LineString","coordinates":[[172.2,-644.6],[173,-675.4]]}},{"type":"Feature","properties":{"kind":"road","class":"secondary","name":"North Orleans Street"},"geometry":{"type":"LineString","coordinates":[[170.7,-585.8],[170.4,-575.9],[170,-557.5]]}},{"type":"Feature","properties":{"kind":"road","class":"secondary","name":"North Orleans Street"},"geometry":{"type":"LineString","coordinates":[[179.3,-999],[179.1,-985.7],[178.7,-966.7]]}},{"type":"Feature","properties":{"kind":"road","class":"secondary","name":"North Orleans Street"},"geometry":{"type":"LineString","coordinates":[[176.5,-852.8],[176.3,-841.2],[176,-822.3]]}},{"type":"Feature","properties":{"kind":"road","class":"secondary","name":"North Orleans Street"},"geometry":{"type":"LineString","coordinates":[[176,-822.3],[175.4,-792.4]]}},{"type":"Feature","properties":{"kind":"road","class":"secondary","name":"North Dearborn Street"},"geometry":{"type":"LineString","coordinates":[[785.8,-751.9],[784.6,-663.6]]}},{"type":"Feature","properties":{"kind":"road","class":"secondary","name":"North LaSalle Drive"},"geometry":{"type":"LineString","coordinates":[[517.8,142.4],[525.7,-246.5]]}},{"type":"Feature","properties":{"kind":"road","class":"secondary","name":"North LaSalle Drive"},"geometry":{"type":"LineString","coordinates":[[533.1,-712.4],[533.3,-755.9]]}},{"type":"Feature","properties":{"kind":"road","class":"secondary","name":"North LaSalle Drive"},"geometry":{"type":"LineString","coordinates":[[537,-991],[537.4,-1012.7],[537.6,-1023.4]]}},{"type":"Feature","properties":{"kind":"road","class":"secondary","name":"North LaSalle Drive"},"geometry":{"type":"LineString","coordinates":[[530.7,-550.6],[531,-569.3],[531.1,-579.6]]}},{"type":"Feature","properties":{"kind":"road","class":"secondary","name":"North LaSalle Drive"},"geometry":{"type":"LineString","coordinates":[[546.1,-699.1],[545.8,-678.6],[545.6,-668.4]]}},{"type":"Feature","properties":{"kind":"road","class":"secondary","name":"North LaSalle Drive"},"geometry":{"type":"LineString","coordinates":[[544.9,-635.8],[544.2,-589.2],[543.9,-579.2]]}},{"type":"Feature","properties":{"kind":"road","class":"secondary","name":"North LaSalle Drive"},"geometry":{"type":"LineString","coordinates":[[545.6,-668.4],[544.9,-635.8]]}},{"type":"Feature","properties":{"kind":"road","class":"secondary","name":"North LaSalle Drive"},"geometry":{"type":"LineString","coordinates":[[554.4,-1055.4],[553.9,-1032.3],[553.8,-1023]]}},{"type":"Feature","properties":{"kind":"road","class":"secondary","name":"North LaSalle Drive"},"geometry":{"type":"LineString","coordinates":[[551.9,-923.9],[550.4,-846.6]]}},{"type":"Feature","properties":{"kind":"road","class":"secondary","name":"North LaSalle Drive"},"geometry":{"type":"LineString","coordinates":[[534.5,-856.1],[535.8,-933.4]]}},{"type":"Feature","properties":{"kind":"road","class":"secondary","name":"North LaSalle Drive"},"geometry":{"type":"LineString","coordinates":[[535.8,-933.4],[537,-991]]}},{"type":"Feature","properties":{"kind":"road","class":"secondary","name":"North LaSalle Drive"},"geometry":{"type":"LineString","coordinates":[[556.4,-1113],[554.4,-1055.4]]}},{"type":"Feature","properties":{"kind":"road","class":"secondary","name":"North LaSalle Drive"},"geometry":{"type":"LineString","coordinates":[[531.1,-579.6],[532.6,-668.7]]}},{"type":"Feature","properties":{"kind":"road","class":"secondary","name":"North LaSalle Drive"},"geometry":{"type":"LineString","coordinates":[[533.3,-755.9],[534.1,-847]]}},{"type":"Feature","properties":{"kind":"road","class":"secondary","name":"North LaSalle Drive"},"geometry":{"type":"LineString","coordinates":[[550.4,-846.6],[547.3,-755.6]]}},{"type":"Feature","properties":{"kind":"road","class":"secondary","name":"North LaSalle Drive"},"geometry":{"type":"LineString","coordinates":[[539.8,-292.5],[531.1,101.2]]}},{"type":"Feature","properties":{"kind":"road","class":"secondary","name":"North State Street"},"geometry":{"type":"LineString","coordinates":[[921.5,-987.5],[922.2,-1016.3]]}},{"type":"Feature","properties":{"kind":"road","class":"secondary","name":"North State Street"},"geometry":{"type":"LineString","coordinates":[[915.5,-720.9],[916,-739],[916.1,-749.7]]}},{"type":"Feature","properties":{"kind":"road","class":"secondary","name":"North State Street"},"geometry":{"type":"LineString","coordinates":[[916.1,-749.7],[918,-839.2]]}},{"type":"Feature","properties":{"kind":"road","class":"secondary","name":"North State Street"},"geometry":{"type":"LineString","coordinates":[[914.3,-660.9],[914.8,-689]]}},{"type":"Feature","properties":{"kind":"road","class":"secondary","name":"North State Street"},"geometry":{"type":"LineString","coordinates":[[914.8,-689],[915.5,-720.9]]}},{"type":"Feature","properties":{"kind":"road","class":"secondary","name":"North State Street"},"geometry":{"type":"LineString","coordinates":[[922.2,-1016.3],[922.4,-1025.5],[922.5,-1031.7]]}},{"type":"Feature","properties":{"kind":"road","class":"secondary","name":"North State Street"},"geometry":{"type":"LineString","coordinates":[[918.4,-868],[918,-839.2]]}},{"type":"Feature","properties":{"kind":"road","class":"secondary","name":"North State Street"},"geometry":{"type":"LineString","coordinates":[[919.9,-927.2],[919.2,-899.3]]}},{"type":"Feature","properties":{"kind":"road","class":"motorway","name":"West Ohio Street"},"geometry":{"type":"LineString","coordinates":[[-11.1,-748.6],[73.3,-751.8],[112.4,-754.8]]}},{"type":"Feature","properties":{"kind":"road","class":"secondary","name":"West Grand Avenue"},"geometry":{"type":"LineString","coordinates":[[707.2,-842.9],[664.8,-844.2]]}},{"type":"Feature","properties":{"kind":"road","class":"secondary","name":"West Grand Avenue"},"geometry":{"type":"LineString","coordinates":[[788.2,-841.7],[707.2,-842.9]]}},{"type":"Feature","properties":{"kind":"road","class":"secondary","name":"West Grand Avenue"},"geometry":{"type":"LineString","coordinates":[[176.5,-852.8],[163.7,-853.2],[145.3,-853.6]]}},{"type":"Feature","properties":{"kind":"road","class":"secondary","name":"West Grand Avenue"},"geometry":{"type":"LineString","coordinates":[[422.2,-849.2],[409.4,-849.4],[384.4,-850]]}},{"type":"Feature","properties":{"kind":"road","class":"secondary","name":"West Grand Avenue"},"geometry":{"type":"LineString","coordinates":[[853.7,-840.2],[797.9,-841.5],[788.2,-841.7]]}},{"type":"Feature","properties":{"kind":"road","class":"secondary","name":"West Grand Avenue"},"geometry":{"type":"LineString","coordinates":[[207.7,-852.5],[186.3,-852.8],[176.5,-852.8]]}},{"type":"Feature","properties":{"kind":"road","class":"secondary","name":"West Grand Avenue"},"geometry":{"type":"LineString","coordinates":[[496.4,-847.7],[422.2,-849.2]]}},{"type":"Feature","properties":{"kind":"road","class":"secondary","name":"West Grand Avenue"},"geometry":{"type":"LineString","coordinates":[[918,-839.2],[853.7,-840.2]]}},{"type":"Feature","properties":{"kind":"road","class":"secondary","name":"West Illinois Street"},"geometry":{"type":"LineString","coordinates":[[507.5,-934],[527.4,-933.6],[535.8,-933.4]]}},{"type":"Feature","properties":{"kind":"road","class":"secondary","name":"West Illinois Street"},"geometry":{"type":"LineString","coordinates":[[884.4,-928],[910.5,-927.4],[919.9,-927.2]]}},{"type":"Feature","properties":{"kind":"road","class":"secondary","name":"West Illinois Street"},"geometry":{"type":"LineString","coordinates":[[423.9,-935.7],[507.5,-934]]}},{"type":"Feature","properties":{"kind":"road","class":"tertiary","name":"North Clark Street"},"geometry":{"type":"LineString","coordinates":[[645,173.9],[645.6,144.3]]}},{"type":"Feature","properties":{"kind":"road","class":"tertiary","name":"North Clark Street"},"geometry":{"type":"LineString","coordinates":[[646.2,114.5],[647.4,59.2]]}},{"type":"Feature","properties":{"kind":"road","class":"secondary","name":"North Dearborn Street"},"geometry":{"type":"LineString","coordinates":[[777.5,-328.5],[776.7,-300.7],[776.4,-287.7]]}},{"type":"Feature","properties":{"kind":"road","class":"secondary","name":"North LaSalle Drive"},"geometry":{"type":"LineString","coordinates":[[513.7,324.2],[514.3,293],[514.5,283.8]]}},{"type":"Feature","properties":{"kind":"road","class":"secondary","name":"North LaSalle Drive"},"geometry":{"type":"LineString","coordinates":[[526.8,-292.7],[526.9,-305.7],[527.4,-345.9]]}},{"type":"Feature","properties":{"kind":"road","class":"secondary","name":"North LaSalle Drive"},"geometry":{"type":"LineString","coordinates":[[527.8,-373.2],[528.1,-393],[528.2,-403.1]]}},{"type":"Feature","properties":{"kind":"road","class":"secondary","name":"North LaSalle Drive"},"geometry":{"type":"LineString","coordinates":[[514.5,283.8],[514.7,275.6],[515.3,243.9]]}},{"type":"Feature","properties":{"kind":"road","class":"secondary","name":"North LaSalle Drive"},"geometry":{"type":"LineString","coordinates":[[543,-535.6],[542.3,-500.1],[542.1,-491.3]]}},{"type":"Feature","properties":{"kind":"road","class":"secondary","name":"North LaSalle Drive"},"geometry":{"type":"LineString","coordinates":[[516.6,181.7],[517.5,150.1],[517.8,142.4]]}},{"type":"Feature","properties":{"kind":"road","class":"secondary","name":"North LaSalle Drive"},"geometry":{"type":"LineString","coordinates":[[541,-343],[539.8,-292.5]]}},{"type":"Feature","properties":{"kind":"road","class":"secondary","name":"North LaSalle Drive"},"geometry":{"type":"LineString","coordinates":[[531.1,101.2],[530.4,133.7],[530.2,142.6]]}},{"type":"Feature","properties":{"kind":"road","class":"secondary","name":"North LaSalle Drive"},"geometry":{"type":"LineString","coordinates":[[543.9,-579.2],[543.7,-569.3],[543.3,-548.5]]}},{"type":"Feature","properties":{"kind":"road","class":"secondary","name":"North LaSalle Drive"},"geometry":{"type":"LineString","coordinates":[[525.7,-246.5],[526.4,-277.8],[526.8,-292.7]]}},{"type":"Feature","properties":{"kind":"road","class":"secondary","name":"North LaSalle Drive"},"geometry":{"type":"LineString","coordinates":[[530.2,142.6],[527.5,284.2]]}},{"type":"Feature","properties":{"kind":"road","class":"secondary","name":"North LaSalle Drive"},"geometry":{"type":"LineString","coordinates":[[542.1,-491.3],[542.3,-402.8]]}},{"type":"Feature","properties":{"kind":"road","class":"secondary","name":"North LaSalle Drive"},"geometry":{"type":"LineString","coordinates":[[511.5,426],[511.7,419.6],[513.7,324.2]]}},{"type":"Feature","properties":{"kind":"road","class":"secondary","name":"North LaSalle Drive"},"geometry":{"type":"LineString","coordinates":[[528.2,-403.1],[529.8,-491.7]]}},{"type":"Feature","properties":{"kind":"road","class":"secondary","name":"North Orleans Street"},"geometry":{"type":"LineString","coordinates":[[164.2,-331.7],[163.4,-298.7]]}},{"type":"Feature","properties":{"kind":"road","class":"tertiary","name":"North Orleans Street"},"geometry":{"type":"LineString","coordinates":[[163.4,-298.7],[163,-283.9],[162.5,-265]]}},{"type":"Feature","properties":{"kind":"road","class":"secondary","name":"North State Street"},"geometry":{"type":"LineString","coordinates":[[908.9,-395.3],[910.6,-484.1]]}},{"type":"Feature","properties":{"kind":"road","class":"secondary","name":"North State Street"},"geometry":{"type":"LineString","coordinates":[[906.4,-285.2],[907.6,-323.5]]}},{"type":"Feature","properties":{"kind":"road","class":"secondary","name":"North State Street"},"geometry":{"type":"LineString","coordinates":[[905.4,-236.9],[906.2,-271.7],[906.4,-285.2]]}},{"type":"Feature","properties":{"kind":"road","class":"secondary","name":"North State Street"},"geometry":{"type":"LineString","coordinates":[[911.9,-547],[912.1,-562.9],[912.4,-572.7]]}},{"type":"Feature","properties":{"kind":"road","class":"secondary","name":"North State Street"},"geometry":{"type":"LineString","coordinates":[[907.6,-323.5],[908,-343.5],[908.6,-373.3]]}},{"type":"Feature","properties":{"kind":"road","class":"secondary","name":"North State Street"},"geometry":{"type":"LineString","coordinates":[[911.2,-515.9],[911.5,-527.9],[911.9,-547]]}},{"type":"Feature","properties":{"kind":"road","class":"secondary","name":"North State Street"},"geometry":{"type":"LineString","coordinates":[[904.5,-191.2],[905.4,-236.9]]}},{"type":"Feature","properties":{"kind":"road","class":"secondary","name":"North State Street"},"geometry":{"type":"LineString","coordinates":[[912.4,-572.7],[914.3,-660.9]]}},{"type":"Feature","properties":{"kind":"road","class":"secondary","name":"North State Street"},"geometry":{"type":"LineString","coordinates":[[910.6,-484.1],[911.2,-515.9]]}},{"type":"Feature","properties":{"kind":"road","class":"secondary","name":"North State Street"},"geometry":{"type":"LineString","coordinates":[[908.6,-373.3],[908.8,-385.4],[908.9,-395.3]]}},{"type":"Feature","properties":{"kind":"road","class":"secondary","name":"East Chicago Avenue"},"geometry":{"type":"LineString","coordinates":[[951.2,-284.1],[964.7,-283.6],[1009.5,-283]]}},{"type":"Feature","properties":{"kind":"road","class":"secondary","name":"East Chicago Avenue"},"geometry":{"type":"LineString","coordinates":[[906.4,-285.2],[917.5,-285.1],[951.2,-284.1]]}},{"type":"Feature","properties":{"kind":"road","class":"secondary","name":"East Chicago Avenue"},"geometry":{"type":"LineString","coordinates":[[1009.5,-283],[1019.3,-282.6]]}},{"type":"Feature","properties":{"kind":"road","class":"secondary","name":"North State Street"},"geometry":{"type":"LineString","coordinates":[[898.1,75.9],[898.4,65.8],[898.7,54.5]]}},{"type":"Feature","properties":{"kind":"road","class":"secondary","name":"North State Street"},"geometry":{"type":"LineString","coordinates":[[896.6,127.3],[897.8,85.3],[898.1,75.9]]}},{"type":"Feature","properties":{"kind":"road","class":"secondary","name":"North State Street"},"geometry":{"type":"LineString","coordinates":[[895.2,183.4],[895.4,175.2],[895.7,164.5]]}},{"type":"Feature","properties":{"kind":"road","class":"secondary","name":"North State Street"},"geometry":{"type":"LineString","coordinates":[[896.1,148.3],[896.6,127.3]]}},{"type":"Feature","properties":{"kind":"road","class":"secondary","name":"North State Street"},"geometry":{"type":"LineString","coordinates":[[899.7,17.2],[900.1,-13]]}},{"type":"Feature","properties":{"kind":"road","class":"secondary","name":"North State Street"},"geometry":{"type":"LineString","coordinates":[[898.7,54.5],[899.7,17.2]]}},{"type":"Feature","properties":{"kind":"road","class":"secondary","name":"North State Street"},"geometry":{"type":"LineString","coordinates":[[900.1,-13],[904.5,-191.2]]}},{"type":"Feature","properties":{"kind":"road","class":"secondary","name":"West Chicago Avenue"},"geometry":{"type":"LineString","coordinates":[[484.2,-293.6],[517.2,-292.9],[526.8,-292.7]]}},{"type":"Feature","properties":{"kind":"road","class":"secondary","name":"West Chicago Avenue"},"geometry":{"type":"LineString","coordinates":[[539.8,-292.5],[579.9,-291.7]]}},{"type":"Feature","properties":{"kind":"road","class":"secondary","name":"West Chicago Avenue"},"geometry":{"type":"LineString","coordinates":[[741.2,-288.4],[776.4,-287.7]]}},{"type":"Feature","properties":{"kind":"road","class":"secondary","name":"West Chicago Avenue"},"geometry":{"type":"LineString","coordinates":[[448.5,-294.3],[484.2,-293.6]]}},{"type":"Feature","properties":{"kind":"road","class":"secondary","name":"West Chicago Avenue"},"geometry":{"type":"LineString","coordinates":[[122.2,-299.2],[153,-298.8],[163.4,-298.7]]}},{"type":"Feature","properties":{"kind":"road","class":"secondary","name":"West Chicago Avenue"},"geometry":{"type":"LineString","coordinates":[[526.8,-292.7],[539.8,-292.5]]}},{"type":"Feature","properties":{"kind":"road","class":"secondary","name":"West Chicago Avenue"},"geometry":{"type":"LineString","coordinates":[[655.2,-290.1],[698,-289.3]]}},{"type":"Feature","properties":{"kind":"road","class":"secondary","name":"West Chicago Avenue"},"geometry":{"type":"LineString","coordinates":[[203.9,-298.3],[174,-298.6],[163.4,-298.7]]}},{"type":"Feature","properties":{"kind":"road","class":"secondary","name":"West Chicago Avenue"},"geometry":{"type":"LineString","coordinates":[[409.3,-295.4],[420.6,-295.1],[448.5,-294.3]]}},{"type":"Feature","properties":{"kind":"road","class":"secondary","name":"West Chicago Avenue"},"geometry":{"type":"LineString","coordinates":[[866.5,-285.9],[896.4,-285.4],[906.4,-285.2]]}},{"type":"Feature","properties":{"kind":"road","class":"secondary","name":"West Chicago Avenue"},"geometry":{"type":"LineString","coordinates":[[698,-289.3],[741.2,-288.4]]}},{"type":"Feature","properties":{"kind":"road","class":"secondary","name":"West Chicago Avenue"},"geometry":{"type":"LineString","coordinates":[[607.9,-291.1],[643.8,-290.4],[655.2,-290.1]]}},{"type":"Feature","properties":{"kind":"road","class":"secondary","name":"West Grand Avenue"},"geometry":{"type":"LineString","coordinates":[[-98.8,-859.4],[-127.8,-862.9],[-136.8,-863.5]]}},{"type":"Feature","properties":{"kind":"road","class":"secondary","name":"West Grand Avenue"},"geometry":{"type":"LineString","coordinates":[[-21.5,-856.3],[-51,-856.8],[-60.4,-856.9]]}},{"type":"Feature","properties":{"kind":"road","class":"secondary","name":"West Grand Avenue"},"geometry":{"type":"LineString","coordinates":[[-60.4,-856.9],[-71.5,-857.3],[-98.8,-859.4]]}},{"type":"Feature","properties":{"kind":"road","class":"secondary","name":"West Chicago Avenue"},"geometry":{"type":"LineString","coordinates":[[-234.6,-306.1],[-210.3,-306],[-199.6,-305.8]]}},{"type":"Feature","properties":{"kind":"road","class":"secondary","name":"West Chicago Avenue"},"geometry":{"type":"LineString","coordinates":[[-314.7,-307],[-306,-306.7],[-234.6,-306.1]]}},{"type":"Feature","properties":{"kind":"road","class":"secondary","name":"West Chicago Avenue"},"geometry":{"type":"LineString","coordinates":[[-353.3,-307.7],[-328.4,-307.2],[-314.7,-307]]}},{"type":"Feature","properties":{"kind":"road","class":"secondary","name":"West Chicago Avenue"},"geometry":{"type":"LineString","coordinates":[[-199.6,-305.8],[-189.9,-305.5],[-148.5,-304.6]]}},{"type":"Feature","properties":{"kind":"road","class":"secondary","name":"North Lake Shore Drive"},"geometry":{"type":"LineString","coordinates":[[1012.3,1443.4],[1016.9,1432.1],[1061,1326.2]]}},{"type":"Feature","properties":{"kind":"road","class":"secondary","name":"North LaSalle Drive"},"geometry":{"type":"LineString","coordinates":[[555.3,-1211.2],[557.3,-1146.5]]}},{"type":"Feature","properties":{"kind":"road","class":"secondary","name":"West Ontario Street"},"geometry":{"type":"LineString","coordinates":[[283.8,-673.5],[173,-675.4]]}},{"type":"Feature","properties":{"kind":"road","class":"secondary","name":"East Ohio Street"},"geometry":{"type":"LineString","coordinates":[[1147.5,-744.5],[1220,-743.1],[1231,-742.9]]}},{"type":"Feature","properties":{"kind":"road","class":"secondary","name":"East Chicago Avenue"},"geometry":{"type":"LineString","coordinates":[[1159.5,-280.3],[1185,-279.7]]}},{"type":"Feature","properties":{"kind":"road","class":"secondary","name":"East Chicago Avenue"},"geometry":{"type":"LineString","coordinates":[[1123.3,-281.2],[1133.2,-281],[1159.5,-280.3]]}},{"type":"Feature","properties":{"kind":"road","class":"secondary","name":"East Chicago Avenue"},"geometry":{"type":"LineString","coordinates":[[1019.3,-282.6],[1027.9,-282.5],[1075,-281.8]]}},{"type":"Feature","properties":{"kind":"road","class":"secondary","name":"East Chicago Avenue"},"geometry":{"type":"LineString","coordinates":[[1075,-281.8],[1113.8,-281.3],[1123.3,-281.2]]}},{"type":"Feature","properties":{"kind":"road","class":"secondary","name":"East Chicago Avenue"},"geometry":{"type":"LineString","coordinates":[[1185,-279.7],[1210.7,-279.1],[1226.7,-278.7]]}},{"type":"Feature","properties":{"kind":"road","class":"secondary","name":"North State Street"},"geometry":{"type":"LineString","coordinates":[[866.6,518.1],[867,509.5],[867.7,492.1]]}},{"type":"Feature","properties":{"kind":"road","class":"secondary","name":"North LaSalle Drive"},"geometry":{"type":"LineString","coordinates":[[538.6,-1146.7],[542.2,-1211.4]]}},{"type":"Feature","properties":{"kind":"road","class":"secondary","name":"West Kinzie Street"},"geometry":{"type":"LineString","coordinates":[[538,-1113.5],[547.5,-1113.2]]}},{"type":"Feature","properties":{"kind":"road","class":"tertiary","name":"East Superior Street"},"geometry":{"type":"LineString","coordinates":[[908.9,-395.3],[1132,-390.4]]}},{"type":"Feature","properties":{"kind":"road","class":"secondary","name":"North Clybourn Avenue"},"geometry":{"type":"LineString","coordinates":[[-34.2,498.5],[-61.3,524.6],[-69.9,532.9]]}},{"type":"Feature","properties":{"kind":"road","class":"secondary","name":"West Kinzie Street"},"geometry":{"type":"LineString","coordinates":[[-71.3,-1126.8],[-57.3,-1127.6]]}},{"type":"Feature","properties":{"kind":"road","class":"tertiary","name":"North Canal Street"},"geometry":{"type":"LineString","coordinates":[[-68.6,-1190.9],[-71.3,-1126.8]]}},{"type":"Feature","properties":{"kind":"road","class":"primary","name":"West North Avenue"},"geometry":{"type":"LineString","coordinates":[[286.4,1320.2],[237.1,1319.5]]}},{"type":"Feature","properties":{"kind":"road","class":"pedestrian","name":"Plaza of the Americas"},"geometry":{"type":"LineString","coordinates":[[1169.5,-998.6],[1170.1,-1021.4],[1222.7,-1019.7],[1222.8,-997.4],[1169.5,-998.6]]}},{"type":"Feature","properties":{"kind":"road","class":"secondary","name":"West Illinois Street"},"geometry":{"type":"LineString","coordinates":[[629.8,-932],[655.4,-931.8],[666.3,-931.6]]}},{"type":"Feature","properties":{"kind":"road","class":"secondary","name":"West Illinois Street"},"geometry":{"type":"LineString","coordinates":[[552.1,-932.9],[561.4,-932.8],[629.8,-932]]}},{"type":"Feature","properties":{"kind":"road","class":"tertiary","name":"East Superior Street"},"geometry":{"type":"LineString","coordinates":[[1132,-390.4],[1224.2,-388.1]]}},{"type":"Feature","properties":{"kind":"road","class":"tertiary","name":"North Larrabee Street"},"geometry":{"type":"LineString","coordinates":[[-337.6,525.3],[-343.5,795.7]]}},{"type":"Feature","properties":{"kind":"road","class":"secondary","name":"North Milwaukee Avenue"},"geometry":{"type":"LineString","coordinates":[[-553.2,-1017.6],[-550.9,-1021.7],[-499.3,-1068.6]]}},{"type":"Feature","properties":{"kind":"road","class":"motorway","name":"West Ohio Street"},"geometry":{"type":"LineString","coordinates":[[-474.9,-744.2],[-564.3,-744.6]]}},{"type":"Feature","properties":{"kind":"road","class":"pedestrian"},"geometry":{"type":"LineString","coordinates":[[573.6,960.9],[572.4,1030.4],[568.8,1040.9],[570.9,1046.1],[572.6,1047.2],[574.7,1047.4],[574.1,1050.5],[570.2,1050],[568.3,1052.1],[573.2,1065.7],[573.2,1070.7],[568.7,1075.9],[568.5,1084],[573.4,1089.3],[578.6,1088.1],[577,1076.5],[585.8,1075.4],[585.7,1077.4],[585.7,1079.2],[588.5,1079.2],[588.6,1093.9],[578.3,1091.3],[577.8,1094],[550.1,1092.8],[548,1100.7],[518.4,1099.7],[519,1063.7],[527.9,1064],[522.8,1068.6],[526.9,1076.5],[523.4,1085.2],[527.7,1091.4],[538.4,1085.3],[545.7,1090.3],[562.8,1084.2],[563.6,1068.6],[557.5,1066.5],[555.2,1061.4],[556.8,1054.1],[564,1047.2],[567.5,1013.4],[566.2,981.8],[568.2,982],[568.5,960.9],[573.6,960.9]]}},{"type":"Feature","properties":{"kind":"road","class":"pedestrian"},"geometry":{"type":"LineString","coordinates":[[563.5,1042.6],[565.7,1028.9],[544.2,1028.4],[544.4,1025.9],[523.7,1027.8],[523.9,1015.5],[523.9,1011.8],[521.9,1011.7],[520.3,1011.6],[519,1063.7],[534.2,1065.1],[541.6,1079],[547.6,1079],[557.5,1066.5],[555.2,1061.4],[542.3,1065.8],[539.1,1060.7],[538.7,1052.2],[537.1,1051.4],[534.9,1052.2],[529.9,1057.9],[524.4,1055.7],[523.4,1054.4],[522.9,1051.5],[525,1038.4],[529.2,1035.2],[531.3,1043.2],[533.3,1044.6],[536.4,1044.3],[543.1,1036.4],[547,1035.6],[550.6,1035.4],[554.6,1036.2],[557.7,1037.3],[563.5,1042.6]]}},{"type":"Feature","properties":{"kind":"road","class":"tertiary","name":"North Rush Street"},"geometry":{"type":"LineString","coordinates":[[1140.9,-862],[1140.4,-841.5],[1140.2,-834.1]]}},{"type":"Feature","properties":{"kind":"road","class":"tertiary","name":"North Orleans Street"},"geometry":{"type":"LineString","coordinates":[[143.4,395.6],[143.2,404.2],[142.2,436.3]]}},{"type":"Feature","properties":{"kind":"road","class":"motorway","name":"West Ohio Street"},"geometry":{"type":"LineString","coordinates":[[-324.3,-754.8],[-290.3,-754.1]]}},{"type":"Feature","properties":{"kind":"road","class":"motorway","name":"West Ohio Street"},"geometry":{"type":"LineString","coordinates":[[-325,-741.7],[-474.9,-744.2]]}},{"type":"Feature","properties":{"kind":"road","class":"pedestrian"},"geometry":{"type":"LineString","coordinates":[[567.6,1357.5],[581.2,1357.8],[581.1,1363.1],[583.8,1363.2],[578,1376.7],[573.9,1365.4],[570.9,1361],[567.6,1357.5]]}},{"type":"Feature","properties":{"kind":"road","class":"primary","name":"West North Avenue"},"geometry":{"type":"LineString","coordinates":[[-291.3,1307.3],[-342.9,1304.6]]}},{"type":"Feature","properties":{"kind":"road","class":"residential","name":"West North Boulevard"},"geometry":{"type":"LineString","coordinates":[[850.4,1323],[688.7,1319.7]]}},{"type":"Feature","properties":{"kind":"rail","class":"rail","name":"UP Geneva Subdivision"},"geometry":{"type":"LineString","coordinates":[[-417.8,-1035.1],[-443.4,-1035.4]]}},{"type":"Feature","properties":{"kind":"rail","class":"rail","name":"UP Geneva Subdivision"},"geometry":{"type":"LineString","coordinates":[[-520.9,-1032.2],[-485.7,-1032.2],[-443.5,-1031.1]]}},{"type":"Feature","properties":{"kind":"rail","class":"rail","name":"UP Geneva Subdivision"},"geometry":{"type":"LineString","coordinates":[[-443.4,-1039.8],[-511.6,-1040.5]]}},{"type":"Feature","properties":{"kind":"rail","class":"rail","name":"UP Geneva Subdivision"},"geometry":{"type":"LineString","coordinates":[[-443.5,-1031.1],[-417.8,-1030.7]]}},{"type":"Feature","properties":{"kind":"rail","class":"rail","name":"UP Geneva Subdivision"},"geometry":{"type":"LineString","coordinates":[[-322.6,-1044.4],[-334.1,-1042.3],[-352,-1040.5],[-417.7,-1039.4]]}},{"type":"Feature","properties":{"kind":"rail","class":"rail","name":"UP Geneva Subdivision"},"geometry":{"type":"LineString","coordinates":[[-417.7,-1039.4],[-443.4,-1039.8]]}},{"type":"Feature","properties":{"kind":"rail","class":"rail","name":"UP Geneva Subdivision"},"geometry":{"type":"LineString","coordinates":[[-322.8,-1034.8],[-340.9,-1032.4],[-359.5,-1031.1],[-380.1,-1030.9],[-417.8,-1030.7]]}},{"type":"Feature","properties":{"kind":"rail","class":"rail","name":"UP Geneva Subdivision"},"geometry":{"type":"LineString","coordinates":[[-443.5,-1026.9],[-417.9,-1026.6]]}},{"type":"Feature","properties":{"kind":"rail","class":"rail","name":"UP Geneva Subdivision"},"geometry":{"type":"LineString","coordinates":[[-525.6,-1027.9],[-443.5,-1026.9]]}},{"type":"Feature","properties":{"kind":"rail","class":"rail","name":"UP Geneva Subdivision"},"geometry":{"type":"LineString","coordinates":[[-443.4,-1035.4],[-516.2,-1036.3]]}},{"type":"Feature","properties":{"kind":"road","class":"residential","name":"West Schiller Street"},"geometry":{"type":"LineString","coordinates":[[858,944.8],[760.4,942]]}},{"type":"Feature","properties":{"kind":"road","class":"tertiary","name":"North Rush Street"},"geometry":{"type":"LineString","coordinates":[[1123.3,-281.2],[1026.2,-9.6]]}},{"type":"Feature","properties":{"kind":"road","class":"tertiary","name":"North Kingsbury Street"},"geometry":{"type":"LineString","coordinates":[[-195.9,-321],[-196.3,-319.3],[-199.6,-305.8]]}},{"type":"Feature","properties":{"kind":"road","class":"tertiary","name":"North Sedgwick Street"},"geometry":{"type":"LineString","coordinates":[[47,-315.4],[43,-300.8]]}},{"type":"Feature","properties":{"kind":"road","class":"residential","name":"West Hill Street"},"geometry":{"type":"LineString","coordinates":[[17.7,311.4],[145.8,311]]}},{"type":"Feature","properties":{"kind":"road","class":"secondary","name":"North Michigan Avenue"},"geometry":{"type":"LineString","coordinates":[[1226.7,-1101],[1218.1,-1150.7],[1209.5,-1199.4]]}},{"type":"Feature","properties":{"kind":"road","class":"pedestrian","name":"Wrigley Plaza"},"geometry":{"type":"LineString","coordinates":[[1214.9,-1044.6],[1156.2,-1058.5],[1156.5,-1067.7],[1156.7,-1075.1],[1202.6,-1064.2],[1214.9,-1044.6]]}},{"type":"Feature","properties":{"kind":"road","class":"secondary","name":"North Wabash Avenue"},"geometry":{"type":"LineString","coordinates":[[1006.9,-1220.6],[996.4,-1194.5],[995.9,-1185.2],[996.7,-1174.6],[1002.4,-1154.6],[1026.3,-1114.6]]}},{"type":"Feature","properties":{"kind":"road","class":"secondary","name":"North Wabash Avenue"},"geometry":{"type":"LineString","coordinates":[[1007.1,-1128.7],[992.6,-1152.3],[986.2,-1174.4],[987.6,-1196.7],[998.6,-1224.4]]}},{"type":"Feature","properties":{"kind":"road","class":"secondary","name":"West Chicago Avenue"},"geometry":{"type":"LineString","coordinates":[[836.9,-286.5],[843.7,-286.4]]}},{"type":"Feature","properties":{"kind":"road","class":"secondary","name":"West Chicago Avenue"},"geometry":{"type":"LineString","coordinates":[[843.7,-286.4],[866.5,-285.9]]}},{"type":"Feature","properties":{"kind":"rail","class":"subway"},"geometry":{"type":"LineString","coordinates":[[-210.4,1232.7],[-171.8,1230.1]]}},{"type":"Feature","properties":{"kind":"rail","class":"subway"},"geometry":{"type":"LineString","coordinates":[[286.9,-521.3],[291.5,-573.5]]}},{"type":"Feature","properties":{"kind":"rail","class":"subway"},"geometry":{"type":"LineString","coordinates":[[294.8,-942.4],[297.5,-890]]}},{"type":"Feature","properties":{"kind":"rail","class":"subway"},"geometry":{"type":"LineString","coordinates":[[917.9,-931.5],[919.1,-909.5],[920.9,-887.7]]}},{"type":"Feature","properties":{"kind":"rail","class":"subway"},"geometry":{"type":"LineString","coordinates":[[-130.1,585.3],[-108.2,569.8],[-86.3,554.5]]}},{"type":"Feature","properties":{"kind":"rail","class":"subway"},"geometry":{"type":"LineString","coordinates":[[-125.2,591.7],[-108.2,569.8],[-92.1,549.3]]}},{"type":"Feature","properties":{"kind":"road","class":"tertiary","name":"West Erie Street"},"geometry":{"type":"LineString","coordinates":[[660.2,-577.2],[782.7,-575]]}},{"type":"Feature","properties":{"kind":"road","class":"residential","name":"East Cedar Street"},"geometry":{"type":"LineString","coordinates":[[896.1,344.4],[1213.6,350.5]]}},{"type":"Feature","properties":{"kind":"road","class":"secondary","name":"North State Street"},"geometry":{"type":"LineString","coordinates":[[893.9,255.8],[895.2,183.4]]}},{"type":"Feature","properties":{"kind":"rail","class":"subway","name":"North Side Main Line"},"geometry":{"type":"LineString","coordinates":[[286.3,-450.4],[295.4,-969]]}},{"type":"Feature","properties":{"kind":"rail","class":"subway","name":"North Side Main Line"},"geometry":{"type":"LineString","coordinates":[[297.5,-890],[289.7,-450.3]]}},{"type":"Feature","properties":{"kind":"rail","class":"subway","name":"North Side Main Line"},"geometry":{"type":"LineString","coordinates":[[295.4,-969],[302.4,-994],[316.6,-1012.5],[333.8,-1023.2],[390.4,-1039.7],[405.2,-1050.7],[416.8,-1067],[422.4,-1090.1],[423.3,-1247.4]]}},{"type":"Feature","properties":{"kind":"rail","class":"subway","name":"North Side Main Line"},"geometry":{"type":"LineString","coordinates":[[430.7,-1247.3],[426.3,-1092.5],[422.4,-1071.9],[413,-1053.8],[398,-1040],[380.9,-1032.3],[330.7,-1017.7],[324.7,-1014],[319.8,-1010.4],[308,-996.7],[305.1,-991.6],[302.8,-986.6],[299.2,-972],[297.5,-890]]}},{"type":"Feature","properties":{"kind":"road","class":"motorway","name":"West Ohio Street"},"geometry":{"type":"LineString","coordinates":[[-999.4,-742.6],[-943,-741.5],[-802.4,-758.6],[-776.8,-760.4],[-741,-761.7],[-463.5,-757.7]]}},{"type":"Feature","properties":{"kind":"road","class":"motorway","name":"North Jean Baptiste Point DuSable Lake Shore Drive"},"geometry":{"type":"LineString","coordinates":[[1112.5,1181.8],[1107.8,1307.9],[1107.4,1351.2],[1106,1376.2],[1103.1,1400.5],[1098.7,1424.1],[1090,1456.6],[1072,1505.1]]}},{"type":"Feature","properties":{"kind":"road","class":"secondary","name":"West Kinzie Street"},"geometry":{"type":"LineString","coordinates":[[670.1,-1109.8],[780.2,-1107.6]]}},{"type":"Feature","properties":{"kind":"road","class":"primary","name":"West North Avenue"},"geometry":{"type":"LineString","coordinates":[[491.1,1316.8],[480.9,1318.7],[464.3,1323.1]]}},{"type":"Feature","properties":{"kind":"road","class":"secondary","name":"West Kinzie Street"},"geometry":{"type":"LineString","coordinates":[[436.7,-1116],[469.2,-1115]]}},{"type":"Feature","properties":{"kind":"road","class":"secondary","name":"West Kinzie Street"},"geometry":{"type":"LineString","coordinates":[[530.3,-1113.7],[538,-1113.5]]}},{"type":"Feature","properties":{"kind":"road","class":"secondary","name":"West Kinzie Street"},"geometry":{"type":"LineString","coordinates":[[425,-1116.4],[436.7,-1116]]}},{"type":"Feature","properties":{"kind":"road","class":"secondary","name":"West Kinzie Street"},"geometry":{"type":"LineString","coordinates":[[15.1,-1121],[85.4,-1120.8]]}},{"type":"Feature","properties":{"kind":"road","class":"secondary","name":"West Kinzie Street"},"geometry":{"type":"LineString","coordinates":[[93.2,-1120.7],[153.8,-1119.4]]}},{"type":"Feature","properties":{"kind":"road","class":"secondary","name":"West Kinzie Street"},"geometry":{"type":"LineString","coordinates":[[210.9,-1120.4],[302,-1118.9]]}},{"type":"Feature","properties":{"kind":"road","class":"secondary","name":"West Kinzie Street"},"geometry":{"type":"LineString","coordinates":[[414.8,-1116.8],[425,-1116.4]]}},{"type":"Feature","properties":{"kind":"road","class":"secondary","name":"West Kinzie Street"},"geometry":{"type":"LineString","coordinates":[[469.2,-1115],[500.9,-1114.3]]}},{"type":"Feature","properties":{"kind":"road","class":"secondary","name":"West Kinzie Street"},"geometry":{"type":"LineString","coordinates":[[500.9,-1114.3],[530.3,-1113.7]]}},{"type":"Feature","properties":{"kind":"road","class":"secondary","name":"West Kinzie Street"},"geometry":{"type":"LineString","coordinates":[[586.4,-1111.9],[596.6,-1111.6]]}},{"type":"Feature","properties":{"kind":"road","class":"secondary","name":"West Kinzie Street"},"geometry":{"type":"LineString","coordinates":[[651.9,-1110.1],[670.1,-1109.8]]}},{"type":"Feature","properties":{"kind":"road","class":"secondary","name":"West Kinzie Street"},"geometry":{"type":"LineString","coordinates":[[596.6,-1111.6],[611.4,-1111.1]]}},{"type":"Feature","properties":{"kind":"road","class":"secondary","name":"West Hubbard Street"},"geometry":{"type":"LineString","coordinates":[[922.2,-1016.3],[791.4,-1018.7]]}},{"type":"Feature","properties":{"kind":"road","class":"secondary","name":"West Hubbard Street"},"geometry":{"type":"LineString","coordinates":[[588.3,-1022.3],[563.3,-1022.8],[553.8,-1023]]}},{"type":"Feature","properties":{"kind":"road","class":"secondary","name":"West Hubbard Street"},"geometry":{"type":"LineString","coordinates":[[553.8,-1023],[545.9,-1023.2],[537.6,-1023.4]]}},{"type":"Feature","properties":{"kind":"road","class":"residential","name":"West Hubbard Street"},"geometry":{"type":"LineString","coordinates":[[-404.5,-1007],[-395.8,-1009.9],[-313.1,-1008.8]]}},{"type":"Feature","properties":{"kind":"road","class":"secondary","name":"West Ohio Street"},"geometry":{"type":"LineString","coordinates":[[663.2,-753.8],[785.8,-751.9]]}},{"type":"Feature","properties":{"kind":"road","class":"residential","name":"North Cleveland Avenue"},"geometry":{"type":"LineString","coordinates":[[-164.5,506.4],[-166.5,549]]}},{"type":"Feature","properties":{"kind":"road","class":"secondary","name":"North LaSalle Drive"},"geometry":{"type":"LineString","coordinates":[[527.4,-345.9],[527.6,-357.7],[527.8,-373.2]]}},{"type":"Feature","properties":{"kind":"road","class":"secondary","name":"West Grand Avenue"},"geometry":{"type":"LineString","coordinates":[[585.8,-845.9],[550.4,-846.6]]}},{"type":"Feature","properties":{"kind":"road","class":"secondary","name":"West Grand Avenue"},"geometry":{"type":"LineString","coordinates":[[550.4,-846.6],[534.1,-847]]}},{"type":"Feature","properties":{"kind":"road","class":"secondary","name":"North LaSalle Drive"},"geometry":{"type":"LineString","coordinates":[[534.1,-847],[534.5,-856.1]]}},{"type":"Feature","properties":{"kind":"road","class":"secondary","name":"West Grand Avenue"},"geometry":{"type":"LineString","coordinates":[[534.1,-847],[525.9,-847.2],[496.4,-847.7]]}},{"type":"Feature","properties":{"kind":"road","class":"secondary","name":"North Wells Street"},"geometry":{"type":"LineString","coordinates":[[422.9,-892],[423.7,-926],[423.9,-935.7]]}},{"type":"Feature","properties":{"kind":"road","class":"secondary","name":"North Wells Street"},"geometry":{"type":"LineString","coordinates":[[416.5,-621.7],[417.5,-671]]}},{"type":"Feature","properties":{"kind":"road","class":"secondary","name":"North LaSalle Drive"},"geometry":{"type":"LineString","coordinates":[[543.3,-548.5],[543,-535.6]]}},{"type":"Feature","properties":{"kind":"road","class":"motorway","name":"North Jean Baptiste Point DuSable Lake Shore Drive"},"geometry":{"type":"LineString","coordinates":[[1091.1,1263.4],[1091.4,1248.4],[1093.4,1191.5]]}},{"type":"Feature","properties":{"kind":"road","class":"motorway","name":"North Jean Baptiste Point DuSable Lake Shore Drive"},"geometry":{"type":"LineString","coordinates":[[1093.4,1191.5],[1101.2,1084.9],[1114.8,1004.8],[1184,624.5]]}},{"type":"Feature","properties":{"kind":"road","class":"secondary","name":"North LaSalle Drive"},"geometry":{"type":"LineString","coordinates":[[504.9,1227],[504.5,1256.1]]}},{"type":"Feature","properties":{"kind":"road","class":"residential","name":"North Dearborn Street"},"geometry":{"type":"LineString","coordinates":[[772.3,-55.7],[771.7,-28.2],[771.5,-14.7]]}},{"type":"Feature","properties":{"kind":"road","class":"residential","name":"North Dearborn Street"},"geometry":{"type":"LineString","coordinates":[[771.5,-14.7],[769.8,66.4]]}},{"type":"Feature","properties":{"kind":"road","class":"secondary","name":"North Dearborn Street"},"geometry":{"type":"LineString","coordinates":[[793.8,-1148.2],[793.1,-1118.1],[793,-1107.2]]}},{"type":"Feature","properties":{"kind":"road","class":"tertiary","name":"North Desplaines Street"},"geometry":{"type":"LineString","coordinates":[[-430.2,-1063],[-426.3,-1052.3],[-428,-965.8],[-432.7,-959.1]]}},{"type":"Feature","properties":{"kind":"road","class":"residential","name":"West Hubbard Street"},"geometry":{"type":"LineString","coordinates":[[-313.1,-1008.8],[-315.5,-1002.1],[-396.3,-1003.3],[-404.5,-1007]]}},{"type":"Feature","properties":{"kind":"road","class":"secondary","name":"West Kinzie Street"},"geometry":{"type":"LineString","coordinates":[[-148.4,-1125.2],[-96,-1126.1]]}},{"type":"Feature","properties":{"kind":"road","class":"secondary","name":"West Kinzie Street"},"geometry":{"type":"LineString","coordinates":[[-217,-1125.3],[-208.6,-1128]]}},{"type":"Feature","properties":{"kind":"road","class":"tertiary","name":"North Clinton Street"},"geometry":{"type":"LineString","coordinates":[[-185.2,-1160.8],[-182.4,-1154.2],[-183.9,-1122.6]]}},{"type":"Feature","properties":{"kind":"road","class":"tertiary","name":"North Clinton Street"},"geometry":{"type":"LineString","coordinates":[[-189.1,-1122.7],[-188.9,-1127.6]]}},{"type":"Feature","properties":{"kind":"road","class":"residential","name":"West Maple Street"},"geometry":{"type":"LineString","coordinates":[[642.8,286],[892.9,290.2]]}},{"type":"Feature","properties":{"kind":"road","class":"secondary","name":"North LaSalle Drive"},"geometry":{"type":"LineString","coordinates":[[527.5,284.2],[524,426.3]]}},{"type":"Feature","properties":{"kind":"road","class":"secondary","name":"North LaSalle Drive"},"geometry":{"type":"LineString","coordinates":[[491.1,1316.8],[491.3,1305.4],[492.6,1242.1]]}},{"type":"Feature","properties":{"kind":"road","class":"secondary","name":"North LaSalle Drive"},"geometry":{"type":"LineString","coordinates":[[492.6,1242.1],[494,1165.3]]}},{"type":"Feature","properties":{"kind":"road","class":"secondary","name":"North LaSalle Drive"},"geometry":{"type":"LineString","coordinates":[[494,1165.3],[494.5,1138.7]]}},{"type":"Feature","properties":{"kind":"road","class":"secondary","name":"North LaSalle Drive"},"geometry":{"type":"LineString","coordinates":[[494.5,1138.7],[495.6,1088.2]]}},{"type":"Feature","properties":{"kind":"road","class":"secondary","name":"North LaSalle Drive"},"geometry":{"type":"LineString","coordinates":[[495.6,1088.2],[496.6,1051.9],[496.8,1043]]}},{"type":"Feature","properties":{"kind":"road","class":"tertiary","name":"North Sedgwick Street"},"geometry":{"type":"LineString","coordinates":[[46.9,1316.1],[28.3,2107.3]]}},{"type":"Feature","properties":{"kind":"road","class":"tertiary","name":"North Sedgwick Street"},"geometry":{"type":"LineString","coordinates":[[47.2,1302.2],[46.9,1316.1]]}},{"type":"Feature","properties":{"kind":"road","class":"motorway","name":"West Ohio Street"},"geometry":{"type":"LineString","coordinates":[[-267.9,-753.8],[-197.2,-752.2]]}},{"type":"Feature","properties":{"kind":"road","class":"motorway","name":"West Ohio Street"},"geometry":{"type":"LineString","coordinates":[[-179.8,-751.9],[-154.8,-751.4]]}},{"type":"Feature","properties":{"kind":"road","class":"motorway","name":"West Ohio Street"},"geometry":{"type":"LineString","coordinates":[[-211.4,-739.4],[-282.5,-740.8]]}},{"type":"Feature","properties":{"kind":"road","class":"motorway","name":"West Ohio Street"},"geometry":{"type":"LineString","coordinates":[[-300.7,-741.3],[-325,-741.7]]}},{"type":"Feature","properties":{"kind":"road","class":"residential","name":"West Blackhawk Street"},"geometry":{"type":"LineString","coordinates":[[52,1104.2],[-48.8,1102.7]]}},{"type":"Feature","properties":{"kind":"rail","class":"rail","name":"UP Harvard Subdivision"},"geometry":{"type":"LineString","coordinates":[[-393.5,-995.5],[-302.1,-1027.7]]}},{"type":"Feature","properties":{"kind":"rail","class":"rail","name":"UP Harvard Subdivision"},"geometry":{"type":"LineString","coordinates":[[-302.2,-1022.3],[-380.1,-995.6]]}},{"type":"Feature","properties":{"kind":"rail","class":"rail","name":"UP Harvard Subdivision"},"geometry":{"type":"LineString","coordinates":[[-302.3,-1017.8],[-374.2,-993.2]]}},{"type":"Feature","properties":{"kind":"rail","class":"rail","name":"UP Geneva Subdivision"},"geometry":{"type":"LineString","coordinates":[[-302,-1034.3],[-322.9,-1029.9]]}},{"type":"Feature","properties":{"kind":"rail","class":"rail","name":"UP Harvard Subdivision"},"geometry":{"type":"LineString","coordinates":[[-322.9,-1029],[-301.9,-1037.9]]}},{"type":"Feature","properties":{"kind":"rail","class":"rail","name":"UP Geneva Subdivision"},"geometry":{"type":"LineString","coordinates":[[-301.9,-1039.9],[-312.2,-1037.1],[-322.8,-1034.8]]}},{"type":"Feature","properties":{"kind":"rail","class":"rail","name":"UP Geneva Subdivision"},"geometry":{"type":"LineString","coordinates":[[-301.8,-1044.8],[-309.5,-1042.5],[-322.7,-1039.6]]}},{"type":"Feature","properties":{"kind":"rail","class":"rail","name":"UP Geneva Subdivision"},"geometry":{"type":"LineString","coordinates":[[-301.7,-1049.6],[-309.9,-1047.4],[-322.6,-1044.4]]}},{"type":"Feature","properties":{"kind":"road","class":"secondary","name":"East Grand Avenue"},"geometry":{"type":"LineString","coordinates":[[974.6,-837.9],[918,-839.2]]}},{"type":"Feature","properties":{"kind":"road","class":"secondary","name":"North LaSalle Drive"},"geometry":{"type":"LineString","coordinates":[[509.2,511.6],[511.5,426]]}},{"type":"Feature","properties":{"kind":"road","class":"primary","name":"West North Avenue"},"geometry":{"type":"LineString","coordinates":[[444.3,1308.9],[451.1,1309],[464.6,1309.2]]}},{"type":"Feature","properties":{"kind":"road","class":"secondary","name":"North Dearborn Street"},"geometry":{"type":"LineString","coordinates":[[779.1,-388.7],[777.5,-328.5]]}},{"type":"Feature","properties":{"kind":"road","class":"secondary","name":"North Dearborn Street"},"geometry":{"type":"LineString","coordinates":[[779.7,-407.9],[779.4,-397.7]]}},{"type":"Feature","properties":{"kind":"road","class":"secondary","name":"North Dearborn Street"},"geometry":{"type":"LineString","coordinates":[[780.8,-476.4],[780.2,-438.1],[779.7,-407.9]]}},{"type":"Feature","properties":{"kind":"road","class":"secondary","name":"North Dearborn Street"},"geometry":{"type":"LineString","coordinates":[[781.5,-495.3],[781.1,-487.2],[780.8,-476.4]]}},{"type":"Feature","properties":{"kind":"road","class":"secondary","name":"North Dearborn Street"},"geometry":{"type":"LineString","coordinates":[[782.5,-565.5],[781.5,-498.1],[781.5,-495.3]]}},{"type":"Feature","properties":{"kind":"road","class":"secondary","name":"North Dearborn Street"},"geometry":{"type":"LineString","coordinates":[[782.7,-575],[782.5,-565.5]]}},{"type":"Feature","properties":{"kind":"road","class":"primary","name":"West North Avenue"},"geometry":{"type":"LineString","coordinates":[[-236.3,1310.5],[-256,1310.1],[-291.3,1307.3]]}},{"type":"Feature","properties":{"kind":"road","class":"secondary","name":"West Ontario Street"},"geometry":{"type":"LineString","coordinates":[[914.3,-660.9],[784.6,-663.6]]}},{"type":"Feature","properties":{"kind":"road","class":"secondary","name":"West Ontario Street"},"geometry":{"type":"LineString","coordinates":[[784.6,-663.6],[661.8,-666.1]]}},{"type":"Feature","properties":{"kind":"road","class":"secondary","name":"West Ontario Street"},"geometry":{"type":"LineString","coordinates":[[661.8,-666.1],[545.6,-668.4]]}},{"type":"Feature","properties":{"kind":"road","class":"secondary","name":"West Ontario Street"},"geometry":{"type":"LineString","coordinates":[[545.6,-668.4],[532.6,-668.7]]}},{"type":"Feature","properties":{"kind":"road","class":"secondary","name":"North LaSalle Drive"},"geometry":{"type":"LineString","coordinates":[[532.6,-668.7],[533.1,-712.4]]}},{"type":"Feature","properties":{"kind":"road","class":"tertiary","name":"East Erie Street"},"geometry":{"type":"LineString","coordinates":[[912.4,-572.7],[1134.2,-567.9]]}},{"type":"Feature","properties":{"kind":"road","class":"tertiary","name":"North Rush Street"},"geometry":{"type":"LineString","coordinates":[[1136.6,-656.7],[1134.2,-567.9]]}},{"type":"Feature","properties":{"kind":"road","class":"tertiary","name":"East Erie Street"},"geometry":{"type":"LineString","coordinates":[[1134.2,-567.9],[1227.4,-565.5]]}},{"type":"Feature","properties":{"kind":"road","class":"secondary","name":"North LaSalle Drive"},"geometry":{"type":"LineString","coordinates":[[552.1,-932.9],[551.9,-923.9]]}},{"type":"Feature","properties":{"kind":"road","class":"secondary","name":"West Illinois Street"},"geometry":{"type":"LineString","coordinates":[[535.8,-933.4],[552.1,-932.9]]}},{"type":"Feature","properties":{"kind":"road","class":"secondary","name":"West Ohio Street"},"geometry":{"type":"LineString","coordinates":[[533.3,-755.9],[547.3,-755.6]]}},{"type":"Feature","properties":{"kind":"road","class":"secondary","name":"North LaSalle Drive"},"geometry":{"type":"LineString","coordinates":[[547.3,-755.6],[546.9,-745.8],[546.1,-699.1]]}},{"type":"Feature","properties":{"kind":"road","class":"tertiary","name":"North Kingsbury Street"},"geometry":{"type":"LineString","coordinates":[[74.8,-1080.4],[84.4,-1100.3],[85.4,-1120.8]]}},{"type":"Feature","properties":{"kind":"road","class":"secondary","name":"North Wells Street"},"geometry":{"type":"LineString","coordinates":[[421.4,-812.3],[422.2,-849.2]]}},{"type":"Feature","properties":{"kind":"road","class":"secondary","name":"East Illinois Street"},"geometry":{"type":"LineString","coordinates":[[1043.1,-924.3],[1085.1,-923.4],[1107.6,-922.9]]}},{"type":"Feature","properties":{"kind":"road","class":"tertiary","name":"North Rush Street"},"geometry":{"type":"LineString","coordinates":[[1142.4,-922.1],[1142.2,-912.8],[1141.7,-894.2]]}},{"type":"Feature","properties":{"kind":"road","class":"secondary","name":"East Illinois Street"},"geometry":{"type":"LineString","coordinates":[[1107.6,-922.9],[1133.6,-922.2]]}},{"type":"Feature","properties":{"kind":"road","class":"tertiary","name":"East Delaware Place"},"geometry":{"type":"LineString","coordinates":[[1026.2,-9.6],[1201.6,-5]]}},{"type":"Feature","properties":{"kind":"road","class":"tertiary","name":"East Delaware Place"},"geometry":{"type":"LineString","coordinates":[[1201.6,-5],[1228,-4.4],[1236.7,-4.4]]}},{"type":"Feature","properties":{"kind":"road","class":"pedestrian"},"geometry":{"type":"LineString","coordinates":[[601.9,-710.8],[606.3,-710.8],[606.3,-707.9],[609.1,-707.9],[607,-678.2],[605,-678.2],[602.8,-678.2],[602.8,-682.5],[578.4,-682.9],[577.1,-678.7],[577.1,-685.3],[603,-684.7],[603,-689.9],[596.9,-690],[596.4,-705.5],[599.9,-704.5],[601.9,-710.8]]}},{"type":"Feature","properties":{"kind":"road","class":"tertiary","name":"West Huron Street"},"geometry":{"type":"LineString","coordinates":[[529.8,-491.7],[413.7,-493.7]]}},{"type":"Feature","properties":{"kind":"road","class":"secondary","name":"North LaSalle Drive"},"geometry":{"type":"LineString","coordinates":[[529.8,-491.7],[530.7,-550.6]]}},{"type":"Feature","properties":{"kind":"road","class":"tertiary","name":"West Huron Street"},"geometry":{"type":"LineString","coordinates":[[542.1,-491.3],[529.8,-491.7]]}},{"type":"Feature","properties":{"kind":"road","class":"secondary","name":"North Wells Street"},"geometry":{"type":"LineString","coordinates":[[423.9,-935.7],[424.2,-945.8],[425,-978.2]]}},{"type":"Feature","properties":{"kind":"road","class":"secondary","name":"West Hubbard Street"},"geometry":{"type":"LineString","coordinates":[[537.6,-1023.4],[425.7,-1025.4]]}},{"type":"Feature","properties":{"kind":"road","class":"secondary","name":"North Wells Street"},"geometry":{"type":"LineString","coordinates":[[425,-978.2],[425.7,-1025.4]]}},{"type":"Feature","properties":{"kind":"road","class":"secondary","name":"North Wells Street"},"geometry":{"type":"LineString","coordinates":[[425.7,-1025.4],[424.5,-1090.4]]}},{"type":"Feature","properties":{"kind":"road","class":"secondary","name":"North Wells Street"},"geometry":{"type":"LineString","coordinates":[[424.5,-1090.4],[424.7,-1105.6],[425,-1116.4]]}},{"type":"Feature","properties":{"kind":"road","class":"tertiary","name":"North Wells Street"},"geometry":{"type":"LineString","coordinates":[[368.9,1321.6],[356.4,1793.1]]}},{"type":"Feature","properties":{"kind":"road","class":"secondary","name":"West Division Street"},"geometry":{"type":"LineString","coordinates":[[478.8,510.9],[387.5,508.4]]}},{"type":"Feature","properties":{"kind":"rail","class":"rail","name":"UP Geneva Subdivision"},"geometry":{"type":"LineString","coordinates":[[-511.6,-1040.5],[-545.2,-1040.9]]}},{"type":"Feature","properties":{"kind":"road","class":"residential","name":"North Clinton Street"},"geometry":{"type":"LineString","coordinates":[[-286.6,-931.6],[-299.6,-914],[-301.2,-910.7],[-304.6,-884.6]]}},{"type":"Feature","properties":{"kind":"road","class":"secondary","name":"North Dearborn Street"},"geometry":{"type":"LineString","coordinates":[[784.6,-663.6],[784.3,-653.4]]}},{"type":"Feature","properties":{"kind":"road","class":"pedestrian"},"geometry":{"type":"LineString","coordinates":[[378,-1040.9],[378.8,-1036.2],[378.7,-1033],[413.5,-1031.9],[414.8,-1031.9],[416,-1033],[416.9,-1035.6],[418.2,-1065.8],[409.9,-1065.9],[393.4,-1048.2],[378,-1040.9]]}},{"type":"Feature","properties":{"kind":"road","class":"secondary","name":"North Clark Street"},"geometry":{"type":"LineString","coordinates":[[667.7,-1021],[670.1,-1109.8]]}},{"type":"Feature","properties":{"kind":"road","class":"secondary","name":"North Clark Street"},"geometry":{"type":"LineString","coordinates":[[670.1,-1109.8],[670.8,-1181]]}},{"type":"Feature","properties":{"kind":"road","class":"pedestrian"},"geometry":{"type":"LineString","coordinates":[[-405.8,-1000.5],[-420.2,-1000.9],[-422.1,-1001],[-423.9,-992.6],[-405.8,-1000.5]]}},{"type":"Feature","properties":{"kind":"road","class":"residential","name":"West Oak Street"},"geometry":{"type":"LineString","coordinates":[[-467.3,53.2],[-365,121.9],[-359,124.1],[-353,125.9],[-326.3,127.8]]}},{"type":"Feature","properties":{"kind":"road","class":"secondary","name":"North Milwaukee Avenue"},"geometry":{"type":"LineString","coordinates":[[-499.3,-1068.6],[-489.9,-1077],[-482.6,-1078.9]]}},{"type":"Feature","properties":{"kind":"road","class":"residential","name":"West Burton Place"},"geometry":{"type":"LineString","coordinates":[[854.3,1130.4],[753.8,1128.1]]}},{"type":"Feature","properties":{"kind":"road","class":"secondary","name":"North Orleans Street"},"geometry":{"type":"LineString","coordinates":[[181.4,-1119.9],[181.2,-1107]]}},{"type":"Feature","properties":{"kind":"road","class":"secondary","name":"West Kinzie Street"},"geometry":{"type":"LineString","coordinates":[[199.1,-1120],[210.9,-1120.4]]}},{"type":"Feature","properties":{"kind":"road","class":"tertiary","name":"North Rush Street"},"geometry":{"type":"LineString","coordinates":[[1138.5,-744.7],[1136.6,-656.7]]}},{"type":"Feature","properties":{"kind":"road","class":"secondary","name":"West Kinzie Street"},"geometry":{"type":"LineString","coordinates":[[179.5,-1119.6],[199.1,-1120]]}},{"type":"Feature","properties":{"kind":"road","class":"secondary","name":"West Chicago Avenue"},"geometry":{"type":"LineString","coordinates":[[579.9,-291.7],[593.7,-291.4],[607.9,-291.1]]}},{"type":"Feature","properties":{"kind":"road","class":"tertiary","name":"North Larrabee Street"},"geometry":{"type":"LineString","coordinates":[[-314,-231.2],[-312.2,-290.8],[-314.7,-307]]}},{"type":"Feature","properties":{"kind":"road","class":"tertiary","name":"North Larrabee Street"},"geometry":{"type":"LineString","coordinates":[[-314.5,-214.7],[-314,-231.2]]}},{"type":"Feature","properties":{"kind":"road","class":"residential","name":"North Dearborn Street"},"geometry":{"type":"LineString","coordinates":[[776.4,-287.7],[775.5,-240.4]]}},{"type":"Feature","properties":{"kind":"road","class":"secondary","name":"West Kinzie Street"},"geometry":{"type":"LineString","coordinates":[[-312.2,-1126.5],[-217,-1125.3]]}},{"type":"Feature","properties":{"kind":"road","class":"tertiary","name":"North Clark Street"},"geometry":{"type":"LineString","coordinates":[[639.7,480.2],[639.9,467.3]]}},{"type":"Feature","properties":{"kind":"road","class":"tertiary","name":"North Clark Street"},"geometry":{"type":"LineString","coordinates":[[629,909],[629.5,888.6]]}},{"type":"Feature","properties":{"kind":"road","class":"tertiary","name":"North Orleans Street"},"geometry":{"type":"LineString","coordinates":[[150.9,136.9],[143.4,395.6]]}},{"type":"Feature","properties":{"kind":"road","class":"residential","name":"West Institute Place"},"geometry":{"type":"LineString","coordinates":[[151.8,-208.1],[100.2,-209]]}},{"type":"Feature","properties":{"kind":"road","class":"residential","name":"West Oak Street"},"geometry":{"type":"LineString","coordinates":[[-67.1,131.6],[-63.5,131.1],[24.8,133.8]]}},{"type":"Feature","properties":{"kind":"road","class":"residential","name":"West Hobbie Street"},"geometry":{"type":"LineString","coordinates":[[-552.2,186],[-475.2,235]]}},{"type":"Feature","properties":{"kind":"road","class":"residential","name":"West Elm Street"},"geometry":{"type":"LineString","coordinates":[[-333.5,375.8],[-260.5,377.4]]}},{"type":"Feature","properties":{"kind":"road","class":"pedestrian"},"geometry":{"type":"LineString","coordinates":[[56.2,-286.2],[48.1,-286.3],[48.2,-265],[56,-264.8],[56.4,-285.4],[56.2,-286.2]]}},{"type":"Feature","properties":{"kind":"road","class":"secondary","name":"North Clark Street"},"geometry":{"type":"LineString","coordinates":[[663.2,-753.8],[664.8,-844.2]]}},{"type":"Feature","properties":{"kind":"road","class":"residential","name":"North Franklin Street"},"geometry":{"type":"LineString","coordinates":[[285.8,-297.1],[277.9,53.6]]}},{"type":"Feature","properties":{"kind":"road","class":"residential","name":"North Stone Street"},"geometry":{"type":"LineString","coordinates":[[1103.8,523.9],[1102.3,623.7]]}},{"type":"Feature","properties":{"kind":"road","class":"secondary","name":"West Grand Avenue"},"geometry":{"type":"LineString","coordinates":[[-189.8,-868.8],[-319.3,-886.5]]}},{"type":"Feature","properties":{"kind":"rail","class":"subway","name":"North Side Main Line"},"geometry":{"type":"LineString","coordinates":[[199.8,219.8],[211.7,-189.1]]}},{"type":"Feature","properties":{"kind":"rail","class":"subway","name":"North Side Main Line"},"geometry":{"type":"LineString","coordinates":[[203.6,219.7],[206.1,250.1],[208.7,261.5],[221.5,315.8],[223.1,334.4],[217.8,361.7],[184.8,422],[176.5,453.1],[169.4,621.6],[155.1,1147],[151.3,1182.4],[147.7,1193],[144.5,1199.6],[135,1212.8],[128.8,1218.8],[120.1,1224.9],[100.8,1233],[86.9,1235.3],[80,1235.4],[-12.6,1233.6],[-78.1,1235.6]]}},{"type":"Feature","properties":{"kind":"rail","class":"subway","name":"North Side Main Line"},"geometry":{"type":"LineString","coordinates":[[215.1,-189.1],[203.6,219.7]]}},{"type":"Feature","properties":{"kind":"rail","class":"subway","name":"North Side Main Line"},"geometry":{"type":"LineString","coordinates":[[287.3,-320.7],[282.7,-298.4],[280,-292.6],[276.5,-286.3],[233.4,-239.5],[222,-223.8],[216.9,-209.2],[215.9,-202.3],[215.1,-189.1]]}},{"type":"Feature","properties":{"kind":"rail","class":"subway","name":"North Side Main Line"},"geometry":{"type":"LineString","coordinates":[[283.6,-320.8],[286,-436.8],[286.3,-450.4]]}},{"type":"Feature","properties":{"kind":"rail","class":"subway","name":"North Side Main Line"},"geometry":{"type":"LineString","coordinates":[[-77.9,1232],[95.6,1230.6],[116.8,1222.7],[125.2,1217],[131.4,1211.4],[141.1,1197.9],[144.3,1191.6],[147.7,1181.5],[151.4,1147.1],[165.3,640.2],[173.1,451.2],[181.4,420.5],[213.5,362.8],[219.2,337.7],[218.5,320],[202.3,250.5],[199.8,219.8]]}},{"type":"Feature","properties":{"kind":"rail","class":"subway","name":"North Side Main Line"},"geometry":{"type":"LineString","coordinates":[[-531.5,1224.7],[-77.9,1232]]}},{"type":"Feature","properties":{"kind":"road","class":"secondary","name":"North Milwaukee Avenue"},"geometry":{"type":"LineString","coordinates":[[-448,-1108.8],[-429.8,-1128]]}},{"type":"Feature","properties":{"kind":"rail","class":"subway","name":"State Street Subway"},"geometry":{"type":"LineString","coordinates":[[813.8,513.5],[825.4,512.2],[838.1,508.7],[854.8,499.2],[868.6,486],[878.9,469.9],[885,451.9],[888,433.2]]}},{"type":"Feature","properties":{"kind":"rail","class":"subway","name":"State Street Subway"},"geometry":{"type":"LineString","coordinates":[[-125.2,591.7],[-1013.6,1440.5]]}},{"type":"Feature","properties":{"kind":"rail","class":"subway","name":"State Street Subway"},"geometry":{"type":"LineString","coordinates":[[812.3,521.6],[535.9,515.9]]}},{"type":"Feature","properties":{"kind":"rail","class":"subway","name":"State Street Subway"},"geometry":{"type":"LineString","coordinates":[[918.9,-793.4],[893.2,433.2]]}},{"type":"Feature","properties":{"kind":"rail","class":"subway"},"geometry":{"type":"LineString","coordinates":[[921.8,-931.6],[919.1,-909.5],[917,-887.8]]}},{"type":"Feature","properties":{"kind":"rail","class":"subway","name":"Milwaukee-Dearborn Subway"},"geometry":{"type":"LineString","coordinates":[[-158.5,-1391],[-406.1,-1137.5],[-556,-1011.3],[-604.6,-967.4],[-648.9,-929.1],[-967.7,-657],[-1594.9,-114.9],[-1626.4,-92.3],[-1770,32.1],[-1791.4,50.4],[-1816,75.5],[-1938.3,179.7],[-2236.5,434.4],[-2462,560.8],[-2492.2,582.2],[-2552.2,630.7]]}},{"type":"Feature","properties":{"kind":"rail","class":"subway","name":"Milwaukee-Dearborn Subway"},"geometry":{"type":"LineString","coordinates":[[-2554.9,627.3],[-2496,577.8],[-2466.3,556.9],[-2272.4,450],[-2250.8,435.9],[-2242.3,430],[-1944,174.9],[-1827.1,74.8],[-1794.6,49.2],[-1306.7,-371],[-1200.6,-465.6],[-972.2,-660.1],[-612.9,-974],[-407.7,-1148.2],[-165.1,-1396.5]]}},{"type":"Feature","properties":{"kind":"road","class":"residential","name":"West Chestnut Street"},"geometry":{"type":"LineString","coordinates":[[651.7,-141.8],[536.6,-144]]}},{"type":"Feature","properties":{"kind":"road","class":"secondary","name":"West Ohio Street"},"geometry":{"type":"LineString","coordinates":[[420.3,-757.7],[533.3,-755.9]]}},{"type":"Feature","properties":{"kind":"road","class":"secondary","name":"North Wells Street"},"geometry":{"type":"LineString","coordinates":[[420.3,-757.7],[420.5,-769.2],[421.4,-812.3]]}},{"type":"Feature","properties":{"kind":"road","class":"secondary","name":"West Kinzie Street"},"geometry":{"type":"LineString","coordinates":[[85.4,-1120.8],[93.2,-1120.7]]}},{"type":"Feature","properties":{"kind":"road","class":"residential","name":"North Franklin Street"},"geometry":{"type":"LineString","coordinates":[[302,-1118.9],[296.6,-938.5]]}},{"type":"Feature","properties":{"kind":"road","class":"secondary","name":"West Grand Avenue"},"geometry":{"type":"LineString","coordinates":[[384.4,-850],[295.1,-851.3]]}},{"type":"Feature","properties":{"kind":"road","class":"secondary","name":"North Clark Street"},"geometry":{"type":"LineString","coordinates":[[664.8,-844.2],[666.3,-931.6]]}},{"type":"Feature","properties":{"kind":"road","class":"secondary","name":"North Dearborn Street"},"geometry":{"type":"LineString","coordinates":[[790,-930.1],[788.2,-841.7]]}},{"type":"Feature","properties":{"kind":"road","class":"secondary","name":"North Wabash Avenue"},"geometry":{"type":"LineString","coordinates":[[1028.1,-747.3],[1029.5,-836.8]]}},{"type":"Feature","properties":{"kind":"road","class":"secondary","name":"East Grand Avenue"},"geometry":{"type":"LineString","coordinates":[[1029.5,-836.8],[1020.9,-836.8],[974.6,-837.9]]}},{"type":"Feature","properties":{"kind":"road","class":"secondary","name":"North Wabash Avenue"},"geometry":{"type":"LineString","coordinates":[[1029.5,-836.8],[1030.6,-912.8]]}},{"type":"Feature","properties":{"kind":"road","class":"secondary","name":"North Wabash Avenue"},"geometry":{"type":"LineString","coordinates":[[1035.5,-1065.8],[1035.5,-1081.5],[1035.2,-1085.6],[1032.9,-1091.2]]}},{"type":"Feature","properties":{"kind":"road","class":"pedestrian"},"geometry":{"type":"LineString","coordinates":[[1188.6,-1096.4],[1185.7,-1095.6],[1183.3,-1094.8],[1180.5,-1099],[1215,-1113],[1216.1,-1107.6],[1210.6,-1106.6],[1211.5,-1101.3],[1202.4,-1099.2],[1199.3,-1097.4],[1196.4,-1095],[1191,-1094.1],[1188.6,-1096.4]]}},{"type":"Feature","properties":{"kind":"road","class":"pedestrian"},"geometry":{"type":"LineString","coordinates":[[1017.8,-1205.1],[1018.7,-1206.2],[1019.5,-1206.8],[1096.2,-1135.4],[1104.4,-1123.7],[1116.9,-1118.4],[1121.1,-1112],[1122.3,-1102.8],[1131.2,-1100.4],[1147.4,-1103],[1152.5,-1101.5],[1157.5,-1099.7],[1157.6,-1102.2],[1152.7,-1104.4],[1151.8,-1102.9],[1128.7,-1116.5],[1128,-1115.5],[1127.8,-1115.1],[1120.1,-1119.2],[1120.9,-1120.9],[1100.5,-1134.1],[1014.8,-1215.8],[1013,-1212],[1015.5,-1208.4],[1017.8,-1205.1]]}},{"type":"Feature","properties":{"kind":"road","class":"secondary","name":"North State Street"},"geometry":{"type":"LineString","coordinates":[[923.3,-1105.3],[923.1,-1169.8]]}},{"type":"Feature","properties":{"kind":"road","class":"secondary","name":"North Wabash Avenue"},"geometry":{"type":"LineString","coordinates":[[1015.5,-1114.7],[1007.1,-1128.7]]}},{"type":"Feature","properties":{"kind":"road","class":"secondary","name":"North Wabash Avenue"},"geometry":{"type":"LineString","coordinates":[[1026.3,-1114.6],[1033.3,-1099.8],[1033.4,-1098.4],[1032.9,-1091.2]]}},{"type":"Feature","properties":{"kind":"road","class":"secondary","name":"West Kinzie Street"},"geometry":{"type":"LineString","coordinates":[[793,-1107.2],[835.5,-1106.7]]}},{"type":"Feature","properties":{"kind":"road","class":"secondary","name":"North LaSalle Drive"},"geometry":{"type":"LineString","coordinates":[[538,-1113.5],[538.2,-1123.5],[538.6,-1146.7]]}},{"type":"Feature","properties":{"kind":"road","class":"secondary","name":"North LaSalle Drive"},"geometry":{"type":"LineString","coordinates":[[557.3,-1146.5],[556.9,-1122.1],[556.4,-1113]]}},{"type":"Feature","properties":{"kind":"road","class":"pedestrian"},"geometry":{"type":"LineString","coordinates":[[601.9,-1123.7],[598.6,-1123.6],[593.7,-1134.4],[586.4,-1134.5],[577.1,-1131.2],[570,-1124.2],[576.1,-1134.2],[566.7,-1134.4],[566.7,-1135.4],[566.7,-1137.4],[574.9,-1136],[586.5,-1138.6],[586.5,-1136],[593.6,-1135.9],[592.1,-1139.9],[593.4,-1139.9],[594.8,-1139.9],[594.8,-1135.8],[597.4,-1127.4],[598.4,-1125.2],[598.4,-1127.4],[600.2,-1127.5],[601.9,-1127.5],[601.9,-1125.6],[601.9,-1123.7]]}},{"type":"Feature","properties":{"kind":"road","class":"residential","name":"North Dearborn Street"},"geometry":{"type":"LineString","coordinates":[[769.8,66.4],[767.8,146.1]]}},{"type":"Feature","properties":{"kind":"road","class":"tertiary","name":"North Clark Street"},"geometry":{"type":"LineString","coordinates":[[642.8,286],[645,173.9]]}},{"type":"Feature","properties":{"kind":"road","class":"tertiary","name":"North Clark Street"},"geometry":{"type":"LineString","coordinates":[[639.9,467.3],[640.5,428.4]]}},{"type":"Feature","properties":{"kind":"road","class":"residential","name":"West Elm Street"},"geometry":{"type":"LineString","coordinates":[[640.5,428.4],[524,426.3]]}},{"type":"Feature","properties":{"kind":"road","class":"residential","name":"West Oak Street"},"geometry":{"type":"LineString","coordinates":[[645.6,144.3],[767.8,146.1]]}},{"type":"Feature","properties":{"kind":"road","class":"pedestrian"},"geometry":{"type":"LineString","coordinates":[[363.8,-1104.1],[360.3,-1104.1],[356.7,-1104.2],[356.4,-1084],[363.4,-1083.9],[363.8,-1104.1]]}},{"type":"Feature","properties":{"kind":"road","class":"secondary","name":"West Kinzie Street"},"geometry":{"type":"LineString","coordinates":[[153.8,-1119.4],[179.5,-1119.6]]}},{"type":"Feature","properties":{"kind":"road","class":"secondary","name":"West Kinzie Street"},"geometry":{"type":"LineString","coordinates":[[405.5,-1117.3],[414.2,-1116.9],[414.8,-1116.8]]}},{"type":"Feature","properties":{"kind":"road","class":"secondary","name":"North Orleans Street"},"geometry":{"type":"LineString","coordinates":[[181.5,-1132.6],[181.5,-1130.8],[181.4,-1119.9]]}},{"type":"Feature","properties":{"kind":"road","class":"secondary","name":"West Kinzie Street"},"geometry":{"type":"LineString","coordinates":[[-9.3,-1120.8],[-48,-1124.9]]}},{"type":"Feature","properties":{"kind":"road","class":"secondary","name":"West Kinzie Street"},"geometry":{"type":"LineString","coordinates":[[-48,-1124.9],[-57.3,-1127.6]]}},{"type":"Feature","properties":{"kind":"road","class":"secondary","name":"West Kinzie Street"},"geometry":{"type":"LineString","coordinates":[[-57.3,-1127.6],[-53.2,-1128.5],[-47.5,-1129.9]]}},{"type":"Feature","properties":{"kind":"road","class":"secondary","name":"West Kinzie Street"},"geometry":{"type":"LineString","coordinates":[[-8.8,-1125.8],[6.2,-1124.2],[15.1,-1121]]}},{"type":"Feature","properties":{"kind":"road","class":"primary","name":"West North Avenue"},"geometry":{"type":"LineString","coordinates":[[-411.3,1293.5],[-355.8,1295.3]]}},{"type":"Feature","properties":{"kind":"road","class":"primary","name":"West North Avenue"},"geometry":{"type":"LineString","coordinates":[[-589.7,1292.9],[-576.5,1289.5],[-411.3,1293.5]]}},{"type":"Feature","properties":{"kind":"road","class":"primary","name":"West North Avenue"},"geometry":{"type":"LineString","coordinates":[[-431.9,1300],[-576.2,1297.1],[-589.7,1292.9]]}},{"type":"Feature","properties":{"kind":"road","class":"primary","name":"West North Avenue"},"geometry":{"type":"LineString","coordinates":[[-356,1303.9],[-431.9,1300]]}},{"type":"Feature","properties":{"kind":"road","class":"tertiary","name":"North Rush Street"},"geometry":{"type":"LineString","coordinates":[[1132,-390.4],[1129.2,-293.8]]}},{"type":"Feature","properties":{"kind":"road","class":"pedestrian"},"geometry":{"type":"LineString","coordinates":[[1100.2,-148.1],[1097.4,-140.7],[1097.3,-140.4],[1099.7,-125.4],[1111.7,-125.2],[1112.5,-128.8],[1115.4,-128.7],[1116.1,-128.7],[1117.1,-151.9],[1111.2,-158.5],[1103.6,-158.6],[1101.4,-152.4],[1099.2,-153.1],[1098.8,-151.8],[1098.4,-150.7],[1100.2,-148.1]]}},{"type":"Feature","properties":{"kind":"road","class":"secondary","name":"North Desplaines Street"},"geometry":{"type":"LineString","coordinates":[[-429.7,-1140.2],[-429.7,-1141.3]]}},{"type":"Feature","properties":{"kind":"road","class":"secondary","name":"North LaSalle Drive"},"geometry":{"type":"LineString","coordinates":[[517.3,718.9],[512.2,906.1]]}},{"type":"Feature","properties":{"kind":"road","class":"residential","name":"West Oak Street"},"geometry":{"type":"LineString","coordinates":[[530.2,142.6],[645.6,144.3]]}},{"type":"Feature","properties":{"kind":"road","class":"tertiary","name":"West Superior Street"},"geometry":{"type":"LineString","coordinates":[[528.2,-403.1],[542.3,-402.8]]}},{"type":"Feature","properties":{"kind":"road","class":"secondary","name":"North LaSalle Drive"},"geometry":{"type":"LineString","coordinates":[[542.3,-402.8],[542.1,-392.7],[541,-343]]}},{"type":"Feature","properties":{"kind":"road","class":"tertiary","name":"North Clark Street"},"geometry":{"type":"LineString","coordinates":[[605.9,1350.9],[608.7,1345]]}},{"type":"Feature","properties":{"kind":"road","class":"tertiary","name":"North Clark Street"},"geometry":{"type":"LineString","coordinates":[[633.9,720.9],[638.1,558.1]]}},{"type":"Feature","properties":{"kind":"road","class":"residential","name":"West Goethe Street"},"geometry":{"type":"LineString","coordinates":[[517.3,718.9],[633.9,720.9]]}},{"type":"Feature","properties":{"kind":"road","class":"tertiary","name":"North Clark Street"},"geometry":{"type":"LineString","coordinates":[[651.7,-141.8],[655.2,-290.1]]}},{"type":"Feature","properties":{"kind":"road","class":"tertiary","name":"West Superior Street"},"geometry":{"type":"LineString","coordinates":[[542.3,-402.8],[657.1,-400.3]]}},{"type":"Feature","properties":{"kind":"road","class":"secondary","name":"North Clark Street"},"geometry":{"type":"LineString","coordinates":[[655.2,-290.1],[657.1,-400.3]]}},{"type":"Feature","properties":{"kind":"road","class":"tertiary","name":"West Superior Street"},"geometry":{"type":"LineString","coordinates":[[657.1,-400.3],[779.4,-397.7]]}},{"type":"Feature","properties":{"kind":"road","class":"secondary","name":"North Dearborn Street"},"geometry":{"type":"LineString","coordinates":[[779.4,-397.7],[779.1,-388.7]]}},{"type":"Feature","properties":{"kind":"road","class":"tertiary","name":"West Huron Street"},"geometry":{"type":"LineString","coordinates":[[658.7,-489.4],[542.1,-491.3]]}},{"type":"Feature","properties":{"kind":"road","class":"secondary","name":"North Clark Street"},"geometry":{"type":"LineString","coordinates":[[657.1,-400.3],[658.7,-489.4]]}},{"type":"Feature","properties":{"kind":"road","class":"secondary","name":"North Dearborn Street"},"geometry":{"type":"LineString","coordinates":[[782.6,-584.1],[782.7,-575]]}},{"type":"Feature","properties":{"kind":"road","class":"tertiary","name":"West Erie Street"},"geometry":{"type":"LineString","coordinates":[[782.7,-575],[912.4,-572.7]]}},{"type":"Feature","properties":{"kind":"road","class":"secondary","name":"North Clark Street"},"geometry":{"type":"LineString","coordinates":[[658.7,-489.4],[660.2,-577.2]]}},{"type":"Feature","properties":{"kind":"road","class":"tertiary","name":"West Erie Street"},"geometry":{"type":"LineString","coordinates":[[543.9,-579.2],[660.2,-577.2]]}},{"type":"Feature","properties":{"kind":"road","class":"secondary","name":"North Clark Street"},"geometry":{"type":"LineString","coordinates":[[662.1,-688.3],[663.2,-753.8]]}},{"type":"Feature","properties":{"kind":"road","class":"secondary","name":"West Ohio Street"},"geometry":{"type":"LineString","coordinates":[[785.8,-751.9],[916.1,-749.7]]}},{"type":"Feature","properties":{"kind":"road","class":"secondary","name":"West Ohio Street"},"geometry":{"type":"LineString","coordinates":[[547.3,-755.6],[663.2,-753.8]]}},{"type":"Feature","properties":{"kind":"road","class":"secondary","name":"West Hubbard Street"},"geometry":{"type":"LineString","coordinates":[[667.7,-1021],[657,-1021.2],[588.3,-1022.3]]}},{"type":"Feature","properties":{"kind":"road","class":"secondary","name":"North Clark Street"},"geometry":{"type":"LineString","coordinates":[[666.3,-931.6],[667.7,-1021]]}},{"type":"Feature","properties":{"kind":"road","class":"secondary","name":"North Dearborn Street"},"geometry":{"type":"LineString","coordinates":[[791.4,-1018.7],[790,-930.1]]}},{"type":"Feature","properties":{"kind":"road","class":"secondary","name":"West Hubbard Street"},"geometry":{"type":"LineString","coordinates":[[791.4,-1018.7],[667.7,-1021]]}},{"type":"Feature","properties":{"kind":"road","class":"tertiary","name":"West Kinzie Street"},"geometry":{"type":"LineString","coordinates":[[-496.7,-1128.9],[-550.6,-1129.6]]}},{"type":"Feature","properties":{"kind":"road","class":"secondary","name":"East Illinois Street"},"geometry":{"type":"LineString","coordinates":[[1133.6,-922.2],[1142.4,-922.1]]}},{"type":"Feature","properties":{"kind":"road","class":"secondary","name":"East Illinois Street"},"geometry":{"type":"LineString","coordinates":[[1020.8,-924.8],[1032.4,-924.5]]}},{"type":"Feature","properties":{"kind":"road","class":"secondary","name":"East Illinois Street"},"geometry":{"type":"LineString","coordinates":[[1032.4,-924.5],[1041.6,-924.3]]}},{"type":"Feature","properties":{"kind":"road","class":"tertiary","name":"East Hubbard Street"},"geometry":{"type":"LineString","coordinates":[[1023.2,-1014],[1043.2,-1013.5]]}},{"type":"Feature","properties":{"kind":"road","class":"secondary","name":"West Kinzie Street"},"geometry":{"type":"LineString","coordinates":[[780.2,-1107.6],[784.1,-1107.5],[793,-1107.2]]}},{"type":"Feature","properties":{"kind":"road","class":"tertiary","name":"East Oak Street"},"geometry":{"type":"LineString","coordinates":[[895.7,164.5],[963.2,166.4]]}},{"type":"Feature","properties":{"kind":"road","class":"tertiary","name":"North Rush Street"},"geometry":{"type":"LineString","coordinates":[[994.9,77.9],[963.2,166.4]]}},{"type":"Feature","properties":{"kind":"road","class":"tertiary","name":"East Walton Street"},"geometry":{"type":"LineString","coordinates":[[994.9,77.9],[898.1,75.9]]}},{"type":"Feature","properties":{"kind":"road","class":"tertiary","name":"North Rush Street"},"geometry":{"type":"LineString","coordinates":[[1026.2,-9.6],[994.9,77.9]]}},{"type":"Feature","properties":{"kind":"road","class":"tertiary","name":"East Delaware Place"},"geometry":{"type":"LineString","coordinates":[[1010.2,-9.9],[1026.2,-9.6]]}},{"type":"Feature","properties":{"kind":"road","class":"tertiary","name":"North Rush Street"},"geometry":{"type":"LineString","coordinates":[[1129.2,-293.8],[1123.3,-281.2]]}},{"type":"Feature","properties":{"kind":"road","class":"secondary","name":"East Ohio Street"},"geometry":{"type":"LineString","coordinates":[[1138.5,-744.7],[1147.5,-744.5]]}},{"type":"Feature","properties":{"kind":"road","class":"secondary","name":"East Grand Avenue"},"geometry":{"type":"LineString","coordinates":[[1187.4,-833],[1148.5,-834],[1140.2,-834.1]]}},{"type":"Feature","properties":{"kind":"road","class":"secondary","name":"East Ontario Street"},"geometry":{"type":"LineString","coordinates":[[1026.6,-659.2],[914.3,-660.9]]}},{"type":"Feature","properties":{"kind":"road","class":"secondary","name":"East Ontario Street"},"geometry":{"type":"LineString","coordinates":[[1229.1,-654.7],[1136.6,-656.7]]}},{"type":"Feature","properties":{"kind":"road","class":"secondary","name":"West Chicago Avenue"},"geometry":{"type":"LineString","coordinates":[[365.1,-295.9],[285.8,-297.1]]}},{"type":"Feature","properties":{"kind":"road","class":"residential","name":"North Franklin Street"},"geometry":{"type":"LineString","coordinates":[[288,-451.3],[285.8,-297.1]]}},{"type":"Feature","properties":{"kind":"road","class":"secondary","name":"West Chicago Avenue"},"geometry":{"type":"LineString","coordinates":[[285.8,-297.1],[277.7,-297.2]]}},{"type":"Feature","properties":{"kind":"road","class":"secondary","name":"North Clybourn Avenue"},"geometry":{"type":"LineString","coordinates":[[-473.4,918.1],[-475.8,920.4],[-491,934.8]]}},{"type":"Feature","properties":{"kind":"road","class":"secondary","name":"North Clybourn Avenue"},"geometry":{"type":"LineString","coordinates":[[-373.7,824.1],[-398.4,847.2]]}},{"type":"Feature","properties":{"kind":"road","class":"secondary","name":"North Clybourn Avenue"},"geometry":{"type":"LineString","coordinates":[[-103.6,565.7],[-174.6,633.9]]}},{"type":"Feature","properties":{"kind":"road","class":"secondary","name":"North Clybourn Avenue"},"geometry":{"type":"LineString","coordinates":[[-69.9,532.9],[-103.6,565.7]]}},{"type":"Feature","properties":{"kind":"road","class":"tertiary","name":"North Orleans Street"},"geometry":{"type":"LineString","coordinates":[[141.5,450.7],[141.3,455.1],[140.9,465.3]]}},{"type":"Feature","properties":{"kind":"road","class":"secondary","name":"West Kinzie Street"},"geometry":{"type":"LineString","coordinates":[[-96,-1126.1],[-82.8,-1126.4]]}},{"type":"Feature","properties":{"kind":"road","class":"residential","name":"North Dearborn Parkway"},"geometry":{"type":"LineString","coordinates":[[758.5,515.9],[754,723]]}},{"type":"Feature","properties":{"kind":"road","class":"tertiary","name":"North Larrabee Street"},"geometry":{"type":"LineString","coordinates":[[-346.1,917.6],[-355.8,1295.3]]}},{"type":"Feature","properties":{"kind":"road","class":"tertiary","name":"North Larrabee Street"},"geometry":{"type":"LineString","coordinates":[[-355.8,1295.3],[-356,1303.9]]}},{"type":"Feature","properties":{"kind":"road","class":"motorway","name":"West Ohio Street"},"geometry":{"type":"LineString","coordinates":[[-290.3,-754.1],[-267.9,-753.8]]}},{"type":"Feature","properties":{"kind":"road","class":"motorway","name":"West Ohio Street"},"geometry":{"type":"LineString","coordinates":[[-282.5,-740.8],[-291.5,-741],[-300.7,-741.3]]}},{"type":"Feature","properties":{"kind":"road","class":"motorway","name":"West Ohio Street"},"geometry":{"type":"LineString","coordinates":[[-187.5,-739],[-190.2,-739.1],[-211.4,-739.4]]}},{"type":"Feature","properties":{"kind":"road","class":"motorway","name":"West Ohio Street"},"geometry":{"type":"LineString","coordinates":[[-197.2,-752.2],[-189.6,-752.1],[-179.8,-751.9]]}},{"type":"Feature","properties":{"kind":"road","class":"residential","name":"West Erie Street"},"geometry":{"type":"LineString","coordinates":[[-191.5,-592],[-310,-594]]}},{"type":"Feature","properties":{"kind":"road","class":"secondary","name":"West Grand Avenue"},"geometry":{"type":"LineString","coordinates":[[-554.4,-889.5],[-543.8,-892.4],[-512.9,-892],[-507,-889.1]]}},{"type":"Feature","properties":{"kind":"road","class":"secondary","name":"West Grand Avenue"},"geometry":{"type":"LineString","coordinates":[[-507,-889.1],[-512.9,-885.4],[-543.8,-885.8],[-554.4,-889.5]]}},{"type":"Feature","properties":{"kind":"road","class":"secondary","name":"West Ohio Street"},"geometry":{"type":"LineString","coordinates":[[174.7,-759.4],[293.2,-759.7]]}},{"type":"Feature","properties":{"kind":"road","class":"residential","name":"North Franklin Street"},"geometry":{"type":"LineString","coordinates":[[295.1,-851.3],[293.2,-759.7]]}},{"type":"Feature","properties":{"kind":"road","class":"secondary","name":"West Illinois Street"},"geometry":{"type":"LineString","coordinates":[[178,-940.7],[296.6,-938.5]]}},{"type":"Feature","properties":{"kind":"road","class":"residential","name":"North Franklin Street"},"geometry":{"type":"LineString","coordinates":[[296.6,-938.5],[295.1,-851.3]]}},{"type":"Feature","properties":{"kind":"road","class":"residential","name":"North Franklin Street"},"geometry":{"type":"LineString","coordinates":[[293.2,-759.7],[291.5,-673.4]]}},{"type":"Feature","properties":{"kind":"road","class":"secondary","name":"West Ontario Street"},"geometry":{"type":"LineString","coordinates":[[291.5,-673.4],[283.8,-673.5]]}},{"type":"Feature","properties":{"kind":"road","class":"secondary","name":"East Ohio Street"},"geometry":{"type":"LineString","coordinates":[[1028.1,-747.3],[1138.5,-744.7]]}},{"type":"Feature","properties":{"kind":"rail","class":"subway","name":"North Side Main Line"},"geometry":{"type":"LineString","coordinates":[[289.7,-450.3],[287.4,-326.2],[287.3,-320.7]]}},{"type":"Feature","properties":{"kind":"road","class":"tertiary","name":"North Kingsbury Street"},"geometry":{"type":"LineString","coordinates":[[-190.2,-641.7],[-191.5,-592]]}},{"type":"Feature","properties":{"kind":"road","class":"tertiary","name":"North Kingsbury Street"},"geometry":{"type":"LineString","coordinates":[[-8.3,-942.6],[-60.4,-856.9]]}},{"type":"Feature","properties":{"kind":"road","class":"secondary","name":"North Clark Street"},"geometry":{"type":"LineString","coordinates":[[661.8,-666.1],[661.8,-676.4],[662.1,-688.3]]}},{"type":"Feature","properties":{"kind":"road","class":"secondary","name":"West Division Street"},"geometry":{"type":"LineString","coordinates":[[594.2,513.1],[553.2,512.3]]}},{"type":"Feature","properties":{"kind":"road","class":"secondary","name":"West Chicago Avenue"},"geometry":{"type":"LineString","coordinates":[[91.4,-299.8],[122.2,-299.2]]}},{"type":"Feature","properties":{"kind":"road","class":"secondary","name":"West Chicago Avenue"},"geometry":{"type":"LineString","coordinates":[[43,-300.8],[51.7,-300.7],[91.4,-299.8]]}},{"type":"Feature","properties":{"kind":"road","class":"secondary","name":"West Chicago Avenue"},"geometry":{"type":"LineString","coordinates":[[0.6,-301.6],[43,-300.8]]}},{"type":"Feature","properties":{"kind":"road","class":"secondary","name":"North State Street"},"geometry":{"type":"LineString","coordinates":[[896.1,344.4],[892.3,320.5],[893.1,283.4]]}},{"type":"Feature","properties":{"kind":"road","class":"secondary","name":"North State Street"},"geometry":{"type":"LineString","coordinates":[[893.1,283.4],[893.9,255.8]]}},{"type":"Feature","properties":{"kind":"road","class":"tertiary","name":"East North Water Street"},"geometry":{"type":"LineString","coordinates":[[1012.5,-1103.5],[1017.2,-1103],[1030.4,-1098.7]]}},{"type":"Feature","properties":{"kind":"road","class":"secondary","name":"East Illinois Street"},"geometry":{"type":"LineString","coordinates":[[1041.6,-924.3],[1043.1,-924.3]]}},{"type":"Feature","properties":{"kind":"road","class":"secondary","name":"North Lake Shore Drive"},"geometry":{"type":"LineString","coordinates":[[1171.2,525.6],[1213.6,350.5]]}},{"type":"Feature","properties":{"kind":"road","class":"secondary","name":"North Lake Shore Drive"},"geometry":{"type":"LineString","coordinates":[[1147.3,729.6],[1161.4,658.1],[1162.1,654.8],[1171.2,525.6]]}},{"type":"Feature","properties":{"kind":"road","class":"secondary","name":"North Lake Shore Drive"},"geometry":{"type":"LineString","coordinates":[[1107.9,948.5],[1147.3,729.6]]}},{"type":"Feature","properties":{"kind":"road","class":"secondary","name":"North Lake Shore Drive"},"geometry":{"type":"LineString","coordinates":[[1075.6,1135.4],[1107.9,948.5]]}},{"type":"Feature","properties":{"kind":"road","class":"residential","name":"North Cleveland Avenue"},"geometry":{"type":"LineString","coordinates":[[-155.4,1340.7],[-158.7,1492]]}},{"type":"Feature","properties":{"kind":"road","class":"residential","name":"North Canal Street"},"geometry":{"type":"LineString","coordinates":[[-174.9,-986.2],[-212.8,-895.9]]}},{"type":"Feature","properties":{"kind":"road","class":"residential","name":"West Oak Street"},"geometry":{"type":"LineString","coordinates":[[397.7,140.6],[517.8,142.4]]}},{"type":"Feature","properties":{"kind":"road","class":"tertiary","name":"North Wells Street"},"geometry":{"type":"LineString","coordinates":[[397.7,140.6],[387.5,508.4]]}},{"type":"Feature","properties":{"kind":"road","class":"residential","name":"West Oak Street"},"geometry":{"type":"LineString","coordinates":[[108.2,136.2],[141.7,136.7],[150.9,136.9]]}},{"type":"Feature","properties":{"kind":"road","class":"tertiary","name":"North Larrabee Street"},"geometry":{"type":"LineString","coordinates":[[-356,1303.9],[-356.2,1316.6],[-356.7,1336.3]]}},{"type":"Feature","properties":{"kind":"road","class":"tertiary","name":"North Larrabee Street"},"geometry":{"type":"LineString","coordinates":[[-336.9,492.8],[-337,502.8],[-337.6,525.3]]}},{"type":"Feature","properties":{"kind":"road","class":"secondary","name":"North Orleans Street"},"geometry":{"type":"LineString","coordinates":[[166.2,-409.4],[164.2,-331.7]]}},{"type":"Feature","properties":{"kind":"road","class":"secondary","name":"North Orleans Street"},"geometry":{"type":"LineString","coordinates":[[170,-557.5],[168.4,-496.5]]}},{"type":"Feature","properties":{"kind":"road","class":"secondary","name":"West Kinzie Street"},"geometry":{"type":"LineString","coordinates":[[-82.8,-1126.4],[-76.4,-1126.6],[-71.3,-1126.8]]}},{"type":"Feature","properties":{"kind":"road","class":"residential","name":"North Franklin Street"},"geometry":{"type":"LineString","coordinates":[[288.4,-495.6],[288.3,-486.7],[288,-451.3]]}},{"type":"Feature","properties":{"kind":"road","class":"residential","name":"West Maple Street"},"geometry":{"type":"LineString","coordinates":[[564.2,284.7],[642.8,286]]}},{"type":"Feature","properties":{"kind":"road","class":"secondary","name":"North LaSalle Drive"},"geometry":{"type":"LineString","coordinates":[[515.3,243.9],[516.6,181.7]]}},{"type":"Feature","properties":{"kind":"road","class":"motorway","name":"North Jean Baptiste Point DuSable Lake Shore Drive"},"geometry":{"type":"LineString","coordinates":[[1115.7,1118.9],[1112.5,1181.8]]}},{"type":"Feature","properties":{"kind":"road","class":"tertiary","name":"West Hubbard Street"},"geometry":{"type":"LineString","coordinates":[[179.5,-1030],[47.4,-1032.5]]}},{"type":"Feature","properties":{"kind":"road","class":"secondary","name":"West Kinzie Street"},"geometry":{"type":"LineString","coordinates":[[-188.9,-1127.6],[-156.1,-1127.4],[-148.4,-1125.2]]}},{"type":"Feature","properties":{"kind":"road","class":"tertiary","name":"North Clinton Street"},"geometry":{"type":"LineString","coordinates":[[-188.9,-1127.6],[-187.6,-1154.5],[-185.2,-1160.8]]}},{"type":"Feature","properties":{"kind":"road","class":"secondary","name":"West Kinzie Street"},"geometry":{"type":"LineString","coordinates":[[-208.6,-1128],[-188.9,-1127.6]]}},{"type":"Feature","properties":{"kind":"road","class":"secondary","name":"West Kinzie Street"},"geometry":{"type":"LineString","coordinates":[[-189.1,-1122.7],[-217,-1125.3]]}},{"type":"Feature","properties":{"kind":"road","class":"secondary","name":"North Milwaukee Avenue"},"geometry":{"type":"LineString","coordinates":[[-486,-1072.2],[-544.6,-1021.4],[-553.2,-1017.6]]}},{"type":"Feature","properties":{"kind":"road","class":"tertiary","name":"North Kingsbury Street"},"geometry":{"type":"LineString","coordinates":[[-166.3,-680.8],[-170,-674.6],[-190.2,-641.7]]}},{"type":"Feature","properties":{"kind":"road","class":"secondary","name":"West Chicago Avenue"},"geometry":{"type":"LineString","coordinates":[[-68.2,-303],[0.6,-301.6]]}},{"type":"Feature","properties":{"kind":"road","class":"secondary","name":"West Chicago Avenue"},"geometry":{"type":"LineString","coordinates":[[-148.5,-304.6],[-142.8,-309.4],[-82.1,-308.4],[-79,-308.3],[-68.2,-303]]}},{"type":"Feature","properties":{"kind":"road","class":"secondary","name":"North Wells Street"},"geometry":{"type":"LineString","coordinates":[[413.7,-493.7],[415.6,-581.6]]}},{"type":"Feature","properties":{"kind":"road","class":"secondary","name":"North Wells Street"},"geometry":{"type":"LineString","coordinates":[[411.7,-405.3],[413.7,-493.7]]}},{"type":"Feature","properties":{"kind":"road","class":"tertiary","name":"West Superior Street"},"geometry":{"type":"LineString","coordinates":[[411.7,-405.3],[528.2,-403.1]]}},{"type":"Feature","properties":{"kind":"road","class":"tertiary","name":"West Erie Street"},"geometry":{"type":"LineString","coordinates":[[415.6,-581.6],[170.7,-585.8]]}},{"type":"Feature","properties":{"kind":"road","class":"secondary","name":"West Hubbard Street"},"geometry":{"type":"LineString","coordinates":[[197.7,-1029.7],[189.3,-1029.9],[179.5,-1030]]}},{"type":"Feature","properties":{"kind":"road","class":"tertiary","name":"North Clark Street"},"geometry":{"type":"LineString","coordinates":[[619.5,1291],[617.6,1241],[622.5,1230.4]]}},{"type":"Feature","properties":{"kind":"station","name":"Ashland","station":"subway"},"geometry":{"type":"Point","coordinates":[-2248.1,-1538.4]}},{"type":"Feature","properties":{"kind":"station","name":"Morgan","station":"subway"},"geometry":{"type":"Point","coordinates":[-1024.1,-1508.6]}},{"type":"Feature","properties":{"kind":"road","class":"tertiary","name":"West Washington Boulevard"},"geometry":{"type":"LineString","coordinates":[[-2113.1,-1813],[-2096.8,-1809.5],[-1454.9,-1797.4]]}},{"type":"Feature","properties":{"kind":"road","class":"tertiary","name":"North Morgan Street"},"geometry":{"type":"LineString","coordinates":[[-1078.5,-1510.6],[-1078.2,-1521.4],[-1076.6,-1555.5]]}},{"type":"Feature","properties":{"kind":"road","class":"secondary","name":"West Ogden Avenue"},"geometry":{"type":"LineString","coordinates":[[-2229.8,-1965.7],[-2284.2,-2029.6]]}},{"type":"Feature","properties":{"kind":"road","class":"residential","name":"South Laflin Street"},"geometry":{"type":"LineString","coordinates":[[-2093.8,-1962.8],[-2082.2,-2525]]}},{"type":"Feature","properties":{"kind":"road","class":"tertiary","name":"West Washington Boulevard"},"geometry":{"type":"LineString","coordinates":[[-2007.8,-1665.5],[-2032.2,-1680.4],[-2107.4,-1781.8],[-2113.8,-1787.5],[-2121.1,-1792],[-2130.9,-1794.8]]}},{"type":"Feature","properties":{"kind":"road","class":"residential","name":"South Throop Street"},"geometry":{"type":"LineString","coordinates":[[-1695.7,-1954.1],[-1691.7,-1964.9],[-1688.5,-2096.2]]}},{"type":"Feature","properties":{"kind":"road","class":"residential","name":"North Elizabeth Street"},"geometry":{"type":"LineString","coordinates":[[-1684.8,-906.8],[-1690,-640.4]]}},{"type":"Feature","properties":{"kind":"road","class":"residential","name":"North Ada Street"},"geometry":{"type":"LineString","coordinates":[[-1797.7,-642.8],[-1791.7,-908.2]]}},{"type":"Feature","properties":{"kind":"road","class":"residential","name":"North Ada Street"},"geometry":{"type":"LineString","coordinates":[[-1800.2,-1027.8],[-1800,-1038.5],[-1799.2,-1074.5]]}},{"type":"Feature","properties":{"kind":"road","class":"residential","name":"North Morgan Street"},"geometry":{"type":"LineString","coordinates":[[-1079.3,-1383.4],[-1085.7,-1062.7]]}},{"type":"Feature","properties":{"kind":"road","class":"residential","name":"North Aberdeen Street"},"geometry":{"type":"LineString","coordinates":[[-1266.4,-1644.5],[-1278.9,-1062.1]]}},{"type":"Feature","properties":{"kind":"road","class":"residential","name":"North Marshfield Avenue"},"geometry":{"type":"LineString","coordinates":[[-2425.2,-755.7],[-2421,-917.7]]}},{"type":"Feature","properties":{"kind":"road","class":"residential","name":"North Marshfield Avenue"},"geometry":{"type":"LineString","coordinates":[[-2392,-1138.7],[-2393.8,-1037]]}},{"type":"Feature","properties":{"kind":"road","class":"residential","name":"West Maypole Avenue"},"geometry":{"type":"LineString","coordinates":[[-2291.1,-1658],[-2505,-1663.2]]}},{"type":"Feature","properties":{"kind":"road","class":"tertiary","name":"South Racine Avenue"},"geometry":{"type":"LineString","coordinates":[[-1490.8,-1949.6],[-1487.6,-2091.7]]}},{"type":"Feature","properties":{"kind":"road","class":"residential","name":"West Carroll Avenue"},"geometry":{"type":"LineString","coordinates":[[-1081.5,-1271.6],[-1467.8,-1277]]}},{"type":"Feature","properties":{"kind":"road","class":"residential","name":"West Race Avenue"},"geometry":{"type":"LineString","coordinates":[[-1686.4,-824.3],[-1511.3,-820.3]]}},{"type":"Feature","properties":{"kind":"road","class":"residential","name":"North Willard Court"},"geometry":{"type":"LineString","coordinates":[[-1532.6,-1799],[-1535.1,-1670.8]]}},{"type":"Feature","properties":{"kind":"road","class":"tertiary","name":"West Warren Boulevard"},"geometry":{"type":"LineString","coordinates":[[-2253,-1864],[-2237.3,-1861.9],[-2220.2,-1856.7],[-2163,-1830.9],[-2149.8,-1825.2],[-2133.5,-1818.7],[-2113.1,-1813]]}},{"type":"Feature","properties":{"kind":"road","class":"tertiary","name":"West Adams Street"},"geometry":{"type":"LineString","coordinates":[[-1886.7,-2242.5],[-2279.6,-2251.3]]}},{"type":"Feature","properties":{"kind":"road","class":"residential","name":"West Ontario Street"},"geometry":{"type":"LineString","coordinates":[[-2329.1,-714.1],[-2526.2,-719.2]]}},{"type":"Feature","properties":{"kind":"road","class":"secondary","name":"North Ashland Avenue"},"geometry":{"type":"LineString","coordinates":[[-2322.2,-1035.1],[-2322,-1046.3],[-2319.4,-1150.5]]}},{"type":"Feature","properties":{"kind":"road","class":"secondary","name":"North Ogden Avenue"},"geometry":{"type":"LineString","coordinates":[[-2229.8,-1965.7],[-2221.3,-1954.7],[-2196,-1921.7]]}},{"type":"Feature","properties":{"kind":"road","class":"residential","name":"North Bishop Street"},"geometry":{"type":"LineString","coordinates":[[-2036.4,-1808.9],[-2033.5,-1961.5]]}},{"type":"Feature","properties":{"kind":"road","class":"residential","name":"North Bishop Street"},"geometry":{"type":"LineString","coordinates":[[-1996.1,-1030.5],[-1995.9,-1039.2],[-1994.6,-1096.7]]}},{"type":"Feature","properties":{"kind":"road","class":"residential","name":"North Armour Street"},"geometry":{"type":"LineString","coordinates":[[-2178.3,-1148.8],[-2181.6,-1033.1]]}},{"type":"Feature","properties":{"kind":"road","class":"residential","name":"North Carpenter Street"},"geometry":{"type":"LineString","coordinates":[[-1169.3,-1642.6],[-1183.5,-1070.9]]}},{"type":"Feature","properties":{"kind":"road","class":"tertiary","name":"North Racine Avenue"},"geometry":{"type":"LineString","coordinates":[[-1465.7,-1389.7],[-1458.8,-1648.4]]}},{"type":"Feature","properties":{"kind":"road","class":"residential","name":"North Loomis Street"},"geometry":{"type":"LineString","coordinates":[[-1919.5,-1806.5],[-1917.6,-1916.9]]}},{"type":"Feature","properties":{"kind":"road","class":"residential","name":"North May Street"},"geometry":{"type":"LineString","coordinates":[[-1363.2,-1646.5],[-1371.5,-1275.7]]}},{"type":"Feature","properties":{"kind":"road","class":"tertiary","name":"South Morgan Street"},"geometry":{"type":"LineString","coordinates":[[-1067.2,-1940.8],[-1064.8,-2034.2]]}},{"type":"Feature","properties":{"kind":"road","class":"tertiary","name":"West Adams Street"},"geometry":{"type":"LineString","coordinates":[[-2491.6,-2256],[-3072.6,-2267.4]]}},{"type":"Feature","properties":{"kind":"road","class":"tertiary","name":"West Adams Street"},"geometry":{"type":"LineString","coordinates":[[-673.2,-2214.7],[-1060.2,-2224]]}},{"type":"Feature","properties":{"kind":"road","class":"motorway","name":"Kennedy Expressway"},"geometry":{"type":"LineString","coordinates":[[-1383.9,-557.4],[-1198.4,-724.4],[-1042.1,-856.1],[-965.8,-926],[-883.8,-1000.3]]}},{"type":"Feature","properties":{"kind":"road","class":"residential","name":"North Sangamon Street"},"geometry":{"type":"LineString","coordinates":[[-987.4,-1133],[-987.5,-1127.8],[-989.4,-1065.2]]}},{"type":"Feature","properties":{"kind":"road","class":"residential","name":"West Ohio Street"},"geometry":{"type":"LineString","coordinates":[[-1511.9,-783.6],[-1381.3,-781.8]]}},{"type":"Feature","properties":{"kind":"road","class":"residential","name":"South Paulina Street"},"geometry":{"type":"LineString","coordinates":[[-2495,-2114.3],[-2498.4,-1970.8]]}},{"type":"Feature","properties":{"kind":"road","class":"secondary","name":"West Ogden Avenue"},"geometry":{"type":"LineString","coordinates":[[-2521.7,-2291.4],[-2613.4,-2398.9]]}},{"type":"Feature","properties":{"kind":"road","class":"residential","name":"North Bishop Street"},"geometry":{"type":"LineString","coordinates":[[-2050.2,-911.6],[-2062,-346.9]]}},{"type":"Feature","properties":{"kind":"road","class":"residential","name":"North Loomis Street"},"geometry":{"type":"LineString","coordinates":[[-1926.4,-1596.9],[-1927.6,-1529.1]]}},{"type":"Feature","properties":{"kind":"road","class":"secondary","name":"North Ogden Avenue"},"geometry":{"type":"LineString","coordinates":[[-2038.4,-1716.5],[-2016.5,-1688.3],[-2007.8,-1665.5]]}},{"type":"Feature","properties":{"kind":"road","class":"tertiary","name":"West Randolph Street"},"geometry":{"type":"LineString","coordinates":[[-1781.5,-1676.1],[-1738.5,-1673.8]]}},{"type":"Feature","properties":{"kind":"road","class":"residential","name":"South Loomis Street"},"geometry":{"type":"LineString","coordinates":[[-1890.8,-2047.9],[-1889.8,-2100.7]]}},{"type":"Feature","properties":{"kind":"road","class":"tertiary","name":"West Hubbard Street"},"geometry":{"type":"LineString","coordinates":[[-902.5,-1016.2],[-1328.3,-1022.3]]}},{"type":"Feature","properties":{"kind":"rail","class":"rail"},"geometry":{"type":"LineString","coordinates":[[-2158.3,-1183.6],[-2078.4,-1188.7],[-2046.1,-1189.2],[-1972.3,-1188.6],[-1839.8,-1181]]}},{"type":"Feature","properties":{"kind":"rail","class":"rail"},"geometry":{"type":"LineString","coordinates":[[-1193,-1193.5],[-1222.7,-1191.8],[-1249.8,-1190.9]]}},{"type":"Feature","properties":{"kind":"road","class":"secondary","name":"North Ogden Avenue"},"geometry":{"type":"LineString","coordinates":[[-1774.3,-1144.1],[-1734.8,-1067.6]]}},{"type":"Feature","properties":{"kind":"road","class":"secondary","name":"North Ogden Avenue"},"geometry":{"type":"LineString","coordinates":[[-1816.4,-1191.4],[-1867.5,-1303.6],[-1893,-1367.6]]}},{"type":"Feature","properties":{"kind":"road","class":"residential","name":"West Kinzie Street"},"geometry":{"type":"LineString","coordinates":[[-899.8,-1131.6],[-1374.6,-1138.3]]}},{"type":"Feature","properties":{"kind":"rail","class":"rail"},"geometry":{"type":"LineString","coordinates":[[-1044.5,-1039.3],[-1000.8,-1040.4]]}},{"type":"Feature","properties":{"kind":"rail","class":"rail"},"geometry":{"type":"LineString","coordinates":[[-1147.9,-1035.8],[-1097.6,-1037.5]]}},{"type":"Feature","properties":{"kind":"rail","class":"rail"},"geometry":{"type":"LineString","coordinates":[[-1097.2,-1045.2],[-1148.2,-1048.5]]}},{"type":"Feature","properties":{"kind":"road","class":"residential","name":"North Sangamon Street"},"geometry":{"type":"LineString","coordinates":[[-990.6,-1016.9],[-990.1,-1007.2],[-990.9,-961]]}},{"type":"Feature","properties":{"kind":"road","class":"residential","name":"North Morgan Street"},"geometry":{"type":"LineString","coordinates":[[-1086.6,-1018.2],[-1088.6,-897.6]]}},{"type":"Feature","properties":{"kind":"road","class":"residential","name":"North Aberdeen Street"},"geometry":{"type":"LineString","coordinates":[[-1279.8,-1021.7],[-1282.2,-901.1]]}},{"type":"Feature","properties":{"kind":"road","class":"residential","name":"North Carpenter Street"},"geometry":{"type":"LineString","coordinates":[[-1184.2,-1019.9],[-1184.7,-899.4]]}},{"type":"Feature","properties":{"kind":"road","class":"residential","name":"North May Street"},"geometry":{"type":"LineString","coordinates":[[-1376.5,-1022.8],[-1381.3,-781.8]]}},{"type":"Feature","properties":{"kind":"road","class":"residential","name":"North Elizabeth Street"},"geometry":{"type":"LineString","coordinates":[[-1642.1,-1025.8],[-1643.6,-951.2],[-1644.8,-947.5],[-1647,-944.4],[-1652.7,-940.7],[-1658.4,-936.8]]}},{"type":"Feature","properties":{"kind":"road","class":"tertiary","name":"North Racine Avenue"},"geometry":{"type":"LineString","coordinates":[[-1508.6,-1024.3],[-1510,-904.4]]}},{"type":"Feature","properties":{"kind":"road","class":"secondary","name":"North Ogden Avenue"},"geometry":{"type":"LineString","coordinates":[[-1757.7,-1075.6],[-1794.3,-1145.4]]}},{"type":"Feature","properties":{"kind":"road","class":"secondary","name":"North Ogden Avenue"},"geometry":{"type":"LineString","coordinates":[[-1638.9,-906.2],[-1513,-707]]}},{"type":"Feature","properties":{"kind":"road","class":"residential","name":"North Ada Street"},"geometry":{"type":"LineString","coordinates":[[-1799.2,-1074.5],[-1801.5,-1090],[-1800.9,-1115.6],[-1800.6,-1126.5],[-1799.1,-1130.1],[-1791.7,-1140.4]]}},{"type":"Feature","properties":{"kind":"rail","class":"rail","name":"UP Geneva Subdivision"},"geometry":{"type":"LineString","coordinates":[[-2527,-1169.1],[-2708.4,-1172.7]]}},{"type":"Feature","properties":{"kind":"rail","class":"rail","name":"UP Geneva Subdivision"},"geometry":{"type":"LineString","coordinates":[[-1498.7,-1044.8],[-1386.7,-1043.2]]}},{"type":"Feature","properties":{"kind":"rail","class":"rail","name":"UP Geneva Subdivision"},"geometry":{"type":"LineString","coordinates":[[-2527.2,-1165],[-2708.4,-1168.8]]}},{"type":"Feature","properties":{"kind":"rail","class":"rail","name":"UP Geneva Subdivision"},"geometry":{"type":"LineString","coordinates":[[-980.1,-1037.9],[-939.7,-1037.3],[-904.3,-1036.8]]}},{"type":"Feature","properties":{"kind":"rail","class":"rail","name":"UP Geneva Subdivision"},"geometry":{"type":"LineString","coordinates":[[-1498.7,-1040.3],[-1386.8,-1038.8]]}},{"type":"Feature","properties":{"kind":"rail","class":"rail","name":"UP Geneva Subdivision"},"geometry":{"type":"LineString","coordinates":[[-1077.1,-1034.7],[-1001,-1033.8]]}},{"type":"Feature","properties":{"kind":"road","class":"secondary","name":"West Grand Avenue"},"geometry":{"type":"LineString","coordinates":[[-933.3,-895.5],[-1042.6,-896.8]]}},{"type":"Feature","properties":{"kind":"road","class":"motorway","name":"Kennedy Express Reversable Lane"},"geometry":{"type":"LineString","coordinates":[[-1152.9,-743.3],[-1169.8,-733.6],[-1180.4,-725.5],[-1382.6,-539.2]]}},{"type":"Feature","properties":{"kind":"road","class":"secondary","name":"West Madison Street"},"geometry":{"type":"LineString","coordinates":[[-2498.4,-1970.8],[-2700.8,-1974.3]]}},{"type":"Feature","properties":{"kind":"rail","class":"rail"},"geometry":{"type":"LineString","coordinates":[[-2303.8,-1185.7],[-2158.3,-1183.6],[-1934.7,-1180.1],[-1820.9,-1181.8]]}},{"type":"Feature","properties":{"kind":"road","class":"tertiary","name":"North Racine Avenue"},"geometry":{"type":"LineString","coordinates":[[-1513.2,-695.4],[-1513,-707]]}},{"type":"Feature","properties":{"kind":"rail","class":"subway"},"geometry":{"type":"LineString","coordinates":[[-2382.7,-1544.1],[-2421.7,-1542.4]]}},{"type":"Feature","properties":{"kind":"rail","class":"subway"},"geometry":{"type":"LineString","coordinates":[[-2441,-1543.3],[-2479.1,-1548.7]]}},{"type":"Feature","properties":{"kind":"rail","class":"subway","name":"Paulina Connector"},"geometry":{"type":"LineString","coordinates":[[-2493.7,-1545.7],[-2529.1,-1553.1],[-2542.2,-1560.8],[-2548.1,-1565.9],[-2553,-1571.1],[-2557.2,-1576.8],[-2560.6,-1582.4],[-2563.8,-1589.7],[-2566.4,-1598.3],[-2568.8,-1632.2]]}},{"type":"Feature","properties":{"kind":"rail","class":"subway","name":"Paulina Connector"},"geometry":{"type":"LineString","coordinates":[[-2533.6,-2392.6],[-2536.8,-2356],[-2554.3,-2317.7],[-2558.6,-2280.1]]}},{"type":"Feature","properties":{"kind":"rail","class":"subway","name":"Paulina Connector"},"geometry":{"type":"LineString","coordinates":[[-2565.1,-1630.3],[-2561.5,-1595.4],[-2559,-1588.4],[-2556,-1582.6],[-2552,-1576.1],[-2547.4,-1570.8],[-2526.6,-1556.2],[-2491.7,-1549.3]]}},{"type":"Feature","properties":{"kind":"rail","class":"subway","name":"Paulina Connector"},"geometry":{"type":"LineString","coordinates":[[-2562.3,-2280.1],[-2559.8,-2312.3],[-2541.3,-2355.3],[-2537.2,-2392.7]]}},{"type":"Feature","properties":{"kind":"road","class":"motorway","name":"Kennedy Expressway"},"geometry":{"type":"LineString","coordinates":[[-1038.9,-835.2],[-1102.6,-770.9],[-1230.1,-649.8]]}},{"type":"Feature","properties":{"kind":"road","class":"secondary","name":"West Randolph Street"},"geometry":{"type":"LineString","coordinates":[[-2007.8,-1665.5],[-2155.6,-1545],[-2160.7,-1535]]}},{"type":"Feature","properties":{"kind":"road","class":"secondary","name":"West Grand Avenue"},"geometry":{"type":"LineString","coordinates":[[-2287.3,-915.3],[-2314.6,-915.8]]}},{"type":"Feature","properties":{"kind":"road","class":"residential","name":"North Armour Street"},"geometry":{"type":"LineString","coordinates":[[-2190.2,-650.9],[-2184.3,-913.4]]}},{"type":"Feature","properties":{"kind":"road","class":"secondary","name":"North Ashland Avenue"},"geometry":{"type":"LineString","coordinates":[[-2330.3,-653.6],[-2325.4,-875.6]]}},{"type":"Feature","properties":{"kind":"road","class":"secondary","name":"West Ogden Avenue"},"geometry":{"type":"LineString","coordinates":[[-2356.4,-2111.2],[-2424,-2183.3]]}},{"type":"Feature","properties":{"kind":"road","class":"tertiary","name":"West Hubbard Street"},"geometry":{"type":"LineString","coordinates":[[-2322.2,-1035.1],[-2519.1,-1040.4]]}},{"type":"Feature","properties":{"kind":"road","class":"secondary","name":"North Ashland Avenue"},"geometry":{"type":"LineString","coordinates":[[-2324.6,-916],[-2322.6,-1010.6]]}},{"type":"Feature","properties":{"kind":"road","class":"secondary","name":"North Ogden Avenue"},"geometry":{"type":"LineString","coordinates":[[-1943.8,-1529.5],[-1902.2,-1431]]}},{"type":"Feature","properties":{"kind":"road","class":"secondary","name":"North Ogden Avenue"},"geometry":{"type":"LineString","coordinates":[[-1959.7,-1530],[-1992.2,-1612.9]]}},{"type":"Feature","properties":{"kind":"road","class":"residential","name":"North Armour Street"},"geometry":{"type":"LineString","coordinates":[[-2184.3,-913.4],[-2181.6,-1033.1]]}},{"type":"Feature","properties":{"kind":"road","class":"residential","name":"North Noble Street"},"geometry":{"type":"LineString","coordinates":[[-1913.2,-1029.4],[-1912,-1131.3]]}},{"type":"Feature","properties":{"kind":"road","class":"tertiary","name":"South Racine Avenue"},"geometry":{"type":"LineString","coordinates":[[-1484.3,-2233.5],[-1481.4,-2373.2]]}},{"type":"Feature","properties":{"kind":"road","class":"tertiary","name":"South Throop Street"},"geometry":{"type":"LineString","coordinates":[[-1684.7,-2238],[-1678.8,-2517.5]]}},{"type":"Feature","properties":{"kind":"road","class":"residential","name":"North Paulina Street"},"geometry":{"type":"LineString","coordinates":[[-2534.5,-356.8],[-2521.6,-919.5]]}},{"type":"Feature","properties":{"kind":"road","class":"residential","name":"West Ohio Street"},"geometry":{"type":"LineString","coordinates":[[-2328.1,-754.2],[-3942.1,-789.4]]}},{"type":"Feature","properties":{"kind":"road","class":"residential","name":"South Aberdeen Street"},"geometry":{"type":"LineString","coordinates":[[-1277.5,-2368.9],[-1288.8,-1945.1]]}},{"type":"Feature","properties":{"kind":"road","class":"residential","name":"West Monroe Street"},"geometry":{"type":"LineString","coordinates":[[-1487.6,-2091.7],[-2282.5,-2109.5]]}},{"type":"Feature","properties":{"kind":"road","class":"secondary","name":"West Grand Avenue"},"geometry":{"type":"LineString","coordinates":[[-1328.4,-902],[-1638.9,-906.2]]}},{"type":"Feature","properties":{"kind":"road","class":"secondary","name":"North Ogden Avenue"},"geometry":{"type":"LineString","coordinates":[[-1935.2,-1467.8],[-1954.1,-1519.2],[-1959.7,-1530]]}},{"type":"Feature","properties":{"kind":"road","class":"secondary","name":"North Ogden Avenue"},"geometry":{"type":"LineString","coordinates":[[-1974.3,-1604.7],[-1943.8,-1529.5]]}},{"type":"Feature","properties":{"kind":"road","class":"secondary","name":"West Lake Street"},"geometry":{"type":"LineString","coordinates":[[-1943.8,-1529.5],[-1930.4,-1529.1]]}},{"type":"Feature","properties":{"kind":"road","class":"secondary","name":"West Lake Street"},"geometry":{"type":"LineString","coordinates":[[-1959.7,-1530],[-1943.8,-1529.5]]}},{"type":"Feature","properties":{"kind":"road","class":"secondary","name":"West Lake Street"},"geometry":{"type":"LineString","coordinates":[[-1971.3,-1530.3],[-1959.7,-1530]]}},{"type":"Feature","properties":{"kind":"road","class":"residential","name":"North May Street"},"geometry":{"type":"LineString","coordinates":[[-1381.3,-781.8],[-1384.5,-662.2]]}},{"type":"Feature","properties":{"kind":"road","class":"secondary","name":"North Ogden Avenue"},"geometry":{"type":"LineString","coordinates":[[-1513.5,-684.2],[-1628.3,-861.6]]}},{"type":"Feature","properties":{"kind":"road","class":"secondary","name":"West Lake Street"},"geometry":{"type":"LineString","coordinates":[[-1930.4,-1529.1],[-1078.5,-1510.6]]}},{"type":"Feature","properties":{"kind":"road","class":"residential","name":"North Paulina Street"},"geometry":{"type":"LineString","coordinates":[[-2519.1,-1040.4],[-2521.6,-919.5]]}},{"type":"Feature","properties":{"kind":"road","class":"residential","name":"West Wayman Street"},"geometry":{"type":"LineString","coordinates":[[-984.3,-1316.7],[-896.8,-1315],[-887.7,-1314.8]]}},{"type":"Feature","properties":{"kind":"road","class":"tertiary","name":"North Racine Avenue"},"geometry":{"type":"LineString","coordinates":[[-1477.9,-1139.7],[-1481.2,-1134.2],[-1507.1,-1091.7],[-1507.3,-1084.3],[-1507.6,-1073]]}},{"type":"Feature","properties":{"kind":"road","class":"secondary","name":"West Grand Avenue"},"geometry":{"type":"LineString","coordinates":[[-2521.6,-919.5],[-2724.6,-923.5]]}},{"type":"Feature","properties":{"kind":"road","class":"tertiary","name":"West Hubbard Street"},"geometry":{"type":"LineString","coordinates":[[-1719.6,-1026.7],[-2181.6,-1033.1]]}},{"type":"Feature","properties":{"kind":"road","class":"tertiary","name":"North Racine Avenue"},"geometry":{"type":"LineString","coordinates":[[-1513,-707],[-1510,-904.4]]}},{"type":"Feature","properties":{"kind":"road","class":"tertiary","name":"North Noble Street"},"geometry":{"type":"LineString","coordinates":[[-1920.6,-645.7],[-1915.4,-909.8]]}},{"type":"Feature","properties":{"kind":"road","class":"secondary","name":"North Ashland Avenue"},"geometry":{"type":"LineString","coordinates":[[-2289.1,-1753.1],[-2290.1,-1700]]}},{"type":"Feature","properties":{"kind":"road","class":"secondary","name":"North Ashland Avenue"},"geometry":{"type":"LineString","coordinates":[[-2291.1,-1658],[-2293.1,-1605.6]]}},{"type":"Feature","properties":{"kind":"road","class":"secondary","name":"North Ashland Avenue"},"geometry":{"type":"LineString","coordinates":[[-2284.4,-1966.9],[-2286.8,-1864.2]]}},{"type":"Feature","properties":{"kind":"road","class":"secondary","name":"West Madison Street"},"geometry":{"type":"LineString","coordinates":[[-2253.1,-1966.2],[-2257.9,-1966.3]]}},{"type":"Feature","properties":{"kind":"road","class":"secondary","name":"West Madison Street"},"geometry":{"type":"LineString","coordinates":[[-2229.8,-1965.7],[-2246,-1966.1],[-2253.1,-1966.2]]}},{"type":"Feature","properties":{"kind":"road","class":"secondary","name":"West Madison Street"},"geometry":{"type":"LineString","coordinates":[[-2257.9,-1966.3],[-2284.4,-1966.9]]}},{"type":"Feature","properties":{"kind":"road","class":"secondary","name":"North Ogden Avenue"},"geometry":{"type":"LineString","coordinates":[[-2079.3,-1769],[-2038.4,-1716.5]]}},{"type":"Feature","properties":{"kind":"road","class":"secondary","name":"North Ogden Avenue"},"geometry":{"type":"LineString","coordinates":[[-2113.1,-1813],[-2102.9,-1799.3],[-2079.3,-1769]]}},{"type":"Feature","properties":{"kind":"road","class":"secondary","name":"South Ashland Avenue"},"geometry":{"type":"LineString","coordinates":[[-2295.1,-2109.7],[-2290.6,-2251.6]]}},{"type":"Feature","properties":{"kind":"road","class":"secondary","name":"West Ogden Avenue"},"geometry":{"type":"LineString","coordinates":[[-2284.2,-2029.6],[-2296.7,-2043]]}},{"type":"Feature","properties":{"kind":"road","class":"secondary","name":"West Ogden Avenue"},"geometry":{"type":"LineString","coordinates":[[-2491.6,-2256],[-2506.1,-2273.1],[-2521.7,-2291.4]]}},{"type":"Feature","properties":{"kind":"road","class":"tertiary","name":"North Morgan Street"},"geometry":{"type":"LineString","coordinates":[[-1068,-1897.6],[-1067.4,-1929.6],[-1067.2,-1940.8]]}},{"type":"Feature","properties":{"kind":"road","class":"tertiary","name":"South Morgan Street"},"geometry":{"type":"LineString","coordinates":[[-1062.5,-2121.3],[-1060.2,-2224]]}},{"type":"Feature","properties":{"kind":"road","class":"tertiary","name":"South Morgan Street"},"geometry":{"type":"LineString","coordinates":[[-1060.2,-2224],[-1060,-2231.8],[-1059.3,-2263]]}},{"type":"Feature","properties":{"kind":"road","class":"tertiary","name":"South Morgan Street"},"geometry":{"type":"LineString","coordinates":[[-1064.8,-2034.2],[-1063.4,-2082.2]]}},{"type":"Feature","properties":{"kind":"road","class":"tertiary","name":"South Morgan Street"},"geometry":{"type":"LineString","coordinates":[[-1063.4,-2082.2],[-1063.2,-2091.6],[-1062.5,-2121.3]]}},{"type":"Feature","properties":{"kind":"road","class":"tertiary","name":"South Morgan Street"},"geometry":{"type":"LineString","coordinates":[[-1059.3,-2263],[-1057.9,-2323.5]]}},{"type":"Feature","properties":{"kind":"road","class":"secondary","name":"North Ashland Avenue"},"geometry":{"type":"LineString","coordinates":[[-2311.6,-1053.8],[-2311.8,-1046],[-2312.2,-1034.9]]}},{"type":"Feature","properties":{"kind":"road","class":"secondary","name":"North Ashland Avenue"},"geometry":{"type":"LineString","coordinates":[[-2314.1,-943.8],[-2314.5,-925.2],[-2314.6,-915.8]]}},{"type":"Feature","properties":{"kind":"road","class":"secondary","name":"North Ashland Avenue"},"geometry":{"type":"LineString","coordinates":[[-2322.6,-1010.6],[-2322.2,-1035.1]]}},{"type":"Feature","properties":{"kind":"road","class":"secondary","name":"North Ashland Avenue"},"geometry":{"type":"LineString","coordinates":[[-2312.2,-1034.9],[-2314.1,-943.8]]}},{"type":"Feature","properties":{"kind":"road","class":"secondary","name":"North Ashland Avenue"},"geometry":{"type":"LineString","coordinates":[[-2325.4,-875.6],[-2324.6,-916]]}},{"type":"Feature","properties":{"kind":"road","class":"secondary","name":"North Ashland Avenue"},"geometry":{"type":"LineString","coordinates":[[-2314.6,-915.8],[-2319.7,-683.7]]}},{"type":"Feature","properties":{"kind":"road","class":"secondary","name":"North Ogden Avenue"},"geometry":{"type":"LineString","coordinates":[[-1732.2,-1026.9],[-1737.7,-1037.5]]}},{"type":"Feature","properties":{"kind":"road","class":"secondary","name":"North Ogden Avenue"},"geometry":{"type":"LineString","coordinates":[[-1658.4,-936.8],[-1645.2,-915.6],[-1638.9,-906.2]]}},{"type":"Feature","properties":{"kind":"road","class":"secondary","name":"North Ogden Avenue"},"geometry":{"type":"LineString","coordinates":[[-1632,-867.6],[-1648.6,-894],[-1655.8,-906.4]]}},{"type":"Feature","properties":{"kind":"road","class":"secondary","name":"North Ogden Avenue"},"geometry":{"type":"LineString","coordinates":[[-1709.6,-991.2],[-1725.7,-1016.6],[-1732.2,-1026.9]]}},{"type":"Feature","properties":{"kind":"road","class":"secondary","name":"North Ogden Avenue"},"geometry":{"type":"LineString","coordinates":[[-1713.9,-1026.6],[-1658.4,-936.8]]}},{"type":"Feature","properties":{"kind":"road","class":"secondary","name":"North Ogden Avenue"},"geometry":{"type":"LineString","coordinates":[[-1655.8,-906.4],[-1709.6,-991.2]]}},{"type":"Feature","properties":{"kind":"road","class":"secondary","name":"North Ashland Avenue"},"geometry":{"type":"LineString","coordinates":[[-2290.1,-1700],[-2291,-1666.3],[-2291.1,-1658]]}},{"type":"Feature","properties":{"kind":"road","class":"secondary","name":"North Ashland Avenue"},"geometry":{"type":"LineString","coordinates":[[-2287.9,-1809.1],[-2288.7,-1772.4],[-2288.7,-1763.4]]}},{"type":"Feature","properties":{"kind":"road","class":"secondary","name":"North Ashland Avenue"},"geometry":{"type":"LineString","coordinates":[[-2293.1,-1605.6],[-2294.5,-1575.2],[-2294.8,-1565.4]]}},{"type":"Feature","properties":{"kind":"road","class":"secondary","name":"North Ashland Avenue"},"geometry":{"type":"LineString","coordinates":[[-2300.9,-1864.1],[-2299.7,-1922.5]]}},{"type":"Feature","properties":{"kind":"road","class":"secondary","name":"North Ashland Avenue"},"geometry":{"type":"LineString","coordinates":[[-2305.4,-1658.3],[-2303.2,-1763.7]]}},{"type":"Feature","properties":{"kind":"road","class":"secondary","name":"North Ashland Avenue"},"geometry":{"type":"LineString","coordinates":[[-2303.2,-1763.7],[-2303,-1772.7],[-2301.6,-1825.7]]}},{"type":"Feature","properties":{"kind":"road","class":"secondary","name":"North Ogden Avenue"},"geometry":{"type":"LineString","coordinates":[[-2007.8,-1649.4],[-2007.8,-1665.5]]}},{"type":"Feature","properties":{"kind":"road","class":"secondary","name":"North Ogden Avenue"},"geometry":{"type":"LineString","coordinates":[[-1992.2,-1612.9],[-2007.8,-1649.4]]}},{"type":"Feature","properties":{"kind":"road","class":"secondary","name":"South Ashland Avenue"},"geometry":{"type":"LineString","coordinates":[[-2296.7,-2058.5],[-2295.5,-2100.3],[-2295.1,-2109.7]]}},{"type":"Feature","properties":{"kind":"road","class":"secondary","name":"South Ashland Avenue"},"geometry":{"type":"LineString","coordinates":[[-2279.6,-2251.3],[-2282,-2144.3]]}},{"type":"Feature","properties":{"kind":"road","class":"secondary","name":"South Ashland Avenue"},"geometry":{"type":"LineString","coordinates":[[-2283.4,-2009.5],[-2284,-1977.7],[-2284.4,-1966.9]]}},{"type":"Feature","properties":{"kind":"road","class":"secondary","name":"South Ashland Avenue"},"geometry":{"type":"LineString","coordinates":[[-2282,-2144.3],[-2282.5,-2109.5]]}},{"type":"Feature","properties":{"kind":"road","class":"secondary","name":"South Ashland Avenue"},"geometry":{"type":"LineString","coordinates":[[-2279,-2285.2],[-2279.4,-2259.4],[-2279.6,-2251.3]]}},{"type":"Feature","properties":{"kind":"road","class":"secondary","name":"South Ashland Avenue"},"geometry":{"type":"LineString","coordinates":[[-2283.3,-2074.7],[-2284.2,-2029.6]]}},{"type":"Feature","properties":{"kind":"road","class":"secondary","name":"South Ashland Avenue"},"geometry":{"type":"LineString","coordinates":[[-2298.6,-1967],[-2296.7,-2043]]}},{"type":"Feature","properties":{"kind":"road","class":"secondary","name":"West Randolph Street"},"geometry":{"type":"LineString","coordinates":[[-1921.6,-1667.6],[-1990.2,-1668.4],[-2007.8,-1665.5]]}},{"type":"Feature","properties":{"kind":"road","class":"secondary","name":"West Grand Avenue"},"geometry":{"type":"LineString","coordinates":[[-2324.6,-916],[-2333.9,-916.1],[-2347.7,-916.4]]}},{"type":"Feature","properties":{"kind":"road","class":"secondary","name":"West Grand Avenue"},"geometry":{"type":"LineString","coordinates":[[-2314.6,-915.8],[-2324.6,-916]]}},{"type":"Feature","properties":{"kind":"road","class":"secondary","name":"West Grand Avenue"},"geometry":{"type":"LineString","coordinates":[[-2184.3,-913.4],[-2287.3,-915.3]]}},{"type":"Feature","properties":{"kind":"road","class":"secondary","name":"West Grand Avenue"},"geometry":{"type":"LineString","coordinates":[[-2347.7,-916.4],[-2521.6,-919.5]]}},{"type":"Feature","properties":{"kind":"road","class":"tertiary","name":"West Hubbard Street"},"geometry":{"type":"LineString","coordinates":[[-2312.2,-1034.9],[-2322.2,-1035.1]]}},{"type":"Feature","properties":{"kind":"road","class":"residential","name":"West Ohio Street"},"geometry":{"type":"LineString","coordinates":[[-2318.2,-753.5],[-1552.1,-743.2]]}},{"type":"Feature","properties":{"kind":"road","class":"residential","name":"North Sangamon Street"},"geometry":{"type":"LineString","coordinates":[[-984.3,-1316.7],[-979.9,-1508.2]]}},{"type":"Feature","properties":{"kind":"road","class":"secondary","name":"West Lake Street"},"geometry":{"type":"LineString","coordinates":[[-979.9,-1508.2],[-883.9,-1505.9]]}},{"type":"Feature","properties":{"kind":"road","class":"tertiary","name":"West Warren Boulevard"},"geometry":{"type":"LineString","coordinates":[[-2286.8,-1864.2],[-2279.5,-1864],[-2253,-1864]]}},{"type":"Feature","properties":{"kind":"road","class":"secondary","name":"North Ogden Avenue"},"geometry":{"type":"LineString","coordinates":[[-1888.6,-1399.2],[-1851.6,-1303.3],[-1847.6,-1294.6],[-1837.9,-1273.7]]}},{"type":"Feature","properties":{"kind":"road","class":"secondary","name":"North Ogden Avenue"},"geometry":{"type":"LineString","coordinates":[[-1905.8,-1399.6],[-1909.4,-1408.3],[-1935.2,-1467.8]]}},{"type":"Feature","properties":{"kind":"road","class":"residential","name":"North Aberdeen Street"},"geometry":{"type":"LineString","coordinates":[[-1263.4,-1792.7],[-1266.4,-1644.5]]}},{"type":"Feature","properties":{"kind":"road","class":"residential","name":"North Carpenter Street"},"geometry":{"type":"LineString","coordinates":[[-1166.3,-1790.5],[-1168.9,-1662.6]]}},{"type":"Feature","properties":{"kind":"road","class":"secondary","name":"West Lake Street"},"geometry":{"type":"LineString","coordinates":[[-2295.6,-1538.3],[-1971.3,-1530.3]]}},{"type":"Feature","properties":{"kind":"road","class":"secondary","name":"North Ashland Avenue"},"geometry":{"type":"LineString","coordinates":[[-2304.7,-1362.8],[-2308.5,-1218.2]]}},{"type":"Feature","properties":{"kind":"road","class":"secondary","name":"North Ashland Avenue"},"geometry":{"type":"LineString","coordinates":[[-2317.4,-1218.3],[-2314.8,-1363]]}},{"type":"Feature","properties":{"kind":"road","class":"secondary","name":"North Ashland Avenue"},"geometry":{"type":"LineString","coordinates":[[-2310.4,-1150.5],[-2310.9,-1107.5]]}},{"type":"Feature","properties":{"kind":"rail","class":"rail"},"geometry":{"type":"LineString","coordinates":[[-2708.4,-1189.2],[-2526.6,-1185.4]]}},{"type":"Feature","properties":{"kind":"rail","class":"rail","name":"C&M Subdivision"},"geometry":{"type":"LineString","coordinates":[[-2526.7,-1181.6],[-2708.4,-1185.3]]}},{"type":"Feature","properties":{"kind":"rail","class":"rail","name":"C&M Subdivision"},"geometry":{"type":"LineString","coordinates":[[-2708.4,-1181.4],[-2526.8,-1177.6]]}},{"type":"Feature","properties":{"kind":"rail","class":"rail","name":"C&M Subdivision"},"geometry":{"type":"LineString","coordinates":[[-2526.9,-1173.6],[-2708.4,-1177.2]]}},{"type":"Feature","properties":{"kind":"rail","class":"rail","name":"UP Geneva Subdivision"},"geometry":{"type":"LineString","coordinates":[[-1386.6,-1051.7],[-1498.6,-1053]]}},{"type":"Feature","properties":{"kind":"rail","class":"rail","name":"UP Geneva Subdivision"},"geometry":{"type":"LineString","coordinates":[[-1386.7,-1047.7],[-1498.6,-1049.1]]}},{"type":"Feature","properties":{"kind":"rail","class":"rail","name":"UP Geneva Subdivision"},"geometry":{"type":"LineString","coordinates":[[-2708.4,-1164.8],[-2527.3,-1161.2]]}},{"type":"Feature","properties":{"kind":"rail","class":"rail","name":"UP Geneva Subdivision"},"geometry":{"type":"LineString","coordinates":[[-2708.4,-1160.9],[-2527.4,-1157.3]]}},{"type":"Feature","properties":{"kind":"road","class":"secondary","name":"West Lake Street"},"geometry":{"type":"LineString","coordinates":[[-2315.2,-1539],[-2307.3,-1538.7]]}},{"type":"Feature","properties":{"kind":"road","class":"secondary","name":"North Ashland Avenue"},"geometry":{"type":"LineString","coordinates":[[-2312,-1451.3],[-2315.5,-1493.2],[-2315.4,-1529],[-2315.2,-1539]]}},{"type":"Feature","properties":{"kind":"road","class":"secondary","name":"North Ashland Avenue"},"geometry":{"type":"LineString","coordinates":[[-2307.3,-1538.7],[-2305.1,-1612]]}},{"type":"Feature","properties":{"kind":"road","class":"secondary","name":"North Ashland Avenue"},"geometry":{"type":"LineString","coordinates":[[-2295.6,-1538.3],[-2302.1,-1452.4]]}},{"type":"Feature","properties":{"kind":"road","class":"secondary","name":"North Ashland Avenue"},"geometry":{"type":"LineString","coordinates":[[-2308.7,-1492.8],[-2307.6,-1528.7],[-2307.3,-1538.7]]}},{"type":"Feature","properties":{"kind":"road","class":"secondary","name":"West Lake Street"},"geometry":{"type":"LineString","coordinates":[[-2302.5,-1538.5],[-2295.6,-1538.3]]}},{"type":"Feature","properties":{"kind":"road","class":"secondary","name":"North Ashland Avenue"},"geometry":{"type":"LineString","coordinates":[[-2294.8,-1565.4],[-2295,-1548.1],[-2295.6,-1538.3]]}},{"type":"Feature","properties":{"kind":"road","class":"secondary","name":"West Lake Street"},"geometry":{"type":"LineString","coordinates":[[-2307.3,-1538.7],[-2302.5,-1538.5]]}},{"type":"Feature","properties":{"kind":"road","class":"secondary","name":"South Ashland Avenue"},"geometry":{"type":"LineString","coordinates":[[-2276.8,-2390.4],[-2277,-2382.9],[-2279,-2285.2]]}},{"type":"Feature","properties":{"kind":"road","class":"secondary","name":"West Madison Street"},"geometry":{"type":"LineString","coordinates":[[-1916.2,-1958.9],[-1529,-1950.5]]}},{"type":"Feature","properties":{"kind":"road","class":"secondary","name":"West Madison Street"},"geometry":{"type":"LineString","coordinates":[[-1529,-1950.5],[-1490.8,-1949.6]]}},{"type":"Feature","properties":{"kind":"road","class":"secondary","name":"West Madison Street"},"geometry":{"type":"LineString","coordinates":[[-1453.2,-1948.7],[-1099.1,-1941]]}},{"type":"Feature","properties":{"kind":"road","class":"secondary","name":"West Madison Street"},"geometry":{"type":"LineString","coordinates":[[-1099.1,-1941],[-1077.9,-1940.8],[-1067.2,-1940.8]]}},{"type":"Feature","properties":{"kind":"road","class":"secondary","name":"West Madison Street"},"geometry":{"type":"LineString","coordinates":[[-1067.2,-1940.8],[-970.7,-1938.3]]}},{"type":"Feature","properties":{"kind":"road","class":"tertiary","name":"West Warren Boulevard"},"geometry":{"type":"LineString","coordinates":[[-2702.7,-1872.9],[-2500.6,-1868.5]]}},{"type":"Feature","properties":{"kind":"road","class":"secondary","name":"West Ogden Avenue"},"geometry":{"type":"LineString","coordinates":[[-2296.7,-2043],[-2304.9,-2052.1],[-2319.3,-2068.7]]}},{"type":"Feature","properties":{"kind":"road","class":"secondary","name":"South Ashland Avenue"},"geometry":{"type":"LineString","coordinates":[[-2296.7,-2043],[-2296.7,-2058.5]]}},{"type":"Feature","properties":{"kind":"road","class":"secondary","name":"North Ogden Avenue"},"geometry":{"type":"LineString","coordinates":[[-2153,-1864.8],[-2113.1,-1813]]}},{"type":"Feature","properties":{"kind":"road","class":"secondary","name":"West Randolph Street"},"geometry":{"type":"LineString","coordinates":[[-1169.2,-1652.3],[-1363.1,-1657]]}},{"type":"Feature","properties":{"kind":"road","class":"tertiary","name":"West Randolph Street"},"geometry":{"type":"LineString","coordinates":[[-1073,-1659.7],[-976,-1656.9]]}},{"type":"Feature","properties":{"kind":"rail","class":"rail","name":"C&M Subdivision"},"geometry":{"type":"LineString","coordinates":[[-1035.4,-1195.3],[-1474.8,-1200],[-1615.1,-1193.8],[-1782.7,-1180.5]]}},{"type":"Feature","properties":{"kind":"road","class":"secondary","name":"North Ogden Avenue"},"geometry":{"type":"LineString","coordinates":[[-2007.8,-1665.5],[-1995.7,-1655.7],[-1974.3,-1604.7]]}},{"type":"Feature","properties":{"kind":"road","class":"tertiary","name":"North Racine Avenue"},"geometry":{"type":"LineString","coordinates":[[-1467.8,-1277],[-1470,-1155.7],[-1472.7,-1150],[-1477.9,-1139.7]]}},{"type":"Feature","properties":{"kind":"road","class":"secondary","name":"North Ogden Avenue"},"geometry":{"type":"LineString","coordinates":[[-1628.3,-861.6],[-1632,-867.6]]}},{"type":"Feature","properties":{"kind":"road","class":"secondary","name":"West Ogden Avenue"},"geometry":{"type":"LineString","coordinates":[[-2428.6,-2188.3],[-2475.6,-2239.2],[-2491.6,-2256]]}},{"type":"Feature","properties":{"kind":"road","class":"secondary","name":"West Ogden Avenue"},"geometry":{"type":"LineString","coordinates":[[-2424,-2183.3],[-2428.6,-2188.3]]}},{"type":"Feature","properties":{"kind":"road","class":"secondary","name":"North Ogden Avenue"},"geometry":{"type":"LineString","coordinates":[[-2179.2,-1898.8],[-2167.1,-1882.9],[-2153,-1864.8]]}},{"type":"Feature","properties":{"kind":"road","class":"secondary","name":"North Ogden Avenue"},"geometry":{"type":"LineString","coordinates":[[-2189.2,-1912.9],[-2179.2,-1898.8]]}},{"type":"Feature","properties":{"kind":"road","class":"residential","name":"North Throop Street"},"geometry":{"type":"LineString","coordinates":[[-1695.7,-1954.1],[-1697.4,-1949.5],[-1699.1,-1943.6],[-1702,-1802.5]]}},{"type":"Feature","properties":{"kind":"rail","class":"rail","name":"UP Geneva Subdivision"},"geometry":{"type":"LineString","coordinates":[[-1000.8,-1042.7],[-1059.8,-1043]]}},{"type":"Feature","properties":{"kind":"rail","class":"rail","name":"UP Geneva Subdivision"},"geometry":{"type":"LineString","coordinates":[[-1059.2,-1038.9],[-1044.5,-1039.3]]}},{"type":"Feature","properties":{"kind":"rail","class":"rail","name":"UP Geneva Subdivision"},"geometry":{"type":"LineString","coordinates":[[-1000.7,-1046.6],[-1076.8,-1047.6]]}},{"type":"Feature","properties":{"kind":"road","class":"secondary","name":"West Ogden Avenue"},"geometry":{"type":"LineString","coordinates":[[-2319.3,-2068.7],[-2335.8,-2087.2]]}},{"type":"Feature","properties":{"kind":"road","class":"secondary","name":"West Ogden Avenue"},"geometry":{"type":"LineString","coordinates":[[-2335.8,-2087.2],[-2348.8,-2102.8],[-2356.4,-2111.2]]}},{"type":"Feature","properties":{"kind":"rail","class":"subway","name":"Lake Branch"},"geometry":{"type":"LineString","coordinates":[[-2491.7,-1549.3],[-2298.5,-1540.6],[-1793.6,-1527.6],[-629.8,-1502.3]]}},{"type":"Feature","properties":{"kind":"rail","class":"subway","name":"Lake Branch"},"geometry":{"type":"LineString","coordinates":[[-629.9,-1498.5],[-2181.6,-1533.8],[-2309.7,-1537.1],[-2493.7,-1545.7]]}},{"type":"Feature","properties":{"kind":"rail","class":"subway","name":"Lake Branch"},"geometry":{"type":"LineString","coordinates":[[-4326.1,-1639.3],[-2491.7,-1549.3]]}},{"type":"Feature","properties":{"kind":"rail","class":"subway","name":"Lake Branch"},"geometry":{"type":"LineString","coordinates":[[-2493.7,-1545.7],[-4326.3,-1635.9]]}},{"type":"Feature","properties":{"kind":"rail","class":"rail","name":"C&M Subdivision"},"geometry":{"type":"LineString","coordinates":[[-813.8,-1219.3],[-881.4,-1206.1],[-940.4,-1195.6],[-974.6,-1190.8],[-994.2,-1189.1],[-1010.9,-1188.2],[-1038.8,-1187.2],[-1249.8,-1190.9]]}},{"type":"Feature","properties":{"kind":"rail","class":"rail","name":"C&M Subdivision"},"geometry":{"type":"LineString","coordinates":[[-1193,-1193.5],[-1000.9,-1192.5],[-982.6,-1194],[-956.2,-1196.9],[-931.2,-1200.9],[-899.3,-1206.9]]}},{"type":"Feature","properties":{"kind":"rail","class":"rail","name":"C&M Subdivision"},"geometry":{"type":"LineString","coordinates":[[-959.5,-1200.7],[-1035.4,-1195.3]]}},{"type":"Feature","properties":{"kind":"rail","class":"rail","name":"C&M Subdivision"},"geometry":{"type":"LineString","coordinates":[[-1780.5,-1176.4],[-1607.5,-1190.1],[-1468.9,-1195.9],[-1193,-1193.5]]}},{"type":"Feature","properties":{"kind":"rail","class":"rail","name":"C&M Subdivision"},"geometry":{"type":"LineString","coordinates":[[-1249.8,-1190.9],[-1373.4,-1192.4],[-1576.2,-1188.9],[-1778.3,-1172.2]]}},{"type":"Feature","properties":{"kind":"road","class":"motorway","name":"Kennedy Expressway"},"geometry":{"type":"LineString","coordinates":[[-925,-939.5],[-1038.9,-835.2]]}},{"type":"Feature","properties":{"kind":"road","class":"secondary","name":"West Grand Avenue"},"geometry":{"type":"LineString","coordinates":[[-1042.6,-896.8],[-1328.4,-902]]}},{"type":"Feature","properties":{"kind":"road","class":"tertiary","name":"West Hubbard Street"},"geometry":{"type":"LineString","coordinates":[[-1328.3,-1022.3],[-1713.9,-1026.6]]}},{"type":"Feature","properties":{"kind":"road","class":"tertiary","name":"North Racine Avenue"},"geometry":{"type":"LineString","coordinates":[[-1453.2,-1948.7],[-1456,-1811.8]]}},{"type":"Feature","properties":{"kind":"road","class":"tertiary","name":"North Racine Avenue"},"geometry":{"type":"LineString","coordinates":[[-1456,-1811.8],[-1455.8,-1808.9],[-1454.9,-1797.4]]}},{"type":"Feature","properties":{"kind":"road","class":"secondary","name":"North Ashland Avenue"},"geometry":{"type":"LineString","coordinates":[[-2310.9,-1107.5],[-2311.6,-1053.8]]}},{"type":"Feature","properties":{"kind":"rail","class":"rail","name":"UP Geneva Subdivision"},"geometry":{"type":"LineString","coordinates":[[-2304.5,-1157.1],[-1992.9,-1150.4]]}},{"type":"Feature","properties":{"kind":"rail","class":"rail","name":"UP Geneva Subdivision"},"geometry":{"type":"LineString","coordinates":[[-2304.4,-1161.1],[-2046.3,-1157.2],[-1995.6,-1155.2],[-1957.9,-1150.2]]}},{"type":"Feature","properties":{"kind":"rail","class":"rail","name":"UP Geneva Subdivision"},"geometry":{"type":"LineString","coordinates":[[-1933.2,-1149.7],[-1963.8,-1155.7],[-1985.4,-1158.7],[-2004.1,-1159.7],[-2046.3,-1161],[-2304.3,-1164.9]]}},{"type":"Feature","properties":{"kind":"rail","class":"rail","name":"UP Geneva Subdivision"},"geometry":{"type":"LineString","coordinates":[[-1892.3,-1139.7],[-1913.3,-1145.2],[-1933.2,-1149.7]]}},{"type":"Feature","properties":{"kind":"rail","class":"rail","name":"UP Geneva Subdivision"},"geometry":{"type":"LineString","coordinates":[[-1909.2,-1149.1],[-1953.8,-1158.3],[-1979.4,-1162.1],[-2001.9,-1163.6],[-2304.2,-1168.9]]}},{"type":"Feature","properties":{"kind":"rail","class":"rail","name":"UP Geneva Subdivision"},"geometry":{"type":"LineString","coordinates":[[-1957.9,-1150.2],[-1901.4,-1137.5]]}},{"type":"Feature","properties":{"kind":"rail","class":"rail","name":"UP Geneva Subdivision"},"geometry":{"type":"LineString","coordinates":[[-1992.9,-1150.4],[-1973.9,-1148.3],[-1941.3,-1142.4],[-1913.3,-1135.9],[-1901.4,-1132.8]]}},{"type":"Feature","properties":{"kind":"rail","class":"rail","name":"UP Geneva Subdivision"},"geometry":{"type":"LineString","coordinates":[[-1873.5,-1139.1],[-1909.2,-1149.1]]}},{"type":"Feature","properties":{"kind":"road","class":"tertiary","name":"North Racine Avenue"},"geometry":{"type":"LineString","coordinates":[[-1456.9,-1669.2],[-1454,-1786.9]]}},{"type":"Feature","properties":{"kind":"road","class":"tertiary","name":"West Randolph Street"},"geometry":{"type":"LineString","coordinates":[[-1362.8,-1666.8],[-1168.9,-1662.6]]}},{"type":"Feature","properties":{"kind":"road","class":"tertiary","name":"North Racine Avenue"},"geometry":{"type":"LineString","coordinates":[[-1458.8,-1648.4],[-1457.8,-1659.2]]}},{"type":"Feature","properties":{"kind":"road","class":"residential","name":"North Ada Street"},"geometry":{"type":"LineString","coordinates":[[-1774.4,-1955.9],[-1779.2,-1686.7]]}},{"type":"Feature","properties":{"kind":"road","class":"secondary","name":"North Ogden Avenue"},"geometry":{"type":"LineString","coordinates":[[-1513,-707],[-1455.6,-617]]}},{"type":"Feature","properties":{"kind":"road","class":"secondary","name":"North Ashland Avenue"},"geometry":{"type":"LineString","coordinates":[[-2314.2,-1409],[-2312,-1451.3]]}},{"type":"Feature","properties":{"kind":"road","class":"secondary","name":"North Ashland Avenue"},"geometry":{"type":"LineString","coordinates":[[-2314.4,-1379.5],[-2314.2,-1409]]}},{"type":"Feature","properties":{"kind":"road","class":"secondary","name":"North Ashland Avenue"},"geometry":{"type":"LineString","coordinates":[[-2319.4,-1150.5],[-2317.4,-1218.3]]}},{"type":"Feature","properties":{"kind":"road","class":"secondary","name":"North Ogden Avenue"},"geometry":{"type":"LineString","coordinates":[[-1902.2,-1431],[-1891.8,-1407.8],[-1888.6,-1399.2]]}},{"type":"Feature","properties":{"kind":"road","class":"secondary","name":"North Ogden Avenue"},"geometry":{"type":"LineString","coordinates":[[-1893,-1367.6],[-1902.2,-1390],[-1905.8,-1399.6]]}},{"type":"Feature","properties":{"kind":"road","class":"tertiary","name":"West Washington Boulevard"},"geometry":{"type":"LineString","coordinates":[[-2288.7,-1763.4],[-2303.2,-1763.7]]}},{"type":"Feature","properties":{"kind":"road","class":"secondary","name":"West Randolph Street"},"geometry":{"type":"LineString","coordinates":[[-1784.1,-1665.4],[-1921.6,-1667.6]]}},{"type":"Feature","properties":{"kind":"road","class":"tertiary","name":"West Randolph Street"},"geometry":{"type":"LineString","coordinates":[[-1738.5,-1673.8],[-1535.1,-1670.8]]}},{"type":"Feature","properties":{"kind":"road","class":"secondary","name":"South Ashland Avenue"},"geometry":{"type":"LineString","coordinates":[[-2282.5,-2109.5],[-2282.7,-2100.1],[-2283.3,-2074.7]]}},{"type":"Feature","properties":{"kind":"road","class":"tertiary","name":"West Washington Boulevard"},"geometry":{"type":"LineString","coordinates":[[-2247.7,-1763.6],[-2288.7,-1763.4]]}},{"type":"Feature","properties":{"kind":"road","class":"tertiary","name":"West Randolph Street"},"geometry":{"type":"LineString","coordinates":[[-1535.1,-1670.8],[-1456.9,-1669.2]]}},{"type":"Feature","properties":{"kind":"road","class":"secondary","name":"West Randolph Street"},"geometry":{"type":"LineString","coordinates":[[-1535.2,-1660.9],[-1784.1,-1665.4]]}},{"type":"Feature","properties":{"kind":"road","class":"secondary","name":"North Ogden Avenue"},"geometry":{"type":"LineString","coordinates":[[-1719.3,-1037.5],[-1713.9,-1026.6]]}},{"type":"Feature","properties":{"kind":"road","class":"tertiary","name":"West Hubbard Street"},"geometry":{"type":"LineString","coordinates":[[-1713.9,-1026.6],[-1719.6,-1026.7]]}},{"type":"Feature","properties":{"kind":"road","class":"pedestrian"},"geometry":{"type":"LineString","coordinates":[[-1575.1,-1559.6],[-1571.1,-1554.5],[-1571.9,-1545.5],[-1566.4,-1534.7],[-1565.2,-1534.6],[-1563.3,-1534.5],[-1570.4,-1549.1],[-1569.6,-1551.8],[-1568.4,-1553.5],[-1559,-1556.4],[-1559,-1561],[-1567.6,-1561.1],[-1575.1,-1561.2],[-1575.1,-1559.6]]}},{"type":"Feature","properties":{"kind":"road","class":"secondary","name":"North Ashland Avenue"},"geometry":{"type":"LineString","coordinates":[[-2305.1,-1612],[-2305.6,-1648.2],[-2305.4,-1658.3]]}},{"type":"Feature","properties":{"kind":"road","class":"secondary","name":"North Ogden Avenue"},"geometry":{"type":"LineString","coordinates":[[-1837.9,-1273.7],[-1798.5,-1192.1]]}},{"type":"Feature","properties":{"kind":"road","class":"residential","name":"West Monroe Street"},"geometry":{"type":"LineString","coordinates":[[-2495,-2114.3],[-2697.9,-2118.8]]}},{"type":"Feature","properties":{"kind":"road","class":"secondary","name":"North Ashland Avenue"},"geometry":{"type":"LineString","coordinates":[[-2301.6,-1825.7],[-2301.1,-1855],[-2300.9,-1864.1]]}},{"type":"Feature","properties":{"kind":"road","class":"secondary","name":"North Ashland Avenue"},"geometry":{"type":"LineString","coordinates":[[-2299.7,-1922.5],[-2298.9,-1956],[-2298.6,-1967]]}},{"type":"Feature","properties":{"kind":"road","class":"secondary","name":"North Ashland Avenue"},"geometry":{"type":"LineString","coordinates":[[-2288.7,-1763.4],[-2289.1,-1753.1]]}},{"type":"Feature","properties":{"kind":"rail","class":"rail","name":"UP Geneva Subdivision"},"geometry":{"type":"LineString","coordinates":[[-980.2,-1033.7],[-939.8,-1033.3],[-904.4,-1032.6]]}},{"type":"Feature","properties":{"kind":"rail","class":"rail","name":"UP Geneva Subdivision"},"geometry":{"type":"LineString","coordinates":[[-1044.5,-1039.3],[-1000.9,-1038.1]]}},{"type":"Feature","properties":{"kind":"rail","class":"rail"},"geometry":{"type":"LineString","coordinates":[[-980,-1041.1],[-954.7,-1041.8]]}},{"type":"Feature","properties":{"kind":"rail","class":"rail","name":"UP Geneva Subdivision"},"geometry":{"type":"LineString","coordinates":[[-954.7,-1041.8],[-980,-1042.6]]}},{"type":"Feature","properties":{"kind":"rail","class":"rail","name":"UP Geneva Subdivision"},"geometry":{"type":"LineString","coordinates":[[-939.3,-1045.9],[-979.9,-1046.3]]}},{"type":"Feature","properties":{"kind":"rail","class":"rail","name":"UP Geneva Subdivision"},"geometry":{"type":"LineString","coordinates":[[-979.9,-1046.3],[-1000.7,-1046.6]]}},{"type":"Feature","properties":{"kind":"rail","class":"rail","name":"UP Geneva Subdivision"},"geometry":{"type":"LineString","coordinates":[[-980,-1042.6],[-1000.8,-1042.7]]}},{"type":"Feature","properties":{"kind":"rail","class":"rail"},"geometry":{"type":"LineString","coordinates":[[-1000.8,-1040.4],[-980,-1041.1]]}},{"type":"Feature","properties":{"kind":"rail","class":"rail","name":"UP Geneva Subdivision"},"geometry":{"type":"LineString","coordinates":[[-1000.9,-1038.1],[-980.1,-1037.9]]}},{"type":"Feature","properties":{"kind":"rail","class":"rail","name":"UP Geneva Subdivision"},"geometry":{"type":"LineString","coordinates":[[-1001,-1033.8],[-980.2,-1033.7]]}},{"type":"Feature","properties":{"kind":"rail","class":"rail","name":"UP Geneva Subdivision"},"geometry":{"type":"LineString","coordinates":[[-1147.9,-1035.8],[-1097.7,-1034.9]]}},{"type":"Feature","properties":{"kind":"rail","class":"rail"},"geometry":{"type":"LineString","coordinates":[[-1077,-1038.5],[-1059.2,-1038.9]]}},{"type":"Feature","properties":{"kind":"rail","class":"rail","name":"UP Geneva Subdivision"},"geometry":{"type":"LineString","coordinates":[[-1077,-1039.5],[-1059.2,-1038.9]]}},{"type":"Feature","properties":{"kind":"rail","class":"rail","name":"UP Geneva Subdivision"},"geometry":{"type":"LineString","coordinates":[[-1059.8,-1043],[-1076.9,-1043.2]]}},{"type":"Feature","properties":{"kind":"rail","class":"rail"},"geometry":{"type":"LineString","coordinates":[[-1059.8,-1043],[-1076.7,-1044.9]]}},{"type":"Feature","properties":{"kind":"rail","class":"rail"},"geometry":{"type":"LineString","coordinates":[[-1076.7,-1044.9],[-1097.2,-1045.2]]}},{"type":"Feature","properties":{"kind":"rail","class":"rail","name":"UP Geneva Subdivision"},"geometry":{"type":"LineString","coordinates":[[-1076.9,-1043.2],[-1097.3,-1043.4]]}},{"type":"Feature","properties":{"kind":"rail","class":"rail","name":"UP Geneva Subdivision"},"geometry":{"type":"LineString","coordinates":[[-1097.5,-1039.2],[-1077,-1039.5]]}},{"type":"Feature","properties":{"kind":"rail","class":"rail"},"geometry":{"type":"LineString","coordinates":[[-1097.6,-1037.5],[-1077,-1038.5]]}},{"type":"Feature","properties":{"kind":"rail","class":"rail","name":"UP Geneva Subdivision"},"geometry":{"type":"LineString","coordinates":[[-1097.7,-1034.9],[-1077.1,-1034.7]]}},{"type":"Feature","properties":{"kind":"rail","class":"rail","name":"UP Geneva Subdivision"},"geometry":{"type":"LineString","coordinates":[[-1097.1,-1047.8],[-1148.2,-1048.5]]}},{"type":"Feature","properties":{"kind":"rail","class":"rail","name":"UP Geneva Subdivision"},"geometry":{"type":"LineString","coordinates":[[-1076.8,-1047.6],[-1097.1,-1047.8]]}},{"type":"Feature","properties":{"kind":"rail","class":"rail","name":"UP Geneva Subdivision"},"geometry":{"type":"LineString","coordinates":[[-1808.8,-1115.8],[-1873.5,-1139.1]]}},{"type":"Feature","properties":{"kind":"rail","class":"rail","name":"UP Geneva Subdivision"},"geometry":{"type":"LineString","coordinates":[[-1632.7,-1062.2],[-1652.5,-1065.3]]}},{"type":"Feature","properties":{"kind":"rail","class":"rail","name":"UP Geneva Subdivision"},"geometry":{"type":"LineString","coordinates":[[-1808.8,-1110.1],[-1892.3,-1139.7]]}},{"type":"Feature","properties":{"kind":"rail","class":"rail","name":"UP Geneva Subdivision"},"geometry":{"type":"LineString","coordinates":[[-1632.7,-1056.5],[-1652.7,-1059.9]]}},{"type":"Feature","properties":{"kind":"rail","class":"rail","name":"UP Geneva Subdivision"},"geometry":{"type":"LineString","coordinates":[[-1901.4,-1137.5],[-1808.9,-1104.9]]}},{"type":"Feature","properties":{"kind":"rail","class":"rail","name":"UP Geneva Subdivision"},"geometry":{"type":"LineString","coordinates":[[-1653,-1054.8],[-1632.8,-1051.7]]}},{"type":"Feature","properties":{"kind":"rail","class":"rail","name":"UP Geneva Subdivision"},"geometry":{"type":"LineString","coordinates":[[-1901.4,-1132.8],[-1808.9,-1099.9]]}},{"type":"Feature","properties":{"kind":"rail","class":"rail","name":"UP Geneva Subdivision"},"geometry":{"type":"LineString","coordinates":[[-1653.2,-1049.4],[-1632.8,-1046.4]]}},{"type":"Feature","properties":{"kind":"rail","class":"rail","name":"UP Geneva Subdivision"},"geometry":{"type":"LineString","coordinates":[[-1652.5,-1065.3],[-1682.5,-1071.9],[-1710.7,-1079.2],[-1735.5,-1087.5]]}},{"type":"Feature","properties":{"kind":"rail","class":"rail","name":"UP Geneva Subdivision"},"geometry":{"type":"LineString","coordinates":[[-1652.7,-1059.9],[-1683.1,-1066.2],[-1710.7,-1073.3],[-1732.4,-1080.4]]}},{"type":"Feature","properties":{"kind":"rail","class":"rail","name":"UP Geneva Subdivision"},"geometry":{"type":"LineString","coordinates":[[-1729.3,-1074.2],[-1653,-1054.8]]}},{"type":"Feature","properties":{"kind":"rail","class":"rail","name":"UP Geneva Subdivision"},"geometry":{"type":"LineString","coordinates":[[-1726.2,-1067.7],[-1653.2,-1049.4]]}},{"type":"Feature","properties":{"kind":"rail","class":"rail","name":"UP Geneva Subdivision"},"geometry":{"type":"LineString","coordinates":[[-1771.5,-1085.4],[-1747.7,-1076.3],[-1726.2,-1067.7]]}},{"type":"Feature","properties":{"kind":"rail","class":"rail","name":"UP Geneva Subdivision"},"geometry":{"type":"LineString","coordinates":[[-1774.8,-1091.8],[-1752,-1083.3],[-1729.3,-1074.2]]}},{"type":"Feature","properties":{"kind":"rail","class":"rail","name":"UP Geneva Subdivision"},"geometry":{"type":"LineString","coordinates":[[-1732.4,-1080.4],[-1751.1,-1087.9],[-1778.2,-1098.3]]}},{"type":"Feature","properties":{"kind":"rail","class":"rail","name":"UP Geneva Subdivision"},"geometry":{"type":"LineString","coordinates":[[-1735.5,-1087.5],[-1761.4,-1097.5],[-1781.8,-1105.2]]}},{"type":"Feature","properties":{"kind":"rail","class":"rail","name":"UP Geneva Subdivision"},"geometry":{"type":"LineString","coordinates":[[-1808.9,-1099.9],[-1789.1,-1092.2]]}},{"type":"Feature","properties":{"kind":"rail","class":"rail","name":"UP Geneva Subdivision"},"geometry":{"type":"LineString","coordinates":[[-1789.1,-1092.2],[-1771.5,-1085.4]]}},{"type":"Feature","properties":{"kind":"rail","class":"rail","name":"UP Geneva Subdivision"},"geometry":{"type":"LineString","coordinates":[[-1788.9,-1097.3],[-1774.8,-1091.8]]}},{"type":"Feature","properties":{"kind":"rail","class":"rail","name":"UP Geneva Subdivision"},"geometry":{"type":"LineString","coordinates":[[-1808.9,-1104.9],[-1788.9,-1097.3]]}},{"type":"Feature","properties":{"kind":"rail","class":"rail","name":"UP Geneva Subdivision"},"geometry":{"type":"LineString","coordinates":[[-1788.8,-1102.3],[-1808.8,-1110.1]]}},{"type":"Feature","properties":{"kind":"rail","class":"rail","name":"UP Geneva Subdivision"},"geometry":{"type":"LineString","coordinates":[[-1778.2,-1098.3],[-1788.8,-1102.3]]}},{"type":"Feature","properties":{"kind":"rail","class":"rail","name":"UP Geneva Subdivision"},"geometry":{"type":"LineString","coordinates":[[-1788.7,-1107.8],[-1808.8,-1115.8]]}},{"type":"Feature","properties":{"kind":"rail","class":"rail","name":"UP Geneva Subdivision"},"geometry":{"type":"LineString","coordinates":[[-1781.8,-1105.2],[-1788.7,-1107.8]]}},{"type":"Feature","properties":{"kind":"road","class":"secondary","name":"South Ashland Avenue"},"geometry":{"type":"LineString","coordinates":[[-2284.2,-2029.6],[-2283.4,-2009.5]]}},{"type":"Feature","properties":{"kind":"road","class":"tertiary","name":"West Hubbard Street"},"geometry":{"type":"LineString","coordinates":[[-2519.1,-1040.4],[-3125.6,-1053.5]]}},{"type":"Feature","properties":{"kind":"road","class":"residential","name":"South Paulina Street"},"geometry":{"type":"LineString","coordinates":[[-2488.2,-2396.1],[-2491.6,-2256]]}},{"type":"Feature","properties":{"kind":"road","class":"residential","name":"North Paulina Street"},"geometry":{"type":"LineString","coordinates":[[-2502.8,-1768.2],[-2507.4,-1548.2]]}},{"type":"Feature","properties":{"kind":"road","class":"tertiary","name":"West Hubbard Street"},"geometry":{"type":"LineString","coordinates":[[-2181.6,-1033.1],[-2312.2,-1034.9]]}},{"type":"Feature","properties":{"kind":"rail","class":"rail","name":"UP Geneva Subdivision"},"geometry":{"type":"LineString","coordinates":[[-2324.8,-1157.3],[-2304.5,-1157.1]]}},{"type":"Feature","properties":{"kind":"rail","class":"rail","name":"UP Geneva Subdivision"},"geometry":{"type":"LineString","coordinates":[[-2324.7,-1161.3],[-2304.4,-1161.1]]}},{"type":"Feature","properties":{"kind":"rail","class":"rail","name":"UP Geneva Subdivision"},"geometry":{"type":"LineString","coordinates":[[-2304.3,-1164.9],[-2324.6,-1165.2]]}},{"type":"Feature","properties":{"kind":"rail","class":"rail","name":"UP Geneva Subdivision"},"geometry":{"type":"LineString","coordinates":[[-2304.2,-1168.9],[-2324.4,-1169.2]]}},{"type":"Feature","properties":{"kind":"rail","class":"rail","name":"C&M Subdivision"},"geometry":{"type":"LineString","coordinates":[[-2304.1,-1173.4],[-2324.3,-1173.7]]}},{"type":"Feature","properties":{"kind":"rail","class":"rail","name":"C&M Subdivision"},"geometry":{"type":"LineString","coordinates":[[-2324.2,-1177.8],[-2304,-1177.5]]}},{"type":"Feature","properties":{"kind":"rail","class":"rail","name":"C&M Subdivision"},"geometry":{"type":"LineString","coordinates":[[-2303.9,-1181.5],[-2324.1,-1181.9]]}},{"type":"Feature","properties":{"kind":"road","class":"tertiary","name":"West Adams Street"},"geometry":{"type":"LineString","coordinates":[[-1060.2,-2224],[-1484.3,-2233.5]]}},{"type":"Feature","properties":{"kind":"road","class":"tertiary","name":"West Adams Street"},"geometry":{"type":"LineString","coordinates":[[-1484.3,-2233.5],[-1886.7,-2242.5]]}},{"type":"Feature","properties":{"kind":"road","class":"tertiary","name":"West Adams Street"},"geometry":{"type":"LineString","coordinates":[[-2290.6,-2251.6],[-2491.6,-2256]]}},{"type":"Feature","properties":{"kind":"road","class":"secondary","name":"South Ashland Avenue"},"geometry":{"type":"LineString","coordinates":[[-2290.6,-2251.6],[-2288.3,-2356.2]]}},{"type":"Feature","properties":{"kind":"road","class":"tertiary","name":"West Adams Street"},"geometry":{"type":"LineString","coordinates":[[-2279.6,-2251.3],[-2290.6,-2251.6]]}},{"type":"Feature","properties":{"kind":"road","class":"pedestrian"},"geometry":{"type":"LineString","coordinates":[[-1915.2,-2046.1],[-1947.7,-2046.2],[-1964.1,-2047.1],[-1998.6,-1976.8],[-1999,-1973.1],[-1969.5,-1972.5],[-1962.7,-1972.4],[-1962.4,-1987.4],[-1965.6,-1987.5],[-1966.5,-1989],[-1971,-1987.3],[-1973.7,-1999.9],[-1972.3,-2013.1],[-1967.2,-2024.5],[-1961.2,-2031.8],[-1948,-2040.3],[-1932.5,-2043.3],[-1916.4,-2039.6],[-1915.3,-2041.6],[-1915.2,-2046.1]]}},{"type":"Feature","properties":{"kind":"road","class":"residential","name":"West Kinzie Street"},"geometry":{"type":"LineString","coordinates":[[-2178.3,-1148.8],[-2289.6,-1150.5]]}},{"type":"Feature","properties":{"kind":"road","class":"residential","name":"North Sangamon Street"},"geometry":{"type":"LineString","coordinates":[[-976.3,-1637.7],[-979.9,-1508.2]]}},{"type":"Feature","properties":{"kind":"road","class":"secondary","name":"West Randolph Street"},"geometry":{"type":"LineString","coordinates":[[-975.9,-1647.5],[-1073.3,-1649.8]]}},{"type":"Feature","properties":{"kind":"road","class":"tertiary","name":"West Washington Boulevard"},"geometry":{"type":"LineString","coordinates":[[-2130.9,-1794.8],[-2150.2,-1794.5],[-2219.8,-1768.7],[-2247.7,-1763.6]]}},{"type":"Feature","properties":{"kind":"rail","class":"subway","name":"Paulina Connector"},"geometry":{"type":"LineString","coordinates":[[-2558.6,-2280.1],[-2568.4,-1838.5],[-2562,-1764.6],[-2565.1,-1630.3]]}},{"type":"Feature","properties":{"kind":"rail","class":"subway","name":"Paulina Connector"},"geometry":{"type":"LineString","coordinates":[[-2568.8,-1632.2],[-2566.2,-1758.9],[-2566.3,-1770.6],[-2571.9,-1835.6],[-2562.3,-2280.1]]}},{"type":"Feature","properties":{"kind":"road","class":"secondary","name":"West Grand Avenue"},"geometry":{"type":"LineString","coordinates":[[-1915.4,-909.8],[-2184.3,-913.4]]}},{"type":"Feature","properties":{"kind":"road","class":"tertiary","name":"North Noble Street"},"geometry":{"type":"LineString","coordinates":[[-1915.4,-909.8],[-1913.2,-1029.4]]}},{"type":"Feature","properties":{"kind":"road","class":"secondary","name":"West Grand Avenue"},"geometry":{"type":"LineString","coordinates":[[-1655.8,-906.4],[-1915.4,-909.8]]}},{"type":"Feature","properties":{"kind":"road","class":"secondary","name":"West Grand Avenue"},"geometry":{"type":"LineString","coordinates":[[-1638.9,-906.2],[-1655.8,-906.4]]}},{"type":"Feature","properties":{"kind":"road","class":"secondary","name":"North Ashland Avenue"},"geometry":{"type":"LineString","coordinates":[[-2286.8,-1864.2],[-2287,-1854.3],[-2287.9,-1809.1]]}},{"type":"Feature","properties":{"kind":"road","class":"tertiary","name":"West Warren Boulevard"},"geometry":{"type":"LineString","coordinates":[[-2300.9,-1864.1],[-2286.8,-1864.2]]}},{"type":"Feature","properties":{"kind":"road","class":"secondary","name":"North Ashland Avenue"},"geometry":{"type":"LineString","coordinates":[[-2314.8,-1363],[-2314.4,-1379.5]]}},{"type":"Feature","properties":{"kind":"road","class":"secondary","name":"West Madison Street"},"geometry":{"type":"LineString","coordinates":[[-1490.8,-1949.6],[-1453.2,-1948.7]]}},{"type":"Feature","properties":{"kind":"road","class":"secondary","name":"West Madison Street"},"geometry":{"type":"LineString","coordinates":[[-2330.1,-1967.9],[-2498.4,-1970.8]]}},{"type":"Feature","properties":{"kind":"road","class":"residential","name":"North Carpenter Street"},"geometry":{"type":"LineString","coordinates":[[-1183.5,-1070.9],[-1181.2,-1061.1],[-1181.5,-1030.8],[-1184.2,-1019.9]]}},{"type":"Feature","properties":{"kind":"rail","class":"rail","name":"UP Geneva Subdivision"},"geometry":{"type":"LineString","coordinates":[[-1173.7,-1035.9],[-1166.4,-1035.9],[-1147.9,-1035.8]]}},{"type":"Feature","properties":{"kind":"rail","class":"rail","name":"UP Geneva Subdivision"},"geometry":{"type":"LineString","coordinates":[[-1194.5,-1036.3],[-1173.7,-1035.9]]}},{"type":"Feature","properties":{"kind":"rail","class":"rail","name":"UP Geneva Subdivision"},"geometry":{"type":"LineString","coordinates":[[-1173.6,-1040.3],[-1148,-1040],[-1097.5,-1039.2]]}},{"type":"Feature","properties":{"kind":"rail","class":"rail","name":"UP Geneva Subdivision"},"geometry":{"type":"LineString","coordinates":[[-1097.3,-1043.4],[-1148.8,-1044.1],[-1173.5,-1044.7]]}},{"type":"Feature","properties":{"kind":"rail","class":"rail","name":"UP Geneva Subdivision"},"geometry":{"type":"LineString","coordinates":[[-1148.2,-1048.5],[-1173.5,-1048.8]]}},{"type":"Feature","properties":{"kind":"rail","class":"rail","name":"UP Geneva Subdivision"},"geometry":{"type":"LineString","coordinates":[[-1173.5,-1048.8],[-1194.3,-1049.1]]}},{"type":"Feature","properties":{"kind":"rail","class":"rail","name":"UP Geneva Subdivision"},"geometry":{"type":"LineString","coordinates":[[-1173.5,-1044.7],[-1194.3,-1044.9]]}},{"type":"Feature","properties":{"kind":"rail","class":"rail","name":"UP Geneva Subdivision"},"geometry":{"type":"LineString","coordinates":[[-1194.4,-1040.5],[-1173.6,-1040.3]]}},{"type":"Feature","properties":{"kind":"road","class":"residential","name":"North Sangamon Street"},"geometry":{"type":"LineString","coordinates":[[-989.4,-1065.2],[-987.8,-1054.9],[-988.3,-1028.3],[-990.6,-1016.9]]}},{"type":"Feature","properties":{"kind":"road","class":"residential","name":"North Morgan Street"},"geometry":{"type":"LineString","coordinates":[[-1085.7,-1062.7],[-1083.5,-1055.8],[-1084.1,-1029.3],[-1086.6,-1018.2]]}},{"type":"Feature","properties":{"kind":"road","class":"residential","name":"North Aberdeen Street"},"geometry":{"type":"LineString","coordinates":[[-1278.9,-1062.1],[-1276.3,-1055.2],[-1277.3,-1031.5],[-1279.8,-1021.7]]}},{"type":"Feature","properties":{"kind":"rail","class":"rail","name":"UP Geneva Subdivision"},"geometry":{"type":"LineString","coordinates":[[-1270.4,-1037.3],[-1258.9,-1037.2],[-1194.5,-1036.3]]}},{"type":"Feature","properties":{"kind":"rail","class":"rail","name":"UP Geneva Subdivision"},"geometry":{"type":"LineString","coordinates":[[-1270.3,-1041.6],[-1194.4,-1040.5]]}},{"type":"Feature","properties":{"kind":"rail","class":"rail","name":"UP Geneva Subdivision"},"geometry":{"type":"LineString","coordinates":[[-1194.3,-1044.9],[-1270.1,-1045.9]]}},{"type":"Feature","properties":{"kind":"rail","class":"rail","name":"UP Geneva Subdivision"},"geometry":{"type":"LineString","coordinates":[[-1194.3,-1049.1],[-1270,-1050.1]]}},{"type":"Feature","properties":{"kind":"rail","class":"rail","name":"UP Geneva Subdivision"},"geometry":{"type":"LineString","coordinates":[[-1270,-1050.1],[-1290.4,-1050.4]]}},{"type":"Feature","properties":{"kind":"rail","class":"rail","name":"UP Geneva Subdivision"},"geometry":{"type":"LineString","coordinates":[[-1270.1,-1045.9],[-1290.4,-1046.2]]}},{"type":"Feature","properties":{"kind":"rail","class":"rail","name":"UP Geneva Subdivision"},"geometry":{"type":"LineString","coordinates":[[-1290.5,-1041.9],[-1270.3,-1041.6]]}},{"type":"Feature","properties":{"kind":"rail","class":"rail","name":"UP Geneva Subdivision"},"geometry":{"type":"LineString","coordinates":[[-1290.5,-1037.6],[-1270.4,-1037.3]]}},{"type":"Feature","properties":{"kind":"rail","class":"rail","name":"UP Geneva Subdivision"},"geometry":{"type":"LineString","coordinates":[[-1366.8,-1038.5],[-1290.5,-1037.6]]}},{"type":"Feature","properties":{"kind":"rail","class":"rail","name":"UP Geneva Subdivision"},"geometry":{"type":"LineString","coordinates":[[-1366.7,-1042.9],[-1290.5,-1041.9]]}},{"type":"Feature","properties":{"kind":"rail","class":"rail","name":"UP Geneva Subdivision"},"geometry":{"type":"LineString","coordinates":[[-1290.4,-1046.2],[-1366.6,-1047.5]]}},{"type":"Feature","properties":{"kind":"rail","class":"rail","name":"UP Geneva Subdivision"},"geometry":{"type":"LineString","coordinates":[[-1290.4,-1050.4],[-1366.6,-1051.5]]}},{"type":"Feature","properties":{"kind":"rail","class":"rail","name":"UP Geneva Subdivision"},"geometry":{"type":"LineString","coordinates":[[-1366.6,-1051.5],[-1386.6,-1051.7]]}},{"type":"Feature","properties":{"kind":"rail","class":"rail","name":"UP Geneva Subdivision"},"geometry":{"type":"LineString","coordinates":[[-1366.6,-1047.5],[-1386.7,-1047.7]]}},{"type":"Feature","properties":{"kind":"rail","class":"rail","name":"UP Geneva Subdivision"},"geometry":{"type":"LineString","coordinates":[[-1386.7,-1043.2],[-1366.7,-1042.9]]}},{"type":"Feature","properties":{"kind":"rail","class":"rail","name":"UP Geneva Subdivision"},"geometry":{"type":"LineString","coordinates":[[-1386.8,-1038.8],[-1366.8,-1038.5]]}},{"type":"Feature","properties":{"kind":"road","class":"tertiary","name":"North Racine Avenue"},"geometry":{"type":"LineString","coordinates":[[-1507.6,-1073],[-1505.3,-1061.4],[-1505.9,-1034.5],[-1508.6,-1024.3]]}},{"type":"Feature","properties":{"kind":"rail","class":"rail","name":"UP Geneva Subdivision"},"geometry":{"type":"LineString","coordinates":[[-1632.8,-1046.4],[-1622.5,-1045.1],[-1602.5,-1043.2],[-1571.4,-1041.7],[-1519.2,-1040.3]]}},{"type":"Feature","properties":{"kind":"rail","class":"rail","name":"UP Geneva Subdivision"},"geometry":{"type":"LineString","coordinates":[[-1632.8,-1051.7],[-1621.5,-1050.4],[-1592.1,-1047.5],[-1564.7,-1046.1],[-1519.1,-1045.1]]}},{"type":"Feature","properties":{"kind":"rail","class":"rail","name":"UP Geneva Subdivision"},"geometry":{"type":"LineString","coordinates":[[-1519.1,-1049.4],[-1555.9,-1050.5],[-1585.2,-1051.8],[-1609.8,-1053.9],[-1632.7,-1056.5]]}},{"type":"Feature","properties":{"kind":"rail","class":"rail","name":"UP Geneva Subdivision"},"geometry":{"type":"LineString","coordinates":[[-1519.1,-1053.4],[-1553.6,-1054.5],[-1587,-1056.4],[-1617.6,-1059.9],[-1632.7,-1062.2]]}},{"type":"Feature","properties":{"kind":"rail","class":"rail","name":"UP Geneva Subdivision"},"geometry":{"type":"LineString","coordinates":[[-1498.6,-1053],[-1519.1,-1053.4]]}},{"type":"Feature","properties":{"kind":"rail","class":"rail","name":"UP Geneva Subdivision"},"geometry":{"type":"LineString","coordinates":[[-1498.6,-1049.1],[-1519.1,-1049.4]]}},{"type":"Feature","properties":{"kind":"rail","class":"rail","name":"UP Geneva Subdivision"},"geometry":{"type":"LineString","coordinates":[[-1519.1,-1045.1],[-1503.7,-1044.8],[-1498.7,-1044.8]]}},{"type":"Feature","properties":{"kind":"rail","class":"rail","name":"UP Geneva Subdivision"},"geometry":{"type":"LineString","coordinates":[[-1519.2,-1040.3],[-1498.7,-1040.3]]}},{"type":"Feature","properties":{"kind":"rail","class":"rail","name":"C&M Subdivision"},"geometry":{"type":"LineString","coordinates":[[-1815.2,-1169.5],[-1826.9,-1168.8],[-1862,-1167.4],[-1995.8,-1168.9],[-2304.1,-1173.4]]}},{"type":"Feature","properties":{"kind":"rail","class":"rail","name":"C&M Subdivision"},"geometry":{"type":"LineString","coordinates":[[-1778.3,-1172.2],[-1815.2,-1169.5]]}},{"type":"Feature","properties":{"kind":"rail","class":"rail","name":"C&M Subdivision"},"geometry":{"type":"LineString","coordinates":[[-2304,-1177.5],[-1996.4,-1173],[-1873.9,-1171.5],[-1817.1,-1173.6]]}},{"type":"Feature","properties":{"kind":"rail","class":"rail","name":"C&M Subdivision"},"geometry":{"type":"LineString","coordinates":[[-1817.1,-1173.6],[-1780.5,-1176.4]]}},{"type":"Feature","properties":{"kind":"rail","class":"rail","name":"C&M Subdivision"},"geometry":{"type":"LineString","coordinates":[[-1818.9,-1177.6],[-1882.8,-1175.6],[-1994.6,-1176.9],[-2303.9,-1181.5]]}},{"type":"Feature","properties":{"kind":"rail","class":"rail","name":"C&M Subdivision"},"geometry":{"type":"LineString","coordinates":[[-1782.7,-1180.5],[-1818.9,-1177.6]]}},{"type":"Feature","properties":{"kind":"rail","class":"rail"},"geometry":{"type":"LineString","coordinates":[[-1785.9,-1186.5],[-1500.7,-1204.1],[-1385.8,-1203.8]]}},{"type":"Feature","properties":{"kind":"rail","class":"rail"},"geometry":{"type":"LineString","coordinates":[[-1820.9,-1181.8],[-1785.9,-1186.5]]}},{"type":"Feature","properties":{"kind":"rail","class":"rail"},"geometry":{"type":"LineString","coordinates":[[-2505.2,-1185.1],[-2324,-1185.7]]}},{"type":"Feature","properties":{"kind":"rail","class":"rail"},"geometry":{"type":"LineString","coordinates":[[-2526.6,-1185.4],[-2505.2,-1185.1]]}},{"type":"Feature","properties":{"kind":"rail","class":"rail","name":"C&M Subdivision"},"geometry":{"type":"LineString","coordinates":[[-2324.1,-1181.9],[-2505.2,-1181.2]]}},{"type":"Feature","properties":{"kind":"rail","class":"rail","name":"C&M Subdivision"},"geometry":{"type":"LineString","coordinates":[[-2505.2,-1181.2],[-2526.7,-1181.6]]}},{"type":"Feature","properties":{"kind":"rail","class":"rail","name":"C&M Subdivision"},"geometry":{"type":"LineString","coordinates":[[-2505.3,-1177.1],[-2324.2,-1177.8]]}},{"type":"Feature","properties":{"kind":"rail","class":"rail","name":"C&M Subdivision"},"geometry":{"type":"LineString","coordinates":[[-2526.8,-1177.6],[-2505.3,-1177.1]]}},{"type":"Feature","properties":{"kind":"rail","class":"rail","name":"C&M Subdivision"},"geometry":{"type":"LineString","coordinates":[[-2324.3,-1173.7],[-2505.3,-1173.1]]}},{"type":"Feature","properties":{"kind":"rail","class":"rail","name":"C&M Subdivision"},"geometry":{"type":"LineString","coordinates":[[-2505.3,-1173.1],[-2526.9,-1173.6]]}},{"type":"Feature","properties":{"kind":"rail","class":"rail","name":"UP Geneva Subdivision"},"geometry":{"type":"LineString","coordinates":[[-2324.4,-1169.2],[-2505.4,-1168.7]]}},{"type":"Feature","properties":{"kind":"rail","class":"rail","name":"UP Geneva Subdivision"},"geometry":{"type":"LineString","coordinates":[[-2505.4,-1168.7],[-2527,-1169.1]]}},{"type":"Feature","properties":{"kind":"rail","class":"rail","name":"UP Geneva Subdivision"},"geometry":{"type":"LineString","coordinates":[[-2324.6,-1165.2],[-2505.5,-1164.7]]}},{"type":"Feature","properties":{"kind":"rail","class":"rail","name":"UP Geneva Subdivision"},"geometry":{"type":"LineString","coordinates":[[-2505.5,-1164.7],[-2527.2,-1165]]}},{"type":"Feature","properties":{"kind":"rail","class":"rail","name":"UP Geneva Subdivision"},"geometry":{"type":"LineString","coordinates":[[-2505.5,-1160.9],[-2324.7,-1161.3]]}},{"type":"Feature","properties":{"kind":"rail","class":"rail","name":"UP Geneva Subdivision"},"geometry":{"type":"LineString","coordinates":[[-2527.3,-1161.2],[-2505.5,-1160.9]]}},{"type":"Feature","properties":{"kind":"rail","class":"rail","name":"UP Geneva Subdivision"},"geometry":{"type":"LineString","coordinates":[[-2505.6,-1156.8],[-2324.8,-1157.3]]}},{"type":"Feature","properties":{"kind":"rail","class":"rail","name":"UP Geneva Subdivision"},"geometry":{"type":"LineString","coordinates":[[-2527.4,-1157.3],[-2505.6,-1156.8]]}},{"type":"Feature","properties":{"kind":"rail","class":"rail"},"geometry":{"type":"LineString","coordinates":[[-2324,-1185.7],[-2303.8,-1185.7]]}},{"type":"Feature","properties":{"kind":"road","class":"residential","name":"North Paulina Street"},"geometry":{"type":"LineString","coordinates":[[-2498.4,-1970.8],[-2500.6,-1868.5]]}},{"type":"Feature","properties":{"kind":"road","class":"tertiary","name":"West Warren Boulevard"},"geometry":{"type":"LineString","coordinates":[[-2500.6,-1868.5],[-2300.9,-1864.1]]}},{"type":"Feature","properties":{"kind":"road","class":"residential","name":"North Paulina Street"},"geometry":{"type":"LineString","coordinates":[[-2500.6,-1868.5],[-2502.8,-1768.2]]}},{"type":"Feature","properties":{"kind":"road","class":"tertiary","name":"West Washington Boulevard"},"geometry":{"type":"LineString","coordinates":[[-2303.2,-1763.7],[-2502.8,-1768.2]]}},{"type":"Feature","properties":{"kind":"road","class":"tertiary","name":"West Washington Boulevard"},"geometry":{"type":"LineString","coordinates":[[-2502.8,-1768.2],[-2704.9,-1772.4]]}},{"type":"Feature","properties":{"kind":"road","class":"secondary","name":"North Ashland Avenue"},"geometry":{"type":"LineString","coordinates":[[-2303.7,-1408.7],[-2304.7,-1362.8]]}},{"type":"Feature","properties":{"kind":"road","class":"secondary","name":"North Ashland Avenue"},"geometry":{"type":"LineString","coordinates":[[-2302.1,-1452.4],[-2303.7,-1408.7]]}},{"type":"Feature","properties":{"kind":"road","class":"secondary","name":"West Lake Street"},"geometry":{"type":"LineString","coordinates":[[-2608.8,-1552.9],[-2507.4,-1548.2]]}},{"type":"Feature","properties":{"kind":"road","class":"residential","name":"West Monroe Street"},"geometry":{"type":"LineString","coordinates":[[-2295.1,-2109.7],[-2495,-2114.3]]}},{"type":"Feature","properties":{"kind":"road","class":"residential","name":"South Paulina Street"},"geometry":{"type":"LineString","coordinates":[[-2491.6,-2256],[-2495,-2114.3]]}},{"type":"Feature","properties":{"kind":"road","class":"tertiary","name":"South Loomis Street"},"geometry":{"type":"LineString","coordinates":[[-1886.7,-2242.5],[-1883.7,-2381.6]]}},{"type":"Feature","properties":{"kind":"road","class":"secondary","name":"West Lake Street"},"geometry":{"type":"LineString","coordinates":[[-2507.4,-1548.2],[-2315.2,-1539]]}},{"type":"Feature","properties":{"kind":"road","class":"tertiary","name":"North Morgan Street"},"geometry":{"type":"LineString","coordinates":[[-1070,-1788.1],[-1069.9,-1800.5],[-1068,-1897.6]]}},{"type":"Feature","properties":{"kind":"road","class":"tertiary","name":"West Washington Boulevard"},"geometry":{"type":"LineString","coordinates":[[-1263.4,-1792.7],[-1070,-1788.1]]}},{"type":"Feature","properties":{"kind":"road","class":"tertiary","name":"West Washington Boulevard"},"geometry":{"type":"LineString","coordinates":[[-1070,-1788.1],[-973.7,-1786]]}},{"type":"Feature","properties":{"kind":"road","class":"tertiary","name":"North Morgan Street"},"geometry":{"type":"LineString","coordinates":[[-1073,-1659.7],[-1070,-1788.1]]}},{"type":"Feature","properties":{"kind":"road","class":"tertiary","name":"West Randolph Street"},"geometry":{"type":"LineString","coordinates":[[-1168.9,-1662.6],[-1073,-1659.7]]}},{"type":"Feature","properties":{"kind":"road","class":"tertiary","name":"North Morgan Street"},"geometry":{"type":"LineString","coordinates":[[-1073.3,-1649.8],[-1073,-1659.7]]}},{"type":"Feature","properties":{"kind":"road","class":"secondary","name":"West Randolph Street"},"geometry":{"type":"LineString","coordinates":[[-1073.3,-1649.8],[-1169.2,-1652.3]]}},{"type":"Feature","properties":{"kind":"road","class":"tertiary","name":"North Morgan Street"},"geometry":{"type":"LineString","coordinates":[[-1073.5,-1640.1],[-1073.3,-1649.8]]}},{"type":"Feature","properties":{"kind":"road","class":"secondary","name":"West Randolph Street"},"geometry":{"type":"LineString","coordinates":[[-1457.8,-1659.2],[-1535.2,-1660.9]]}},{"type":"Feature","properties":{"kind":"road","class":"tertiary","name":"North Racine Avenue"},"geometry":{"type":"LineString","coordinates":[[-1457.8,-1659.2],[-1456.9,-1669.2]]}},{"type":"Feature","properties":{"kind":"road","class":"residential","name":"North Ada Street"},"geometry":{"type":"LineString","coordinates":[[-1791.7,-1140.4],[-1796.2,-1127.4],[-1799.2,-1074.5]]}},{"type":"Feature","properties":{"kind":"road","class":"secondary","name":"North Ashland Avenue"},"geometry":{"type":"LineString","coordinates":[[-2308.5,-1218.2],[-2309.2,-1205.5],[-2310.4,-1150.5]]}},{"type":"Feature","properties":{"kind":"road","class":"secondary","name":"North Ogden Avenue"},"geometry":{"type":"LineString","coordinates":[[-1737.7,-1037.5],[-1757.7,-1075.6]]}},{"type":"Feature","properties":{"kind":"road","class":"secondary","name":"North Ogden Avenue"},"geometry":{"type":"LineString","coordinates":[[-1734.8,-1067.6],[-1719.3,-1037.5]]}},{"type":"Feature","properties":{"kind":"road","class":"secondary","name":"North Ogden Avenue"},"geometry":{"type":"LineString","coordinates":[[-1794.3,-1145.4],[-1816.4,-1191.4]]}},{"type":"Feature","properties":{"kind":"road","class":"secondary","name":"North Ogden Avenue"},"geometry":{"type":"LineString","coordinates":[[-1798.5,-1192.1],[-1774.3,-1144.1]]}},{"type":"Feature","properties":{"kind":"road","class":"secondary","name":"West Madison Street"},"geometry":{"type":"LineString","coordinates":[[-2298.6,-1967],[-2330.1,-1967.9]]}},{"type":"Feature","properties":{"kind":"road","class":"secondary","name":"West Madison Street"},"geometry":{"type":"LineString","coordinates":[[-2284.4,-1966.9],[-2298.6,-1967]]}},{"type":"Feature","properties":{"kind":"road","class":"tertiary","name":"West Randolph Street"},"geometry":{"type":"LineString","coordinates":[[-1456.9,-1669.2],[-1362.8,-1666.8]]}},{"type":"Feature","properties":{"kind":"road","class":"residential","name":"North May Street"},"geometry":{"type":"LineString","coordinates":[[-1359.9,-1795.3],[-1356.4,-1946.6]]}},{"type":"Feature","properties":{"kind":"road","class":"secondary","name":"West Randolph Street"},"geometry":{"type":"LineString","coordinates":[[-1363.1,-1657],[-1457.8,-1659.2]]}},{"type":"Feature","properties":{"kind":"road","class":"secondary","name":"North Ogden Avenue"},"geometry":{"type":"LineString","coordinates":[[-2196,-1921.7],[-2189.2,-1912.9]]}},{"type":"Feature","properties":{"kind":"road","class":"tertiary","name":"North Racine Avenue"},"geometry":{"type":"LineString","coordinates":[[-1454,-1786.9],[-1454.9,-1797.4]]}},{"type":"Feature","properties":{"kind":"road","class":"secondary","name":"West Madison Street"},"geometry":{"type":"LineString","coordinates":[[-2177.6,-1964.7],[-1916.2,-1958.9]]}},{"type":"Feature","properties":{"kind":"road","class":"tertiary","name":"West Washington Boulevard"},"geometry":{"type":"LineString","coordinates":[[-1454.9,-1797.4],[-1263.4,-1792.7]]}},{"type":"Feature","properties":{"kind":"road","class":"residential","name":"West Monroe Street"},"geometry":{"type":"LineString","coordinates":[[-1063.4,-2082.2],[-1487.6,-2091.7]]}},{"type":"Feature","properties":{"kind":"road","class":"tertiary","name":"South Racine Avenue"},"geometry":{"type":"LineString","coordinates":[[-1487.6,-2091.7],[-1484.3,-2233.5]]}},{"type":"Feature","properties":{"kind":"road","class":"residential","name":"West Monroe Street"},"geometry":{"type":"LineString","coordinates":[[-725.8,-2074.6],[-1063.4,-2082.2]]}},{"type":"Feature","properties":{"kind":"road","class":"residential","name":"North Elizabeth Street"},"geometry":{"type":"LineString","coordinates":[[-1629.8,-1662.7],[-1624.2,-1952.6]]}},{"type":"Feature","properties":{"kind":"road","class":"secondary","name":"West Lake Street"},"geometry":{"type":"LineString","coordinates":[[-1078.5,-1510.6],[-979.9,-1508.2]]}},{"type":"Feature","properties":{"kind":"road","class":"residential","name":"North Morgan Street"},"geometry":{"type":"LineString","coordinates":[[-1078.9,-1465.6],[-1078.6,-1499.8],[-1078.5,-1510.6]]}},{"type":"Feature","properties":{"kind":"road","class":"tertiary","name":"North Morgan Street"},"geometry":{"type":"LineString","coordinates":[[-1076.6,-1555.5],[-1073.5,-1640.1]]}}]}